"Data Source","World Development Indicators",

"Last Updated Date","2026-07-13",

"Country Name","Country Code","Indicator Name","Indicator Code","1960","1961","1962","1963","1964","1965","1966","1967","1968","1969","1970","1971","1972","1973","1974","1975","1976","1977","1978","1979","1980","1981","1982","1983","1984","1985","1986","1987","1988","1989","1990","1991","1992","1993","1994","1995","1996","1997","1998","1999","2000","2001","2002","2003","2004","2005","2006","2007","2008","2009","2010","2011","2012","2013","2014","2015","2016","2017","2018","2019","2020","2021","2022","2023","2024","2025",
"Aruba","ABW","Immunization, DPT (% of children ages 12-23 months)","SH.IMM.IDPT","","","","","","","","","","","","","","","","","","","","","","","","","","","","","","","","","","","","","","","","","","","","","","","","","","","","","","","","","","","","","","","","","","",
"Africa Eastern and Southern","AFE","Immunization, DPT (% of children ages 12-23 months)","SH.IMM.IDPT","","","","","","","","","","","","","","","","","","","","","7.99101140138966","16.5357637516","16.9625594836053","28.0218376856967","34.4440087143735","38.70199437769","41.5410231752465","48.5063950679439","50.6480362048542","54.5153590522169","59.230359082396","53.4601450917461","52.6869454940363","56.3642525037635","59.0585258639579","59.5661451490592","58.4996251605871","58.0509780442395","55.4439922052286","53.45940194488","55.5252880860677","57.5846803589508","59.3423267585792","61.9089714175388","65.017993001551","68.0835616233532","69.2083937411649","70.8929877098943","72.47780157077","74.3408637986631","74.3848338280294","77.2591285040036","76.5931229554948","76.2480891195654","78.3273847105124","77.6619612527474","78.2381268757419","78.0278877649092","78.7384565075682","79.227393266777","76.9147226329942","74.6274459654541","74.689517636041","73.7687899053616","73.7351193812973","",
"Afghanistan","AFG","Immunization, DPT (% of children ages 12-23 months)","SH.IMM.IDPT","","","","","","","","","","","","","","","","","","","","","4","3","5","5","16","15","11","25","35","33","25","23","21","18","12","20","31","28","27","27","24","33","36","41","50","58","58","63","64","63","66","68","67","64","62","64","66","64","68","65","61","55","58","60","59","",
"Africa Western and Central","AFW","Immunization, DPT (% of children ages 12-23 months)","SH.IMM.IDPT","","","","","","","","","","","","","","","","","","","","","1.42524137266316","3.35563777547199","4.56591458588902","5.30509561439047","10.5640811637865","16.3030076275017","23.9561001803995","29.3544216107947","34.7259967027182","42.9923003833638","51.3684239263764","41.3718255576741","43.5542680204254","37.9417053974357","44.9520816668308","41.7511315494692","37.7002072616752","34.912824557244","35.433493266294","41.4252120345393","43.1471315403507","42.4261096460097","43.3839632224418","47.0737557750422","50.1730330472169","53.8185764041716","57.1660139670458","59.1996259687692","64.353779494089","69.5913838878957","66.9918850904956","64.330589853041","57.8716445944692","58.0754839548792","60.5207677039656","60.2032858252718","66.3164914082952","67.6491114709772","69.8195928168207","72.1425790218181","69.0036261289124","69.9313949630555","69.6922463421525","74.0194665958544","74.2751243306049","",
"Angola","AGO","Immunization, DPT (% of children ages 12-23 months)","SH.IMM.IDPT","","","","","","","","","","","","","","","","","","","","","","","","6","8","8","10","10","12","18","24","26","21","30","27","24","28","41","47","21","31","42","47","46","47","47","44","43","45","47","49","50","52","54","55","57","59","58","67","64","59","55","54","66","64","",
"Albania","ALB","Immunization, DPT (% of children ages 12-23 months)","SH.IMM.IDPT","","","","","","","","","","","","","","","","","","","","","94","94","95","95","95","96","96","96","96","94","94","78","94","96","99","97","98","99","96","97","97","97","98","97","97","98","97","98","99","98","99","99","99","99","99","99","99","99","99","99","98","98","97","97","97","",
"Andorra","AND","Immunization, DPT (% of children ages 12-23 months)","SH.IMM.IDPT","","","","","","","","","","","","","","","","","","","","","","","","","","","","","","","","","","","","","","90","89","90","98","96","97","99","99","98","93","96","99","99","99","99","99","96","97","97","98","99","99","99","99","99","98","98","98","",
"Arab World","ARB","Immunization, DPT (% of children ages 12-23 months)","SH.IMM.IDPT","","","","","","","","","","","","","","","","","","","","","20.754434111827","22.8076333534474","27.561351883407","31.4682649392641","40.710197058568","57.01230499795","62.8367399905985","66.3628288942514","72.0052740035609","79.3432313993053","80.5853768230784","74.1051913239639","74.6177196149053","75.3331812060392","73.1869220821273","75.974768815181","77.8068695458909","76.2390493513497","78.4954630841451","81.2031144765579","82.9694610718705","83.9846342639774","81.8884277855754","82.2980862947832","83.3368179005636","84.2276586520912","83.4958666268376","85.0619550394644","85.9000059837426","86.6595325524544","87.5900190281754","87.3400387543124","84.6687686986794","86.0970245588369","85.622858844852","84.2595347776286","84.911202452905","85.9513291891634","85.4068144462159","85.6972271302658","82.1404199949297","82.0330220171236","84.3118164997968","78.8276132490055","77.0521927030378","",
"United Arab Emirates","ARE","Immunization, DPT (% of children ages 12-23 months)","SH.IMM.IDPT","","","","","","","","","","","","","","","","","","","","","11","45","43","50","59","76","78","80","82","84","85","85","86","90","90","90","90","92","94","94","94","94","94","94","94","94","92","92","92","93","94","95","96","98","99","99","99","97","99","99","90","96","96","96","96","",
"Argentina","ARG","Immunization, DPT (% of children ages 12-23 months)","SH.IMM.IDPT","","","","","","","","","","","","","","","","","","","","","44","49","58","61","62","66","67","75","80","80","87","80","81","81","82","85","83","88","84","86","83","83","93","96","98","98","91","91","93","94","94","91","91","94","94","94","92","88","86","83","74","81","84","66","75","",
"Armenia","ARM","Immunization, DPT (% of children ages 12-23 months)","SH.IMM.IDPT","","","","","","","","","","","","","","","","","","","","","","","","","","","","","","","","","85","85","86","98","86","88","82","91","93","94","94","94","91","90","87","88","89","93","94","95","95","95","93","94","94","94","92","92","91","93","93","94","94","",
"American Samoa","ASM","Immunization, DPT (% of children ages 12-23 months)","SH.IMM.IDPT","","","","","","","","","","","","","","","","","","","","","","","","","","","","","","","","","","","","","","","","","","","","","","","","","","","","","","","","","","","","","","","","","","",
"Antigua and Barbuda","ATG","Immunization, DPT (% of children ages 12-23 months)","SH.IMM.IDPT","","","","","","","","","","","","","","","","","","","","","54","79","79","99","94","99","96","97","98","99","99","94","99","99","99","99","99","99","99","99","95","97","98","99","97","99","99","99","99","99","98","99","98","99","99","99","92","95","95","99","96","92","99","97","99","",
"Australia","AUS","Immunization, DPT (% of children ages 12-23 months)","SH.IMM.IDPT","","","","","","","","","","","","","","","","","","","","","33","40","48","55","62","68","75","81","88","93","95","93","91","90","88","86","86","77","82","88","90","92","92","93","92","92","92","92","92","92","92","92","92","91","92","93","94","95","95","95","95","95","94","94","93","",
"Austria","AUT","Immunization, DPT (% of children ages 12-23 months)","SH.IMM.IDPT","","","","","","","","","","","","","","","","","","","","","90","90","90","90","90","90","90","90","90","90","90","90","90","90","90","90","90","90","82","74","81","84","83","84","83","86","83","85","83","83","86","89","92","95","98","93","87","90","85","88","85","86","84","87","85","",
"Azerbaijan","AZE","Immunization, DPT (% of children ages 12-23 months)","SH.IMM.IDPT","","","","","","","","","","","","","","","","","","","","","","","","","","","","","","","","","58","66","69","74","74","70","73","75","76","77","76","77","77","75","78","79","81","81","81","82","79","78","78","79","78","76","74","74","56","49","51","51","51","",
"Burundi","BDI","Immunization, DPT (% of children ages 12-23 months)","SH.IMM.IDPT","","","","","","","","","","","","","","","","","","","","","","36","33","44","26","36","55","68","51","82","86","83","80","63","48","73","73","74","65","79","80","81","81","82","83","87","92","99","92","94","96","96","96","96","95","94","94","91","90","93","93","94","91","89","89","",
"Belgium","BEL","Immunization, DPT (% of children ages 12-23 months)","SH.IMM.IDPT","","","","","","","","","","","","","","","","","","","","","95","95","95","95","95","95","95","95","80","94","93","92","95","97","96","94","95","87","79","87","95","95","95","95","95","97","98","98","99","98","98","98","99","99","99","99","98","98","98","97","98","98","98","98","97","",
"Benin","BEN","Immunization, DPT (% of children ages 12-23 months)","SH.IMM.IDPT","","","","","","","","","","","","","","","","","","","","","","","","","","17","17","25","30","48","74","69","73","75","81","67","66","66","70","74","78","76","75","73","72","70","74","82","75","79","76","75","80","77","74","74","78","76","74","72","70","70","69","69","63","",
"Burkina Faso","BFA","Immunization, DPT (% of children ages 12-23 months)","SH.IMM.IDPT","","","","","","","","","","","","","","","","","","","","","","","","","","9","19","23","34","44","66","53","39","39","36","34","37","39","15","15","45","62","69","79","79","82","86","89","93","92","91","91","90","88","91","91","91","91","91","91","91","91","91","91","91","",
"Bangladesh","BGD","Immunization, DPT (% of children ages 12-23 months)","SH.IMM.IDPT","","","","","","","","","","","","","","","","","","","","","","1","1","1","1","2","4","9","16","49","69","74","66","74","84","69","77","78","77","80","82","85","83","87","99","93","94","94","96","97","94","96","94","96","97","98","98","98","98","98","97","97","97","97","97","",
"Bulgaria","BGR","Immunization, DPT (% of children ages 12-23 months)","SH.IMM.IDPT","","","","","","","","","","","","","","","","","","","","","98","99","99","99","99","99","99","99","99","99","99","99","98","98","93","96","95","94","95","96","93","94","93","96","95","96","95","95","95","94","94","95","95","95","88","91","92","92","92","93","91","89","91","92","94","",
"Bahrain","BHR","Immunization, DPT (% of children ages 12-23 months)","SH.IMM.IDPT","","","","","","","","","","","","","","","","","","","","","72","75","79","83","86","90","92","95","96","96","94","99","94","94","96","95","96","98","98","97","97","99","98","97","98","98","98","97","97","98","99","99","99","99","99","98","99","97","99","99","98","98","97","99","96","",
"Bahamas, The","BHS","Immunization, DPT (% of children ages 12-23 months)","SH.IMM.IDPT","","","","","","","","","","","","","","","","","","","","","36","55","69","65","69","86","85","85","85","86","86","92","92","91","91","87","85","86","89","82","99","99","94","92","93","93","95","95","93","96","99","98","98","97","96","95","94","94","90","89","83","86","87","87","90","",
"Bosnia and Herzegovina","BIH","Immunization, DPT (% of children ages 12-23 months)","SH.IMM.IDPT","","","","","","","","","","","","","","","","","","","","","","","","","","","","","","","","","58","38","82","55","67","79","89","90","85","91","80","87","84","93","87","95","91","90","89","88","92","89","86","82","78","75","73","80","78","76","75","73","79","",
"Belarus","BLR","Immunization, DPT (% of children ages 12-23 months)","SH.IMM.IDPT","","","","","","","","","","","","","","","","","","","","","","","","","","","","","","","","","90","91","92","96","98","98","99","99","99","99","99","50","99","99","99","95","97","96","98","98","98","98","97","99","98","97","97","98","97","98","98","98","98","",
"Belize","BLZ","Immunization, DPT (% of children ages 12-23 months)","SH.IMM.IDPT","","","","","","","","","","","","","","","","","","","","","47","44","61","59","53","58","82","85","61","79","91","82","74","85","88","83","85","86","87","87","91","96","89","96","97","96","98","96","94","97","96","95","98","95","95","94","95","88","96","98","79","83","84","85","88","",
"Bermuda","BMU","Immunization, DPT (% of children ages 12-23 months)","SH.IMM.IDPT","","","","","","","","","","","","","","","","","","","","","","","","","","","","","","","","","","","","","","","","","","","","","","","","","","","","","","","","","","","","","","","","","","",
"Bolivia","BOL","Immunization, DPT (% of children ages 12-23 months)","SH.IMM.IDPT","","","","","","","","","","","","","","","","","","","","","11","13","12","10","6","33","42","35","28","52","41","43","45","52","58","64","61","58","61","77","75","71","77","88","84","85","83","84","88","93","91","95","93","86","85","89","87","84","83","75","68","70","69","67","59","",
"Brazil","BRA","Immunization, DPT (% of children ages 12-23 months)","SH.IMM.IDPT","","","","","","","","","","","","","","","","","","","","","37","47","56","60","68","66","58","58","58","56","66","78","71","75","74","81","77","79","93","94","98","98","99","99","99","99","99","99","99","99","99","99","95","97","93","96","89","83","87","70","77","68","77","90","91","",
"Barbados","BRB","Immunization, DPT (% of children ages 12-23 months)","SH.IMM.IDPT","","","","","","","","","","","","","","","","","","","","","60","58","62","69","83","83","79","79","76","78","91","82","90","86","90","93","85","96","93","87","93","84","87","89","93","92","84","93","85","93","86","91","87","91","94","97","97","90","95","90","85","82","86","85","94","",
"Brunei Darussalam","BRN","Immunization, DPT (% of children ages 12-23 months)","SH.IMM.IDPT","","","","","","","","","","","","","","","","","","","","","89","94","99","85","96","88","86","85","89","91","93","95","96","99","99","99","99","99","97","92","99","97","94","92","92","94","97","99","98","99","95","97","95","99","99","99","99","99","99","99","99","99","99","99","99","",
"Bhutan","BTN","Immunization, DPT (% of children ages 12-23 months)","SH.IMM.IDPT","","","","","","","","","","","","","","","","","","","","","6","13","15","16","28","41","53","63","70","76","96","91","86","79","86","87","87","87","86","90","92","88","86","95","89","95","95","95","96","93","91","95","97","97","99","99","98","98","97","97","95","98","98","99","98","",
"Botswana","BWA","Immunization, DPT (% of children ages 12-23 months)","SH.IMM.IDPT","","","","","","","","","","","","","","","","","","","","","71","75","82","82","83","84","86","88","88","92","92","93","94","94","94","95","96","96","98","97","97","97","97","96","96","96","96","96","96","96","95","95","95","95","95","95","95","95","95","95","95","95","86","95","95","",
"Central African Republic","CAF","Immunization, DPT (% of children ages 12-23 months)","SH.IMM.IDPT","","","","","","","","","","","","","","","","","","","","","13","11","14","16","17","20","19","22","42","64","82","64","45","47","48","53","48","43","43","33","37","40","44","47","51","54","51","48","45","42","45","47","47","23","45","43","42","42","40","38","37","35","33","40","42","",
"Canada","CAN","Immunization, DPT (% of children ages 12-23 months)","SH.IMM.IDPT","","","","","","","","","","","","","","","","","","","","","","","","","","","","85","86","87","88","88","89","90","93","87","90","86","90","90","89","89","88","91","91","93","95","94","92","91","89","87","91","91","91","91","91","91","91","91","92","92","92","92","92","",
"Central Europe and the Baltics","CEB","Immunization, DPT (% of children ages 12-23 months)","SH.IMM.IDPT","","","","","","","","","","","","","","","","","","","","","68.6576651696462","69.3263867737226","69.0040596135511","70.0850726566642","72.2553843144645","95.221149323786","94.1947947947948","95.492512231009","96.6055234543588","96.6189169193832","96.6149509105487","96.7130250366901","93.2669854904161","88.4353299465732","95.801679698371","96.3050431483783","96.7526226797102","96.8575814191194","97.0619686969949","97.188270712977","97.4836844141781","97.6623836044262","97.808066299647","97.6825400340424","97.7876715313451","97.8019631130573","97.7936888304924","97.6801229442651","97.7226497885656","97.5018994607565","97.232958905708","96.2438795635545","96.6626035599571","96.7209227032039","96.0148560448768","95.1936517441567","95.2002837251558","93.0584754125561","93.5232068000062","94.0960965185008","93.3883547572929","92.394344451302","92.3810047720589","91.1050040886378","90.3040680257238","",
"Switzerland","CHE","Immunization, DPT (% of children ages 12-23 months)","SH.IMM.IDPT","","","","","","","","","","","","","","","","","","","","","","","","","","","90","90","90","90","90","89","89","89","89","89","89","89","88","93","93","93","93","93","93","94","94","94","95","95","95","96","96","96","96","96","96","96","96","96","97","96","96","95","96","",
"Channel Islands","CHI","Immunization, DPT (% of children ages 12-23 months)","SH.IMM.IDPT","","","","","","","","","","","","","","","","","","","","","","","","","","","","","","","","","","","","","","","","","","","","","","","","","","","","","","","","","","","","","","","","","","",
"Chile","CHL","Immunization, DPT (% of children ages 12-23 months)","SH.IMM.IDPT","","","","","","","","","","","","","","","","","","","","","93","99","99","89","99","99","90","93","96","95","95","94","90","90","94","94","91","90","90","95","91","97","97","96","93","91","94","96","95","94","92","94","90","91","95","96","95","93","95","96","93","95","96","96","95","",
"China","CHN","Immunization, DPT (% of children ages 12-23 months)","SH.IMM.IDPT","","","","","","","","","","","","","","","","","","","","","","","","58","73","78","78","75","95","95","97","94","91","88","85","80","83","84","84","85","85","86","86","86","87","87","93","93","97","99","99","99","99","99","99","99","99","99","99","99","99","99","99","96","97","",
"Cote d'Ivoire","CIV","Immunization, DPT (% of children ages 12-23 months)","SH.IMM.IDPT","","","","","","","","","","","","","","","","","","","","","","","","","19","25","30","31","31","42","54","39","49","50","50","52","55","58","58","58","65","66","65","62","68","77","77","76","74","81","78","61","82","75","73","79","87","83","83","79","72","73","73","79","77","",
"Cameroon","CMR","Immunization, DPT (% of children ages 12-23 months)","SH.IMM.IDPT","","","","","","","","","","","","","","","","","","","","","","5","15","25","27","33","39","44","50","56","48","42","37","37","38","46","46","48","56","59","62","63","66","73","73","80","81","82","84","80","84","81","79","76","76","76","78","74","68","67","68","71","71","75","77","",
"Congo, Dem. Rep.","COD","Immunization, DPT (% of children ages 12-23 months)","SH.IMM.IDPT","","","","","","","","","","","","","","","","","","","","","","18","17","16","27","37","32","38","41","38","35","16","23","29","26","23","18","18","18","25","30","30","38","42","54","61","62","65","68","71","60","70","71","71","73","70","70","71","71","73","70","65","65","60","65","",
"Congo, Rep.","COG","Immunization, DPT (% of children ages 12-23 months)","SH.IMM.IDPT","","","","","","","","","","","","","","","","","","","","","42","42","47","50","53","54","71","72","72","79","79","74","67","60","55","50","37","23","26","29","33","31","41","50","67","63","74","73","80","80","76","83","85","85","90","80","71","69","75","79","73","77","78","78","78","",
"Colombia","COL","Immunization, DPT (% of children ages 12-23 months)","SH.IMM.IDPT","","","","","","","","","","","","","","","","","","","","","16","20","26","42","61","61","48","58","74","78","88","84","78","88","85","85","85","84","73","74","79","80","81","92","89","93","93","94","92","92","88","85","92","91","90","91","91","92","92","94","88","87","87","90","89","",
"Comoros","COM","Immunization, DPT (% of children ages 12-23 months)","SH.IMM.IDPT","","","","","","","","","","","","","","","","","","","","","","","","","31","51","71","71","43","82","94","52","38","70","58","75","60","48","75","73","70","70","89","80","76","68","69","75","81","83","74","83","86","83","80","80","75","79","77","78","74","72","78","75","75","",
"Cabo Verde","CPV","Immunization, DPT (% of children ages 12-23 months)","SH.IMM.IDPT","","","","","","","","","","","","","","","","","","","","","","","","23","31","39","54","92","88","99","88","87","88","89","89","88","88","87","88","89","90","90","91","92","93","95","96","98","99","99","99","90","94","93","95","93","96","96","98","96","93","93","93","93","93","",
"Costa Rica","CRI","Immunization, DPT (% of children ages 12-23 months)","SH.IMM.IDPT","","","","","","","","","","","","","","","","","","","","","86","85","81","86","93","90","89","94","87","86","95","90","90","88","88","85","85","94","85","86","88","91","94","88","90","91","89","89","90","86","88","85","91","95","91","92","97","96","94","95","97","93","95","99","99","",
"Caribbean small states","CSS","Immunization, DPT (% of children ages 12-23 months)","SH.IMM.IDPT","","","","","","","","","","","","","","","","","","","","","34.1867035949209","51.8109427889684","59.2693090213243","66.2513785062006","71.0504267294199","77.5130422532159","74.887383619238","77.6300133470451","74.644621955955","79.4107883817427","84.989989029073","83.3106391356209","84.2158535158535","86.8207126293362","87.3092627464067","88.4128314778248","86.5823885944248","88.9629717215971","90.8249709903638","86.9207003613783","87.5884451149352","87.8445579152322","89.3839640255608","89.4121295935767","91.9859997262899","92.8540661540815","91.5791280707409","91.6234908540855","91.2766375454583","93.6375446663527","93.7984281602834","91.197536240027","92.0389895192527","92.3079014032391","91.4560625444208","91.9861022205152","93.2988395552821","87.9900066525902","93.6866196156202","92.3929065082493","85.5766362760359","88.3446468156492","89.4041869181662","88.9161408476715","89.7369852850254","",
"Cuba","CUB","Immunization, DPT (% of children ages 12-23 months)","SH.IMM.IDPT","","","","","","","","","","","","","","","","","","","","","67","68","99","99","86","91","99","87","98","96","92","99","94","99","99","99","90","99","99","95","95","98","99","72","88","89","89","93","95","96","96","97","99","99","99","99","99","99","99","99","99","99","99","99","99","",
"Curacao","CUW","Immunization, DPT (% of children ages 12-23 months)","SH.IMM.IDPT","","","","","","","","","","","","","","","","","","","","","","","","","","","","","","","","","","","","","","","","","","","","","","","","","","","","","","","","","","","","","","","","","","",
"Cayman Islands","CYM","Immunization, DPT (% of children ages 12-23 months)","SH.IMM.IDPT","","","","","","","","","","","","","","","","","","","","","","","","","","","","","","","","","","","","","","","","","","","","","","","","","","","","","","","","","","","","","","","","","","",
"Cyprus","CYP","Immunization, DPT (% of children ages 12-23 months)","SH.IMM.IDPT","","","","","","","","","","","","","","","","","","","","","34","56","26","34","30","61","91","93","90","93","93","94","94","95","95","96","98","98","98","97","97","97","98","98","98","98","97","97","97","99","99","99","99","99","99","97","97","97","99","96","96","96","96","95","94","",
"Czechia","CZE","Immunization, DPT (% of children ages 12-23 months)","SH.IMM.IDPT","","","","","","","","","","","","","","","","","","","","","","","","","","","","","","","","","","99","98","96","97","98","98","98","98","98","98","97","98","97","98","99","99","99","99","99","99","98","97","97","96","96","97","97","97","94","94","90","86","",
"Germany","DEU","Immunization, DPT (% of children ages 12-23 months)","SH.IMM.IDPT","","","","","","","","","","","","","","","","","","","","","","95","97","93","94","80","90","80","80","80","80","80","85","62","73","78","84","87","89","97","90","93","93","97","96","96","96","96","96","96","96","95","95","93","93","93","91","91","91","91","91","92","89","89","89","",
"Djibouti","DJI","Immunization, DPT (% of children ages 12-23 months)","SH.IMM.IDPT","","","","","","","","","","","","","","","","","","","","","","","6","14","21","22","24","25","65","77","85","53","41","41","41","41","41","32","23","23","46","53","62","68","64","71","72","88","89","89","88","87","81","82","78","84","68","76","84","85","70","59","59","72","77","",
"Dominica","DMA","Immunization, DPT (% of children ages 12-23 months)","SH.IMM.IDPT","","","","","","","","","","","","","","","","","","","","","63","97","99","93","84","91","93","95","96","92","92","98","99","99","99","99","99","92","99","99","99","99","98","99","99","98","95","96","96","99","98","98","97","97","97","98","99","91","94","99","96","92","82","56","90","",
"Denmark","DNK","Immunization, DPT (% of children ages 12-23 months)","SH.IMM.IDPT","","","","","","","","","","","","","","","","","","","","","88","88","87","86","86","90","89","88","87","89","90","90","91","88","89","90","77","92","99","99","97","97","98","96","95","93","93","87","88","89","90","91","94","94","94","93","94","98","97","97","97","97","97","97","96","",
"Dominican Republic","DOM","Immunization, DPT (% of children ages 12-23 months)","SH.IMM.IDPT","","","","","","","","","","","","","","","","","","","","","36","27","28","29","34","39","80","80","69","58","69","71","73","75","74","72","72","73","75","83","78","72","82","79","79","87","89","85","82","82","88","84","85","83","91","85","87","84","87","89","82","84","88","90","87","",
"Algeria","DZA","Immunization, DPT (% of children ages 12-23 months)","SH.IMM.IDPT","","","","","","","","","","","","","","","","","","","","","","","","","","69","73","79","85","87","89","89","88","88","87","88","88","89","85","83","86","89","86","87","86","88","95","95","93","95","95","95","95","95","95","95","91","91","91","88","84","81","77","92","92","",
"East Asia & Pacific (excluding high income)","EAP","Immunization, DPT (% of children ages 12-23 months)","SH.IMM.IDPT","","","","","","","","","","","","","","","","","","","","","6.15841154347538","6.76351355291832","6.7724134082901","45.6118641022051","56.6683079465234","63.9287316263322","68.0626446593712","68.3615067858097","84.5971407366337","87.2410019046928","90.2954118155459","88.1121142356265","85.2237023796856","83.0948574207019","81.5522542595588","78.4820504109398","80.9426608208728","82.0087227952549","82.2087305896087","82.4980088107249","82.8277634697242","83.3846930485847","81.575448152071","83.5724012603583","84.6188327127923","84.6651040283965","88.4011144153878","88.5284441823075","91.6685138759954","93.5877875249366","93.8941479257715","93.9471214567507","95.0154678501653","93.37072926265","94.5370773457762","93.7916964973613","94.3376623591441","94.2543797679701","93.3172690229018","93.7331521046135","92.001379920355","85.96134793877","93.0250295042537","88.1850149023004","87.8532917627591","",
"Early-demographic dividend","EAR","Immunization, DPT (% of children ages 12-23 months)","SH.IMM.IDPT","","","","","","","","","","","","","","","","","","","","","12.9331440055889","14.8639270648495","18.074129103851","21.4861401594702","24.6234980570884","29.5849217115329","34.3740920019641","41.1952832930641","48.5800521521253","56.6920312045952","69.4971873553362","63.1642650996477","62.4221647461008","64.6070616802555","69.1973709590051","71.9571919439814","70.114670325914","69.4327183456575","68.9578117909005","68.1804544844569","68.6430321613817","69.0630965639102","68.6849545596311","70.3968137780529","73.0592014380937","73.6708077971263","73.9626252600522","73.5977446860419","76.3503987717639","78.7136060090931","80.8212336270817","82.9385261397504","83.0098083253798","83.3647029302755","84.3449462033104","84.8209574459112","86.2164688723718","86.1598269687644","86.6224198662677","87.1205277429137","82.4919178167795","81.3598006410129","87.3264486234669","86.5548866992372","86.6976460068918","",
"East Asia & Pacific","EAS","Immunization, DPT (% of children ages 12-23 months)","SH.IMM.IDPT","","","","","","","","","","","","","","","","","","","","","9.10242791567039","11.6610790214679","11.7681679544962","47.6892543946079","58.2131452707709","65.009924689528","68.8962584428951","68.8666531621538","84.1948755051176","87.2929563351316","90.0322945013845","88.1017914492437","85.2959701077657","83.322310009265","81.8156804740409","78.8723818865594","81.8649353116809","81.5249381693666","81.7894707356489","82.5558173820705","83.3021859967418","84.2141489360064","82.5561946333984","84.4472807616382","85.3180041721037","85.438899002305","88.9388645220199","88.947972451832","91.9335463802311","93.700351107838","93.985154546967","94.1106030902622","95.1089685412727","93.5144194680575","94.6199516128537","93.9097906063044","94.5283880904995","94.4472749924303","93.5350281988597","93.9284824231192","92.2394336421567","86.6599718713741","93.3015920494219","88.7549456857783","88.4632431859787","",
"Europe & Central Asia (excluding high income)","ECA","Immunization, DPT (% of children ages 12-23 months)","SH.IMM.IDPT","","","","","","","","","","","","","","","","","","","","","","","","","","","","","","","","","80.8328344529408","72.3743201276206","82.8945428289031","81.9097374402724","85.0423032174151","88.1157084826535","89.2358220244388","88.8773757194927","91.0232117483977","92.237301270778","88.1877811724458","82.2952574539586","89.9340621841668","92.9488214392544","92.4285413951747","94.498710801146","94.3374731634903","92.0210197301216","90.1447343048619","90.3764688874447","93.4990045629383","93.8729424386863","86.02377520447","87.3883527938863","86.3630966509985","90.8235417059754","93.4740797411071","94.8223240080683","92.1210832637205","91.9716787119976","93.9424031743861","94.8354100525631","92.8797312672819","",
"Europe & Central Asia","ECS","Immunization, DPT (% of children ages 12-23 months)","SH.IMM.IDPT","","","","","","","","","","","","","","","","","","","","","","","","","","","","","","","","","84.6666022634225","80.7411951410705","87.6866233207028","86.569246739253","89.0272222389799","90.8536148630224","91.6570873740966","92.9186600599212","92.9194733570861","94.0069452279409","92.9132967267842","91.3175616169898","93.9385600181647","95.0111138540068","95.1872628237857","95.8547475270346","95.8195311911644","94.9610807492371","94.3664065844843","94.3686759995896","95.5592924194136","94.7792679031965","92.1588870179281","92.6336023996618","91.9395275152377","93.3486155935325","94.3187607636339","94.816622886986","93.6434422090036","93.5389817521204","93.9853779585019","94.0927308472464","93.2567735331011","",
"Ecuador","ECU","Immunization, DPT (% of children ages 12-23 months)","SH.IMM.IDPT","","","","","","","","","","","","","","","","","","","","","10","26","35","31","48","41","44","51","54","55","68","59","87","85","84","83","82","81","85","79","87","89","88","87","88","92","96","96","96","94","91","88","87","87","83","78","83","85","85","85","70","72","70","70","70","",
"Egypt, Arab Rep.","EGY","Immunization, DPT (% of children ages 12-23 months)","SH.IMM.IDPT","","","","","","","","","","","","","","","","","","","","","57","57","57","57","69","84","80","81","87","90","87","76","79","81","83","88","90","88","92","97","98","99","97","98","97","98","98","98","97","97","97","96","93","97","94","93","95","94","95","95","94","96","97","96","97","",
"Euro area","EMU","Immunization, DPT (% of children ages 12-23 months)","SH.IMM.IDPT","","","","","","","","","","","","","","","","","","","","","36.0603227593346","58.6677336271664","61.1427185267874","61.5698228238042","75.4494389157387","70.0361819394782","75.6172953651211","70.6935333195979","70.544317605591","73.6977189663007","85.9107880553732","89.0915828211263","89.6581221676276","83.4043288175939","88.7746876706527","90.2167740618429","92.071766720519","92.6859863593469","92.8104772622454","95.051149793785","92.6318843664752","94.5138631256148","94.7979550275359","96.4087532378884","95.8929050236337","95.9421285456164","96.7179218555828","96.78729002064","96.7792592205196","96.3679680815634","96.8238100519927","96.6942189702922","96.871178772281","93.9291222566704","94.5957472754143","94.9751006670214","94.1963369438725","94.0343458457728","93.978834886002","94.1089334027599","93.805544987025","93.8622059080133","93.31942328717","93.0869926916448","92.9305796043392","",
"Eritrea","ERI","Immunization, DPT (% of children ages 12-23 months)","SH.IMM.IDPT","","","","","","","","","","","","","","","","","","","","","","","","","","","","","","","","","","32","49","58","66","75","86","93","81","86","90","93","98","96","94","95","95","95","95","94","94","94","94","95","95","95","95","95","95","95","95","95","95","",
"Spain","ESP","Immunization, DPT (% of children ages 12-23 months)","SH.IMM.IDPT","","","","","","","","","","","","","","","","","","","","","","","","","95","79","88","77","93","93","86","86","84","87","88","90","90","94","95","95","95","96","98","98","97","96","98","96","97","96","97","97","96","96","97","97","97","95","96","95","94","93","95","93","94","",
"Estonia","EST","Immunization, DPT (% of children ages 12-23 months)","SH.IMM.IDPT","","","","","","","","","","","","","","","","","","","","","","","","","","","","","","","","","","71","77","82","87","87","88","91","93","94","94","94","94","96","95","95","95","95","94","93","94","94","93","93","93","93","92","91","91","90","87","84","81","",
"Ethiopia","ETH","Immunization, DPT (% of children ages 12-23 months)","SH.IMM.IDPT","","","","","","","","","","","","","","","","","","","","","","3","3","4","4","6","7","16","16","26","49","21","13","28","57","57","55","55","42","28","30","32","35","37","39","43","46","50","54","58","61","65","61","59","61","62","64","65","62","61","62","63","63","70","73","",
"European Union","EUU","Immunization, DPT (% of children ages 12-23 months)","SH.IMM.IDPT","","","","","","","","","","","","","","","","","","","","","44.7245176565061","61.4994247166136","63.2153954444636","63.7851580695526","74.6049516947377","76.6512020893182","80.5265311946455","77.2165658454608","77.2731399094452","79.4575665505036","88.547701825801","90.9372297008609","91.2612918964223","86.3043748880824","90.7685320787249","91.8076707459341","93.0942222490209","93.8131871457577","93.9814679843252","95.7039065792934","93.8732158725656","95.3397681604092","95.6023326914796","96.7691304253216","96.3652573136145","96.3297445820557","96.9702482399044","96.9188394572301","96.9360802009297","96.5881918151072","96.9219982019872","96.6119443679205","96.8854495011811","94.6080396165818","95.1084650618812","95.1641502335832","94.5450578612736","93.9451526002145","94.0080930200533","94.2318224702325","93.8353544797424","93.7872079162347","93.2195922182026","92.7305370465644","92.4506399904534","",
"Finland","FIN","Immunization, DPT (% of children ages 12-23 months)","SH.IMM.IDPT","","","","","","","","","","","","","","","","","","","","","92","92","94","94","95","96","97","98","99","90","90","95","99","99","99","99","99","99","99","99","99","98","98","98","98","97","97","99","99","99","99","99","99","98","98","97","92","89","91","91","89","89","91","91","91","",
"Fiji","FJI","Immunization, DPT (% of children ages 12-23 months)","SH.IMM.IDPT","","","","","","","","","","","","","","","","","","","","","68","70","64","80","77","69","71","90","98","98","97","99","97","96","96","97","97","86","87","89","90","91","93","94","95","96","98","99","99","99","99","99","99","99","99","99","95","91","94","97","97","98","96","97","94","",
"France","FRA","Immunization, DPT (% of children ages 12-23 months)","SH.IMM.IDPT","","","","","","","","","","","","","","","","","","","","","79","79","85","90","94","95","96","88","79","95","94","94","94","94","96","96","97","97","96","97","97","97","97","97","98","98","99","99","99","98","99","99","99","88","92","96","95","95","95","95","96","96","96","96","96","",
"Faroe Islands","FRO","Immunization, DPT (% of children ages 12-23 months)","SH.IMM.IDPT","","","","","","","","","","","","","","","","","","","","","","","","","","","","","","","","","","","","","","","","","","","","","","","","","","","","","","","","","","","","","","","","","","",
"Micronesia, Fed. Sts.","FSM","Immunization, DPT (% of children ages 12-23 months)","SH.IMM.IDPT","","","","","","","","","","","","","","","","","","","","","","","","","","","","57","85","95","85","79","91","78","81","83","79","75","80","76","85","75","84","92","78","94","67","79","85","91","85","84","81","81","77","72","69","73","75","78","83","72","69","79","76","",
"Gabon","GAB","Immunization, DPT (% of children ages 12-23 months)","SH.IMM.IDPT","","","","","","","","","","","","","","","","","","","","","","","","14","31","48","59","65","72","78","78","72","66","67","69","70","62","54","50","45","45","45","45","45","45","45","45","81","82","76","67","75","82","79","70","80","75","75","70","70","63","75","60","70","61","",
"United Kingdom","GBR","Immunization, DPT (% of children ages 12-23 months)","SH.IMM.IDPT","","","","","","","","","","","","","","","","","","","","","41","46","53","59","65","65","67","73","75","78","84","88","92","93","93","94","94","92","91","92","91","91","91","91","92","91","92","92","92","93","94","95","95","95","95","95","94","94","94","93","93","93","92","92","92","",
"Georgia","GEO","Immunization, DPT (% of children ages 12-23 months)","SH.IMM.IDPT","","","","","","","","","","","","","","","","","","","","","","","","","","","","","","","","","58","54","58","79","80","80","80","84","80","87","84","75","78","82","88","98","92","88","92","94","92","93","91","94","92","91","93","94","88","85","85","88","86","",
"Ghana","GHA","Immunization, DPT (% of children ages 12-23 months)","SH.IMM.IDPT","","","","","","","","","","","","","","","","","","","","","7","22","23","23","19","22","35","42","47","51","58","60","62","66","70","70","71","71","76","79","88","79","78","80","80","84","84","94","93","94","94","91","92","90","98","89","93","99","97","97","94","98","99","95","95","",
"Gibraltar","GIB","Immunization, DPT (% of children ages 12-23 months)","SH.IMM.IDPT","","","","","","","","","","","","","","","","","","","","","","","","","","","","","","","","","","","","","","","","","","","","","","","","","","","","","","","","","","","","","","","","","","",
"Guinea","GIN","Immunization, DPT (% of children ages 12-23 months)","SH.IMM.IDPT","","","","","","","","","","","","","","","","","","","","","","","15","15","15","15","15","15","16","17","17","36","52","53","53","54","48","47","56","43","46","50","53","57","60","59","57","63","60","57","64","63","59","56","52","48","47","49","51","53","54","56","58","60","63","",
"Gambia, The","GMB","Immunization, DPT (% of children ages 12-23 months)","SH.IMM.IDPT","","","","","","","","","","","","","","","","","","","","","63","76","80","62","70","78","73","85","82","87","92","85","85","90","93","96","96","96","97","75","80","87","87","87","87","95","95","95","96","98","97","96","98","97","96","97","95","92","93","88","85","82","79","84","80","",
"Guinea-Bissau","GNB","Immunization, DPT (% of children ages 12-23 months)","SH.IMM.IDPT","","","","","","","","","","","","","","","","","","","","","","","","9","18","18","47","55","66","54","61","63","67","63","74","45","53","63","54","45","49","53","57","60","64","68","71","74","77","80","83","86","87","87","86","86","85","79","82","78","74","67","74","74","68","",
"Equatorial Guinea","GNQ","Immunization, DPT (% of children ages 12-23 months)","SH.IMM.IDPT","","","","","","","","","","","","","","","","","","","","","","","","","","3","3","10","19","48","77","77","76","76","77","79","80","81","81","33","35","37","39","41","43","44","46","48","50","52","54","54","54","53","53","40","53","56","59","62","64","67","70","74","68","",
"Greece","GRC","Immunization, DPT (% of children ages 12-23 months)","SH.IMM.IDPT","","","","","","","","","","","","","","","","","","","","","72","95","83","72","60","54","80","82","83","54","54","85","89","89","90","90","90","90","89","88","89","91","92","94","95","96","98","99","99","99","99","99","99","99","99","99","99","99","99","99","99","99","98","95","95","",
"Grenada","GRD","Immunization, DPT (% of children ages 12-23 months)","SH.IMM.IDPT","","","","","","","","","","","","","","","","","","","","","25","43","56","68","76","61","98","80","65","87","80","85","90","89","91","95","80","95","97","88","97","96","98","97","83","99","91","96","99","99","97","95","97","97","97","92","96","96","95","94","72","77","77","86","93","",
"Greenland","GRL","Immunization, DPT (% of children ages 12-23 months)","SH.IMM.IDPT","","","","","","","","","","","","","","","","","","","","","","","","","","","","","","","","","","","","","","","","","","","","","","","","","","","","","","","","","","","","","","","","","","",
"Guatemala","GTM","Immunization, DPT (% of children ages 12-23 months)","SH.IMM.IDPT","","","","","","","","","","","","","","","","","","","","","43","42","45","44","48","21","37","16","47","50","66","63","66","75","71","77","66","73","78","77","81","77","82","84","87","87","89","85","95","92","94","88","96","96","74","70","83","91","85","88","90","80","81","88","81","",
"Guam","GUM","Immunization, DPT (% of children ages 12-23 months)","SH.IMM.IDPT","","","","","","","","","","","","","","","","","","","","","","","","","","","","","","","","","","","","","","","","","","","","","","","","","","","","","","","","","","","","","","","","","","",
"Guyana","GUY","Immunization, DPT (% of children ages 12-23 months)","SH.IMM.IDPT","","","","","","","","","","","","","","","","","","","","","35","45","53","58","70","75","64","67","64","77","83","81","79","93","90","86","83","88","90","83","88","85","91","90","91","93","93","94","93","98","95","93","97","98","98","95","97","97","95","99","99","98","98","98","98","",
"High income","HIC","Immunization, DPT (% of children ages 12-23 months)","SH.IMM.IDPT","","","","","","","","","","","","","","","","","","","","","56.7054012165991","69.6484642082764","71.6722570865488","73.4052730175074","79.0135669492574","79.9742401329692","82.6469817757509","83.7552734688345","84.2604128694372","86.5102464120374","88.5232564744572","88.7199165287457","86.10045710497","86.9439311509087","90.9390060878118","90.3166947205619","92.7946598315793","90.4913727983775","91.0702120992331","93.1825314367446","93.0949769894643","94.6328099070561","94.8244970970565","95.7697488648533","95.6234404012327","95.8633280285798","96.2385760057348","95.9857564734269","96.0953364240199","95.678137262335","95.6874172845449","96.0134926221044","95.6143426403918","94.9066420577215","95.3600903458275","95.3913952455847","95.4538977237471","94.9503756447476","94.8792187703961","94.9027180704212","94.1549365293068","94.7997551096947","94.5767517306272","94.2672676877344","94.1956709445748","",
"Hong Kong SAR, China","HKG","Immunization, DPT (% of children ages 12-23 months)","SH.IMM.IDPT","","","","","","","","","","","","","","","","","","","","","","","","","","","","","","","","","","","","","","","","","","","","","","","","","","","","","","","","","","","","","","","","","","",
"Honduras","HND","Immunization, DPT (% of children ages 12-23 months)","SH.IMM.IDPT","","","","","","","","","","","","","","","","","","","","","28","34","46","52","41","58","62","58","74","85","84","94","93","94","94","94","94","95","97","95","94","96","95","92","94","98","95","94","93","97","97","97","98","99","99","98","95","90","91","88","80","77","78","73","75","",
"Heavily indebted poor countries (HIPC)","HPC","Immunization, DPT (% of children ages 12-23 months)","SH.IMM.IDPT","","","","","","","","","","","","","","","","","","","","","7.6159582039472","14.9362249859635","16.05766740069","18.4826471633076","20.5144496599278","25.298095115435","30.5577317832838","37.279296331417","40.8526626885203","46.2505932017144","51.6485751233475","44.8980880230374","44.8281138027511","47.7873266992888","50.3339530574817","52.0776174693508","51.7921899091093","51.0015353535735","48.9381070847372","49.3759393642795","52.1732059017828","54.3934425593306","56.8242271929153","61.0613147269008","64.4033174668558","68.0192274824691","69.380262046002","71.4303855414188","72.4465739407603","74.3550623497431","74.6266088503213","76.1384735593988","76.496498216789","75.3521480639411","76.8754993747485","76.7655906842025","77.7172165459386","77.9570623725399","77.4325687913989","77.457904559638","74.8462988799598","73.2719607878116","73.9594241349867","73.5027934794117","73.9455490995149","",
"Croatia","HRV","Immunization, DPT (% of children ages 12-23 months)","SH.IMM.IDPT","","","","","","","","","","","","","","","","","","","","","","","","","","","","","","","","","83","85","87","90","91","92","93","93","93","94","95","94","96","96","96","96","96","96","97","96","96","96","95","94","93","92","93","94","94","92","92","93","92","",
"Haiti","HTI","Immunization, DPT (% of children ages 12-23 months)","SH.IMM.IDPT","","","","","","","","","","","","","","","","","","","","","3","14","13","9","14","19","24","28","48","50","41","36","38","39","41","42","42","42","42","41","44","47","51","54","57","60","61","63","64","65","67","68","66","65","63","64","59","60","57","54","58","48","48","54","60","",
"Hungary","HUN","Immunization, DPT (% of children ages 12-23 months)","SH.IMM.IDPT","","","","","","","","","","","","","","","","","","","","","99","99","99","99","99","99","99","99","99","99","99","99","99","99","99","99","99","99","99","99","99","99","99","99","99","99","99","99","99","99","99","99","99","99","99","99","99","99","99","99","99","99","99","99","99","",
"IBRD only","IBD","Immunization, DPT (% of children ages 12-23 months)","SH.IMM.IDPT","","","","","","","","","","","","","","","","","","","","","13.8134621298767","15.1178028825565","17.8800869570914","37.3101156953362","44.3195727633927","49.8324966230102","52.3075678635746","56.990059354012","68.7818810781189","72.7183808617194","80.6290104573581","76.8197360457451","75.2055286858309","75.781481352982","77.4356653595008","77.5998692657984","76.9948436477239","76.4437870736204","76.5694406085329","76.354161537803","76.4367926917688","77.0116254287121","76.1516198403641","77.3940325831013","78.9054586341905","79.9223968778848","81.2639798909729","81.0200215107107","84.3518526345367","86.6358885340687","88.2001757112658","89.2552965398248","89.6428741081313","89.3607519587587","89.7627115100419","90.2092218688945","90.7512465426931","90.7658128165646","91.1723524103157","90.8134160781229","87.170453849515","85.453689608485","90.8494320261727","89.4514361434709","90.1179176944277","",
"IDA & IBRD total","IBT","Immunization, DPT (% of children ages 12-23 months)","SH.IMM.IDPT","","","","","","","","","","","","","","","","","","","","","11.6298230826639","13.6995906615881","16.0741236889786","31.2543605411593","37.7407444141191","42.9781677605294","46.2572404601329","51.0372178284146","61.0320122957515","66.4057426381781","74.6992891453158","70.0820672358876","68.6528698311928","68.4228127184141","70.7554369686272","71.2104044470234","70.1449738244998","69.5745445488825","69.3938805959717","69.6512580829762","70.2168735486325","70.8077507458203","70.4814982233995","72.2237470765674","74.4668188545253","75.3874209814795","76.6276602958241","76.6343703367043","79.5032871736672","81.8209924766477","82.4259108648988","83.6082684260028","82.8559889057705","82.565777275345","83.6283851395397","83.7984672744651","84.9826503112643","85.0178046441093","85.755564536975","85.9771323279521","82.5236110392738","80.8444297084986","84.1497970098959","83.533197776725","83.8650417912237","",
"IDA total","IDA","Immunization, DPT (% of children ages 12-23 months)","SH.IMM.IDPT","","","","","","","","","","","","","","","","","","","","","5.3050374044572","9.60037357510499","10.8791278409799","13.7761202796962","19.065755629622","23.9138837860719","29.3973196444924","34.3852942932974","39.286472897336","48.9654407034918","58.6164446249042","51.951791779941","51.529384358278","50.4136146932599","55.0379332393586","56.6259747772069","54.9516850408429","54.7668591867392","54.3383387670215","55.9350702307006","57.8062105181005","58.6324033412912","59.5521085835968","62.4877998716239","66.259940809022","67.1187452423488","68.2899087265493","68.8775079764365","71.0415930994786","73.4953268143145","72.5201420613808","74.1108827849155","71.5762738921017","71.2530242477936","73.4912890670343","73.4185508229485","75.8301370272477","76.036290537327","77.435297490184","78.8756282573075","76.0357070475078","74.7590072154594","75.8148237025588","76.4754293693252","76.6317197258597","",
"IDA blend","IDB","Immunization, DPT (% of children ages 12-23 months)","SH.IMM.IDPT","","","","","","","","","","","","","","","","","","","","","1.84998458625999","3.96829119062364","5.533355512457","10.2938006772135","23.0895688675747","30.2311943689305","35.4019129009777","39.8630598264735","43.8877286495599","49.562693487077","58.9191848599249","50.3742819610843","50.9479729793419","41.8155868337402","49.0621613635285","54.5914997358426","46.9237570845664","46.6473686538875","48.0673479569947","52.6904189075865","53.0028253387527","52.6130481215886","52.8624076638018","54.4813064381855","56.8439601048838","57.2129182199377","57.6413558462573","56.7080671807847","61.1493485347316","64.7414953311768","62.6269029758706","65.1763857196912","59.9262335494928","60.2893462540176","63.3120820755547","63.7688533279138","69.3972881674472","69.043641465575","73.6020124415662","76.8177235842113","73.5042109658921","74.7475247860945","74.9104698267795","78.600285882408","78.4500322449649","",
"Indonesia","IDN","Immunization, DPT (% of children ages 12-23 months)","SH.IMM.IDPT","","","","","","","","","","","","","","","","","","","","","","1","1","6","13","27","47","50","54","57","60","62","64","66","68","69","72","73","74","75","75","76","70","71","71","72","72","73","77","78","81","81","87","92","88","84","84","85","85","85","77","67","91","83","78","",
"IDA only","IDX","Immunization, DPT (% of children ages 12-23 months)","SH.IMM.IDPT","","","","","","","","","","","","","","","","","","","","","6.96489814421096","12.329373617565","13.507966176312","15.5127173792713","17.0386877438905","20.7111856116341","26.3443082160425","31.5877053776023","36.9228786347272","48.6566250993128","58.4586644931892","52.7792870771806","51.8489969330234","55.1262770945438","58.2967506681048","57.7302891576803","59.2915199278938","59.1494805263613","57.7231994290426","57.6858323275698","60.410502690206","61.9182497600946","63.2202702696831","66.8789064670831","71.4385037348442","72.5698164049134","74.1561939514114","75.647786033854","76.6173176559892","78.5028620392012","78.258483852642","79.275418792296","78.3341916814415","77.5826515241996","79.3246909903397","78.9297827541241","79.4788798283211","79.9436837789682","79.5438806836915","79.9909259530269","77.3870213746739","74.7650629067798","76.2897408902925","75.3616682341196","75.6806560840065","",
"Isle of Man","IMN","Immunization, DPT (% of children ages 12-23 months)","SH.IMM.IDPT","","","","","","","","","","","","","","","","","","","","","","","","","","","","","","","","","","","","","","","","","","","","","","","","","","","","","","","","","","","","","","","","","","",
"India","IND","Immunization, DPT (% of children ages 12-23 months)","SH.IMM.IDPT","","","","","","","","","","","","","","","","","","","","","6","6","12","14","16","18","20","30","40","50","70","57","56","61","67","71","66","62","61","59","58","59","59","61","63","65","65","64","70","74","79","82","82","83","85","87","88","89","90","91","85","85","93","91","94","",
"Not classified","INX","Immunization, DPT (% of children ages 12-23 months)","SH.IMM.IDPT","","","","","","","","","","","","","","","","","","","","","","","","","","","","","","","","","","","","","","","","","","","","","","","","","","","","","","","","","","","","","","","","","","",
"Ireland","IRL","Immunization, DPT (% of children ages 12-23 months)","SH.IMM.IDPT","","","","","","","","","","","","","","","","","","","","","34","36","43","42","45","45","44","44","43","65","65","67","68","70","71","73","74","76","84","86","86","84","83","86","89","90","91","92","93","94","94","95","95","96","96","95","95","95","94","94","94","94","93","93","92","",
"Iran, Islamic Rep.","IRN","Immunization, DPT (% of children ages 12-23 months)","SH.IMM.IDPT","","","","","","","","","","","","","","","","","","","","","32","29","41","33","33","51","57","57","88","82","91","88","97","99","95","98","99","99","99","99","99","96","99","99","99","95","98","99","99","99","99","99","99","98","99","98","99","99","99","99","99","98","99","99","98","",
"Iraq","IRQ","Immunization, DPT (% of children ages 12-23 months)","SH.IMM.IDPT","","","","","","","","","","","","","","","","","","","","","14","13","18","16","67","86","91","94","87","87","83","78","74","70","72","74","76","78","76","81","80","78","77","75","74","65","59","57","69","78","74","81","72","73","73","68","71","81","86","84","74","78","93","91","90","",
"Iceland","ISL","Immunization, DPT (% of children ages 12-23 months)","SH.IMM.IDPT","","","","","","","","","","","","","","","","","","","","","99","99","98","94","99","99","99","99","99","99","99","99","99","99","99","99","99","99","99","98","98","92","95","97","99","95","97","97","98","96","96","95","89","91","90","92","91","89","91","93","93","92","92","92","94","",
"Israel","ISR","Immunization, DPT (% of children ages 12-23 months)","SH.IMM.IDPT","","","","","","","","","","","","","","","","","","","","","84","91","92","89","87","85","92","92","92","92","93","94","95","96","95","96","94","95","92","91","93","92","90","93","95","93","95","95","94","96","95","94","94","96","95","95","94","98","98","98","98","98","98","98","98","",
"Italy","ITA","Immunization, DPT (% of children ages 12-23 months)","SH.IMM.IDPT","","","","","","","","","","","","","","","","","","","","","","","","","","","","","","","83","95","95","95","95","95","96","95","95","95","87","93","93","96","94","95","96","97","96","96","96","96","97","96","95","93","94","95","95","96","94","94","95","95","94","",
"Jamaica","JAM","Immunization, DPT (% of children ages 12-23 months)","SH.IMM.IDPT","","","","","","","","","","","","","","","","","","","","","24","39","34","51","58","60","74","81","82","85","86","85","84","91","93","90","92","90","86","89","93","98","97","94","96","99","94","91","90","90","94","92","96","93","92","91","99","93","97","96","96","90","98","99","99","",
"Jordan","JOR","Immunization, DPT (% of children ages 12-23 months)","SH.IMM.IDPT","","","","","","","","","","","","","","","","","","","","","30","81","75","76","81","85","88","90","93","94","92","92","92","91","94","95","96","99","99","85","91","99","95","97","95","95","98","98","97","98","98","98","98","98","98","99","98","99","96","89","77","85","92","96","96","",
"Japan","JPN","Immunization, DPT (% of children ages 12-23 months)","SH.IMM.IDPT","","","","","","","","","","","","","","","","","","","","","60","75","81","80","82","83","84","85","86","87","90","92","87","85","80","74","99","70","75","80","85","95","96","97","99","98","98","98","98","97","97","97","97","96","96","96","99","99","98","98","96","99","99","98","99","",
"Kazakhstan","KAZ","Immunization, DPT (% of children ages 12-23 months)","SH.IMM.IDPT","","","","","","","","","","","","","","","","","","","","","","","","","","","","","","","","","81","76","76","93","95","97","99","98","97","95","95","99","82","98","99","93","99","98","99","99","99","98","95","98","83","99","98","97","88","95","99","99","98","",
"Kenya","KEN","Immunization, DPT (% of children ages 12-23 months)","SH.IMM.IDPT","","","","","","","","","","","","","","","","","","","","","","","","","58","70","72","77","82","83","84","86","87","89","92","94","87","79","81","82","82","80","84","73","73","76","80","81","88","88","90","96","94","87","92","89","88","81","91","93","93","95","94","93","91","",
"Kyrgyz Republic","KGZ","Immunization, DPT (% of children ages 12-23 months)","SH.IMM.IDPT","","","","","","","","","","","","","","","","","","","","","","","","","","","","","","","","","84","64","82","93","98","98","97","99","99","99","98","98","99","98","92","94","95","95","96","96","96","97","96","97","96","92","94","95","87","89","90","86","85","",
"Cambodia","KHM","Immunization, DPT (% of children ages 12-23 months)","SH.IMM.IDPT","","","","","","","","","","","","","","","","","","","","","","","","","17","23","37","37","45","47","38","38","32","35","37","39","43","46","47","53","59","60","54","69","85","82","80","82","91","94","90","91","90","86","90","91","91","90","89","88","86","86","84","84","83","",
"Kiribati","KIR","Immunization, DPT (% of children ages 12-23 months)","SH.IMM.IDPT","","","","","","","","","","","","","","","","","","","","","43","29","53","40","18","37","37","36","63","79","97","70","86","99","71","60","79","91","88","78","90","85","77","70","62","79","86","94","82","86","91","99","94","95","75","78","81","90","95","97","92","90","91","90","94","",
"St. Kitts and Nevis","KNA","Immunization, DPT (% of children ages 12-23 months)","SH.IMM.IDPT","","","","","","","","","","","","","","","","","","","","","56","67","92","90","97","92","99","96","94","99","99","99","99","99","99","99","99","99","98","99","99","99","97","99","96","99","99","99","99","98","96","98","98","97","98","94","98","98","98","97","99","96","96","96","97","",
"Korea, Rep.","KOR","Immunization, DPT (% of children ages 12-23 months)","SH.IMM.IDPT","","","","","","","","","","","","","","","","","","","","","","61","61","69","76","76","76","57","58","89","74","79","84","88","93","99","90","80","74","86","97","97","97","97","88","96","98","91","94","94","94","99","99","99","99","98","98","97","98","98","98","98","98","98","97","",
"Kuwait","KWT","Immunization, DPT (% of children ages 12-23 months)","SH.IMM.IDPT","","","","","","","","","","","","","","","","","","","","","67","79","83","89","89","90","91","92","94","94","71","80","88","97","99","99","99","96","95","94","98","99","99","99","98","99","99","99","99","99","98","99","98","99","95","99","99","99","91","92","93","94","96","99","99","",
"Latin America & Caribbean (excluding high income)","LAC","Immunization, DPT (% of children ages 12-23 months)","SH.IMM.IDPT","","","","","","","","","","","","","","","","","","","","","35.3711056859332","40.2021620597305","44.9139617436796","47.972398855244","54.6070479220154","53.9624316407571","54.8428693466574","57.4329641959757","60.9936121710922","62.6339890423523","66.7587900241947","77.0419250469565","76.7055154948703","78.1046432546809","79.5731131512003","82.7808333112148","81.2946863317241","82.4086787933606","85.4657516676891","88.4558725906019","90.5998941387547","89.6953087596567","91.0804122595329","92.4748912090103","93.1958319490314","93.6334841453586","93.4820965038477","92.8610487803254","92.0785655198694","93.8341102079441","93.334966442293","92.9430464288596","93.4451823501018","89.9467278250689","88.5257300548866","89.7730990041456","89.308587040828","84.4832143675031","85.5701613981568","79.1926417152173","75.5335317393252","74.5986500526556","78.1183817317219","82.53373014783","81.42040275281","",
"Lao PDR","LAO","Immunization, DPT (% of children ages 12-23 months)","SH.IMM.IDPT","","","","","","","","","","","","","","","","","","","","","","7","7","7","5","4","5","10","17","21","18","22","23","25","48","54","58","60","54","55","51","52","53","49","45","49","57","50","61","67","74","76","77","83","83","82","82","78","75","66","61","65","70","74","67","",
"Lebanon","LBN","Immunization, DPT (% of children ages 12-23 months)","SH.IMM.IDPT","","","","","","","","","","","","","","","","","","","","","","2","4","4","4","17","30","46","63","79","82","86","90","91","92","93","93","92","89","86","83","80","77","74","75","77","78","80","81","81","82","82","83","83","83","83","83","83","83","83","71","67","67","53","49","",
"Liberia","LBR","Immunization, DPT (% of children ages 12-23 months)","SH.IMM.IDPT","","","","","","","","","","","","","","","","","","","","","","","","","","","","","","","","","","","","","","","","52","48","44","39","35","31","60","60","65","75","81","70","77","80","80","63","65","73","80","81","71","66","67","79","83","83","",
"Libya","LBY","Immunization, DPT (% of children ages 12-23 months)","SH.IMM.IDPT","","","","","","","","","","","","","","","","","","","","","60","67","72","79","81","81","82","82","84","87","84","87","90","96","95","95","96","96","95","94","94","94","93","95","97","98","98","98","98","98","98","98","98","96","94","97","97","97","73","73","73","73","73","73","86","",
"St. Lucia","LCA","Immunization, DPT (% of children ages 12-23 months)","SH.IMM.IDPT","","","","","","","","","","","","","","","","","","","","","56","64","79","81","83","87","78","85","78","92","89","96","96","97","93","98","88","98","88","89","70","99","74","90","91","95","85","99","96","95","97","99","98","99","99","99","95","80","95","92","86","80","81","74","99","",
"Latin America & Caribbean","LCN","Immunization, DPT (% of children ages 12-23 months)","SH.IMM.IDPT","","","","","","","","","","","","","","","","","","","","","37.2467529336295","42.3040717452255","46.7198752892055","49.4839568180656","56.0873186136919","55.5934643883776","56.2006270445311","58.9012407192084","62.3268930266508","63.8753895655982","68.0339344173546","77.7255018332013","77.2698363063155","78.6234962363449","80.1171252612892","83.1619354411617","81.6892697282804","82.8266977212274","85.6976034881995","88.6252571708904","90.6337856112265","89.9450327172148","91.3110156409676","92.5441733286234","93.1840011076733","93.5603697220571","93.4284752231026","92.8501747638492","92.0925513779","93.7285386504492","93.2767526468568","92.8779936643834","93.2987340155254","89.9765266944441","88.6860103861376","89.8564766562493","89.5252287131676","84.8083857807955","85.9316574545234","79.8749341998877","76.2018059434749","75.3882793779782","78.7315687149569","82.9071485853975","81.8286314613375","",
"Least developed countries: UN classification","LDC","Immunization, DPT (% of children ages 12-23 months)","SH.IMM.IDPT","","","","","","","","","","","","","","","","","","","","","5.29078651574171","10.4965953270299","11.2598473445189","13.249449766109","15.0023968806652","18.5026235200879","22.6679831571711","29.1014109414374","34.0529121008456","45.43188460643","55.8871473941597","49.7521279020326","48.0814439633842","51.9454451777362","54.9671545829638","54.1840937594381","56.0462465933022","56.1601428228503","54.7766352199099","53.8861285691199","56.8311823273297","59.0304738480603","60.5394209591413","64.3789056894698","69.3259632096571","70.3389263263153","72.0178621520319","73.2188027370824","74.3358777251656","76.254178144915","76.0057127103439","77.3723907042636","76.7247449349828","76.0709030763645","77.6103203520125","77.5127031588418","78.0102795941363","78.2488822868269","78.2469523769697","78.5385202231842","75.959900566772","73.0624892316797","74.5782968834889","74.1560005043847","74.3828989885443","",
"Low income","LIC","Immunization, DPT (% of children ages 12-23 months)","SH.IMM.IDPT","","","","","","","","","","","","","","","","","","","","","5.18097609703304","13.5090120379159","14.3920589571994","15.9044858744855","17.8949873221488","20.6708763427726","26.1427010999964","32.1965717213559","37.0570266580021","45.3661592282629","52.5638576629085","42.257759116097","40.7368992730278","44.2944669341564","45.2905389925925","47.2326307894978","47.0327114799913","45.9741494795561","44.1911014987372","44.5572281472354","47.1795002781623","49.5349273768532","51.5589411500055","55.481582443957","59.6560910586664","64.2191180688088","65.850219392871","68.3459506133319","69.3854686493478","71.4575699681671","71.3985087292544","73.3176822285558","72.3152576784192","71.4594141127795","72.5797874098314","72.385199763862","73.3772794765064","74.1746613279655","73.9278289641482","74.6211306662464","72.0092554133067","70.0052603416197","70.5515747051058","69.562472042443","70.1818812178427","",
"Liechtenstein","LIE","Immunization, DPT (% of children ages 12-23 months)","SH.IMM.IDPT","","","","","","","","","","","","","","","","","","","","","","","","","","","","","","","","","","","","","","","","","","","","","","","","","","","","","","","","","","","","","","","","","","",
"Sri Lanka","LKA","Immunization, DPT (% of children ages 12-23 months)","SH.IMM.IDPT","","","","","","","","","","","","","","","","","","","","","46","45","57","64","66","70","75","77","83","87","86","86","88","90","88","93","92","97","94","99","99","98","98","99","97","99","98","98","98","97","99","99","99","99","99","99","99","99","99","99","96","96","98","99","97","",
"Lower middle income","LMC","Immunization, DPT (% of children ages 12-23 months)","SH.IMM.IDPT","","","","","","","","","","","","","","","","","","","","","7.97354511594902","8.8142094455614","12.9355199641338","15.8976798762832","20.0875701095273","24.366201927026","27.8289444757767","35.3930342076733","42.747283392245","52.4315152481866","67.1725590183179","58.2152380508432","57.7973329134072","59.0356877079273","64.7673181221673","67.4539411878341","63.8177700178836","61.9189113870136","61.6505733053823","62.0227894646239","62.4089875133669","62.9897925065457","63.0386373812505","65.1366319293275","67.9530001359133","68.4003450094593","68.6835170448424","67.8823866333223","71.9211229443131","75.4077134150498","76.8442566274699","78.8123188042204","77.0331203337894","77.6366775766021","79.7484874184538","80.6276749699192","82.731554277536","82.8137733617785","84.6150766023484","85.9205580154497","81.7199071477014","81.3293702513719","85.0694504429653","85.4721191377698","86.5496939390074","",
"Low & middle income","LMY","Immunization, DPT (% of children ages 12-23 months)","SH.IMM.IDPT","","","","","","","","","","","","","","","","","","","","","10.845011038302","12.8995568862685","15.3821786850005","30.7750248305979","37.326576489273","42.2936738919205","45.6939537425516","50.5804969382343","60.7036856419209","66.1799606235838","74.5264767963352","69.8977758586016","68.3775724789607","68.1072218812902","70.3155218115738","70.8707250604937","69.6545213056155","68.995054792981","68.820848526185","69.0512491861981","69.6554354526084","70.279722809895","69.942626001252","71.7091372987004","74.0004227552993","74.9442546332091","76.2366172673226","76.2615949523711","79.1706571183184","81.5274316920785","82.153537685008","83.3770888135293","82.6165971461006","82.3034431584012","83.3825240256993","83.5719809913116","84.7690629028717","84.8373383299942","85.5898405411118","85.8191348003386","82.3316944038802","80.6303158969185","83.997822619971","83.3764491759779","83.7254042028134","",
"Lesotho","LSO","Immunization, DPT (% of children ages 12-23 months)","SH.IMM.IDPT","","","","","","","","","","","","","","","","","","","","","56","56","61","66","74","82","81","79","80","81","82","84","85","86","87","88","87","87","88","88","84","79","85","90","90","89","89","88","88","91","93","96","95","93","88","83","87","89","90","92","93","95","92","90","86","",
"Late-demographic dividend","LTE","Immunization, DPT (% of children ages 12-23 months)","SH.IMM.IDPT","","","","","","","","","","","","","","","","","","","","","12.4255645219567","13.8058022155119","15.5786488984047","54.8871119997366","66.6147032141728","72.880237322251","72.5162526274722","72.66846523757","88.2073830711819","89.5505446605825","92.4926334738455","91.4666799308937","87.2294087516898","86.066708381533","85.1494419824436","82.8777237883976","84.3530835120025","85.2642947687626","86.6510497418459","87.754688386007","88.7390546133692","89.4074537429723","88.5589590024811","90.1185915889214","90.5223306883688","90.9752732686342","94.3887094875758","94.2932052722282","96.7879876143467","98.0625770779894","97.7827611256372","97.8325836995411","97.7193684173819","95.9969831260945","97.3604913221002","97.8572027552504","96.9150974930688","96.3620856665632","95.7817165817426","94.7827665769231","94.8793224759227","92.8588135470956","94.1615387405179","92.3293566371105","94.8035600625124","",
"Lithuania","LTU","Immunization, DPT (% of children ages 12-23 months)","SH.IMM.IDPT","","","","","","","","","","","","","","","","","","","","","","","","","","","","","","","","","78","83","83","90","91","90","93","93","94","95","95","94","94","94","94","95","96","98","95","92","93","93","93","93","94","94","92","92","91","90","90","90","89","",
"Luxembourg","LUX","Immunization, DPT (% of children ages 12-23 months)","SH.IMM.IDPT","","","","","","","","","","","","","","","","","","","","","","","","75","68","77","86","95","90","90","90","91","93","94","95","97","98","98","98","98","99","99","99","98","99","99","99","99","99","99","99","99","99","99","99","99","99","99","99","99","99","99","99","99","99","",
"Latvia","LVA","Immunization, DPT (% of children ages 12-23 months)","SH.IMM.IDPT","","","","","","","","","","","","","","","","","","","","","","","","","","","","","","","","","87","80","97","98","93","92","94","95","96","97","97","98","99","99","96","94","94","94","92","92","91","94","92","94","98","98","96","99","99","94","95","98","97","",
"Macao SAR, China","MAC","Immunization, DPT (% of children ages 12-23 months)","SH.IMM.IDPT","","","","","","","","","","","","","","","","","","","","","","","","","","","","","","","","","","","","","","","","","","","","","","","","","","","","","","","","","","","","","","","","","","",
"St. Martin (French part)","MAF","Immunization, DPT (% of children ages 12-23 months)","SH.IMM.IDPT","","","","","","","","","","","","","","","","","","","","","","","","","","","","","","","","","","","","","","","","","","","","","","","","","","","","","","","","","","","","","","","","","","",
"Morocco","MAR","Immunization, DPT (% of children ages 12-23 months)","SH.IMM.IDPT","","","","","","","","","","","","","","","","","","","","","","","32","41","45","51","63","85","82","80","81","81","87","86","87","90","95","94","93","91","95","96","94","91","97","98","97","95","99","99","99","99","99","99","99","99","99","99","99","99","99","98","98","97","96","",
"Monaco","MCO","Immunization, DPT (% of children ages 12-23 months)","SH.IMM.IDPT","","","","","","","","","","","","","","","","","","","","","","","","","","","","","99","99","99","98","98","99","99","99","99","99","99","99","99","99","99","99","99","99","99","99","99","99","99","99","99","99","99","99","99","99","99","99","99","99","99","99","99","",
"Moldova","MDA","Immunization, DPT (% of children ages 12-23 months)","SH.IMM.IDPT","","","","","","","","","","","","","","","","","","","","","","","","","","","","","","","","","84","70","86","96","97","97","97","97","95","97","97","98","98","98","97","92","90","85","90","93","92","90","90","87","89","88","93","91","86","87","88","87","86","",
"Madagascar","MDG","Immunization, DPT (% of children ages 12-23 months)","SH.IMM.IDPT","","","","","","","","","","","","","","","","","","","","","","","15","23","19","23","30","35","42","45","46","53","65","66","66","57","49","49","52","55","57","60","62","66","78","85","85","84","77","77","70","73","68","70","68","62","68","65","74","69","67","55","57","65","60","",
"Maldives","MDV","Immunization, DPT (% of children ages 12-23 months)","SH.IMM.IDPT","","","","","","","","","","","","","","","","","","","","","4","1","1","13","24","28","42","42","86","91","94","98","98","90","96","94","97","97","97","97","98","98","98","98","96","98","98","98","98","98","96","96","99","99","99","99","98","98","98","98","98","95","98","98","99","",
"Middle East, North Africa, Afghanistan & Pakistan","MEA","Immunization, DPT (% of children ages 12-23 months)","SH.IMM.IDPT","","","","","","","","","","","","","","","","","","","","","18.5563864400759","19.5687962638442","24.789319918179","28.706682007893","36.6528310420035","50.4244675735533","55.5702321394233","57.6862464285651","65.8336205436384","68.1839032812263","74.0959778118835","68.3217633357072","67.0786103493463","65.376177267884","63.8384955782173","72.2762457840348","68.8272276390005","69.8657019018155","71.9699383880255","73.5637125721799","74.7309513281927","75.9949992405423","76.0216995451497","77.1296191998674","79.1535458296064","77.7291888178715","76.4964334059852","75.095474477901","75.4326868440159","75.559761235791","75.4814062619531","79.1959109301168","77.8866822972099","78.8901610385409","80.0252876983751","80.4787259471466","82.1591061097829","82.4679590461486","84.1873542376929","85.3001642481221","81.6075104018515","82.2748765930791","84.2544522959178","84.3477301430828","84.4480359134576","",
"Mexico","MEX","Immunization, DPT (% of children ages 12-23 months)","SH.IMM.IDPT","","","","","","","","","","","","","","","","","","","","","44","43","40","41","52","40","51","62","60","65","53","88","90","82","91","91","95","95","96","96","97","97","97","98","98","98","98","98","96","95","95","97","99","83","87","87","93","85","88","82","72","78","83","85","78","",
"Marshall Islands","MHL","Immunization, DPT (% of children ages 12-23 months)","SH.IMM.IDPT","","","","","","","","","","","","","","","","","","","","","","","","","","","","","92","92","92","71","82","56","67","70","78","78","86","66","39","48","80","68","64","77","74","93","95","96","94","87","80","79","78","85","71","80","81","79","82","86","86","85","85","",
"Middle income","MIC","Immunization, DPT (% of children ages 12-23 months)","SH.IMM.IDPT","","","","","","","","","","","","","","","","","","","","","11.4054430894933","12.839364121898","15.4800781328139","32.236411374445","39.2597271516862","44.4908888672349","47.6942422500926","52.4753023626448","63.1604270942255","68.3894890084359","76.9049353720122","72.9211153156316","71.4487055480914","70.9399795315697","73.4249359972172","73.9014998121971","72.6491436981378","72.1415479861673","72.2730895894708","72.5605079163139","72.9448036689866","73.3593994158634","72.7199963437512","74.2230676419109","76.268964565287","76.6718530439005","77.9416816494126","77.5845043897324","80.8298182861697","83.254080926513","84.0135329552697","85.1728884129279","84.482428873292","84.2809003156848","85.3752846261291","85.6734330404366","86.9538786758946","86.9263449295262","87.9296737721053","88.1664021157563","84.6000464594502","83.0836631377608","87.2525782869328","86.8322422736483","87.2159398470071","",
"North Macedonia","MKD","Immunization, DPT (% of children ages 12-23 months)","SH.IMM.IDPT","","","","","","","","","","","","","","","","","","","","","","","","","","","","","","","","","","90","88","95","93","97","94","95","95","91","96","96","94","97","93","95","95","96","95","96","95","98","95","91","95","91","93","92","84","81","84","86","89","",
"Mali","MLI","Immunization, DPT (% of children ages 12-23 months)","SH.IMM.IDPT","","","","","","","","","","","","","","","","","","","","","","","","","","8","8","8","18","26","42","34","38","46","39","49","53","52","52","40","43","49","61","63","69","77","78","74","74","73","73","66","65","64","66","70","76","77","76","77","70","77","75","75","82","",
"Malta","MLT","Immunization, DPT (% of children ages 12-23 months)","SH.IMM.IDPT","","","","","","","","","","","","","","","","","","","","","","","","","50","37","86","87","87","47","63","86","82","83","88","92","92","92","92","93","94","95","95","94","89","92","85","74","72","73","76","96","99","99","99","97","97","98","97","98","98","99","98","98","97","",
"Myanmar","MMR","Immunization, DPT (% of children ages 12-23 months)","SH.IMM.IDPT","","","","","","","","","","","","","","","","","","","","","4","5","9","11","12","16","20","23","28","50","88","66","71","73","77","84","88","90","90","75","82","73","79","78","82","73","82","86","85","90","90","84","84","75","88","89","90","89","91","90","84","37","71","71","71","",
"Middle East, North Africa, Afghanistan & Pakistan (excluding high income)","MNA","Immunization, DPT (% of children ages 12-23 months)","SH.IMM.IDPT","","","","","","","","","","","","","","","","","","","","","17.0859438055001","17.6143292965878","22.8098092681927","26.7045723828123","34.6666090301055","48.8722994714242","53.9213114214665","55.9958858689203","64.5562085528643","66.7756385112778","73.2103294164476","67.1150379939884","65.7464444076125","63.8159438481014","62.1334721738392","70.9559364470564","67.409784973773","68.5163859019083","70.6841903105398","72.4130000661864","73.5622464872118","74.8406396864755","74.9596781137778","76.1024846353632","78.1838616170028","76.6872200537674","75.3673150355647","73.8767057278389","74.1723555330768","74.2875355637939","74.2098839577824","78.1383584005639","76.7477012313457","77.7637374395733","78.9839798611862","79.4230637478236","81.2052794984295","81.4962800455173","83.3995558821619","84.5785588336869","80.7652390252073","81.3693976274082","83.4452403408579","83.578367742731","83.6779467850778","",
"Montenegro","MNE","Immunization, DPT (% of children ages 12-23 months)","SH.IMM.IDPT","","","","","","","","","","","","","","","","","","","","","","","","","","","","","","","","","","","","","","","","","","","","","","","90","92","95","92","94","95","94","94","91","89","89","87","86","87","84","83","80","81","81","",
"Mongolia","MNG","Immunization, DPT (% of children ages 12-23 months)","SH.IMM.IDPT","","","","","","","","","","","","","","","","","","","","","76","78","79","79","77","80","81","80","82","84","84","81","64","79","78","88","90","92","94","94","94","95","98","98","99","99","99","95","96","95","96","99","99","98","99","99","99","99","99","98","96","95","95","96","96","",
"Northern Mariana Islands","MNP","Immunization, DPT (% of children ages 12-23 months)","SH.IMM.IDPT","","","","","","","","","","","","","","","","","","","","","","","","","","","","","","","","","","","","","","","","","","","","","","","","","","","","","","","","","","","","","","","","","","",
"Mozambique","MOZ","Immunization, DPT (% of children ages 12-23 months)","SH.IMM.IDPT","","","","","","","","","","","","","","","","","","","","","","56","43","38","32","29","32","39","38","47","46","46","50","49","55","57","60","62","65","68","70","73","76","85","83","80","78","75","75","74","74","77","80","82","85","85","85","85","85","85","71","56","55","70","70","",
"Mauritania","MRT","Immunization, DPT (% of children ages 12-23 months)","SH.IMM.IDPT","","","","","","","","","","","","","","","","","","","","","","18","20","20","21","27","32","30","28","28","33","29","39","44","50","55","50","28","16","53","51","75","89","76","70","71","68","75","74","64","64","75","80","80","81","73","74","76","77","80","81","77","85","90","86","",
"Mauritius","MUS","Immunization, DPT (% of children ages 12-23 months)","SH.IMM.IDPT","","","","","","","","","","","","","","","","","","","","","89","82","94","89","85","88","86","84","86","85","85","91","88","88","89","93","89","90","89","85","88","92","88","99","98","97","97","97","99","99","99","98","98","98","97","97","96","94","97","96","95","95","95","96","93","",
"Malawi","MWI","Immunization, DPT (% of children ages 12-23 months)","SH.IMM.IDPT","","","","","","","","","","","","","","","","","","","","","58","66","64","63","58","55","57","78","82","87","87","87","87","91","82","89","90","95","96","85","75","90","64","84","89","93","99","87","91","93","93","97","96","89","91","88","84","88","92","95","94","93","86","91","91","",
"Malaysia","MYS","Immunization, DPT (% of children ages 12-23 months)","SH.IMM.IDPT","","","","","","","","","","","","","","","","","","","","","67","66","73","58","54","57","62","69","68","84","90","92","94","91","95","98","97","98","97","97","98","96","94","96","95","96","95","97","97","97","96","96","97","97","97","99","98","99","99","98","98","95","97","95","93","",
"North America","NAC","Immunization, DPT (% of children ages 12-23 months)","SH.IMM.IDPT","","","","","","","","","","","","","","","","","","","","","87.0456365092074","87.1757026976042","87.2293806396036","88.1793515278245","88.1794158468209","87.2629934679046","88.2585505977475","95.9211958149375","96.0138483714823","93.378760919368","89.8205468374989","86.1817607817514","83.5477344115856","88.183272491133","93.9086352321105","94.2682374399187","94.5399488264224","95.0882823485178","95.4694717270106","95.4872700800354","93.5817452882059","93.5923396508837","93.5234345120332","95.6043141747925","95.6030959203472","95.7610761801873","95.9202993097346","95.841043973986","95.6787285680114","94.6700252280786","94.4911338553713","95.2197295388832","93.736163300148","93.7342896854463","94.6440236922621","94.644862373471","94.6459095120861","93.7336205528001","93.731832830566","93.7297727752354","92.909565076529","93.8170571921955","93.8145267543237","93.818105751367","93.8197669696563","",
"Namibia","NAM","Immunization, DPT (% of children ages 12-23 months)","SH.IMM.IDPT","","","","","","","","","","","","","","","","","","","","","","","","","","","","","","","","69","70","73","79","74","70","66","74","72","79","78","77","79","81","86","86","86","83","83","83","82","84","89","88","92","85","88","89","87","93","94","84","83","74","",
"New Caledonia","NCL","Immunization, DPT (% of children ages 12-23 months)","SH.IMM.IDPT","","","","","","","","","","","","","","","","","","","","","","","","","","","","","","","","","","","","","","","","","","","","","","","","","","","","","","","","","","","","","","","","","","",
"Niger","NER","Immunization, DPT (% of children ages 12-23 months)","SH.IMM.IDPT","","","","","","","","","","","","","","","","","","","","","","6","6","5","5","4","5","7","9","13","22","19","20","20","20","23","23","25","29","32","34","36","39","41","43","45","52","58","67","71","70","75","73","75","82","84","80","85","79","81","81","82","84","85","86","",
"Nigeria","NGA","Immunization, DPT (% of children ages 12-23 months)","SH.IMM.IDPT","","","","","","","","","","","","","","","","","","","","","","","","","9","16","22","29","36","47","56","39","43","29","44","34","26","21","21","31","29","27","25","29","33","36","40","42","53","63","56","53","36","39","43","42","53","55","61","66","62","61","59","67","67","",
"Nicaragua","NIC","Immunization, DPT (% of children ages 12-23 months)","SH.IMM.IDPT","","","","","","","","","","","","","","","","","","","","","16","23","27","24","33","39","45","51","47","68","70","75","81","81","81","80","80","80","73","79","83","87","85","86","79","86","88","93","97","98","98","98","98","98","98","98","98","98","98","98","92","87","92","89","","",
"Netherlands","NLD","Immunization, DPT (% of children ages 12-23 months)","SH.IMM.IDPT","","","","","","","","","","","","","","","","","","","","","96","96","97","97","97","97","97","97","97","97","97","97","98","97","97","97","97","97","97","97","97","97","97","98","98","96","96","97","97","97","97","97","97","97","96","95","95","94","93","94","94","95","93","92","91","",
"Norway","NOR","Immunization, DPT (% of children ages 12-23 months)","SH.IMM.IDPT","","","","","","","","","","","","","","","","","","","","","","","","90","90","85","83","80","83","83","86","96","98","94","93","97","97","95","93","92","90","91","93","92","92","91","94","93","94","94","93","94","95","94","93","95","96","96","96","97","97","97","97","96","97","",
"Nepal","NPL","Immunization, DPT (% of children ages 12-23 months)","SH.IMM.IDPT","","","","","","","","","","","","","","","","","","","","","8","16","18","23","27","32","38","46","45","44","43","46","49","51","54","54","65","78","71","65","74","72","72","78","80","75","89","82","82","95","93","92","90","92","92","91","87","90","91","93","84","91","90","94","97","",
"Naoero","NRU","Immunization, DPT (% of children ages 12-23 months)","SH.IMM.IDPT","","","","","","","","","","","","","","","","","","","","","","","","","67","67","61","55","67","75","74","70","67","63","60","56","53","50","72","64","44","95","80","80","80","80","72","99","99","99","99","99","79","87","95","91","97","87","90","96","95","98","99","99","99","",
"New Zealand","NZL","Immunization, DPT (% of children ages 12-23 months)","SH.IMM.IDPT","","","","","","","","","","","","","","","","","","","","","76","72","73","73","83","72","70","67","69","80","90","81","81","83","84","89","88","86","81","88","90","90","90","90","89","89","89","88","89","92","93","95","93","92","93","92","92","94","93","92","92","90","89","88","89","",
"OECD members","OED","Immunization, DPT (% of children ages 12-23 months)","SH.IMM.IDPT","","","","","","","","","","","","","","","","","","","","","53.4777994379599","65.2980727485936","66.1867920643644","67.964042914874","74.4229124004605","71.3770540831149","73.3300306266098","79.343865463152","80.1317795483638","82.018081007163","82.983698984684","86.7279552014789","86.5335539187625","85.8595679166543","90.353673986687","88.9064592403178","91.5932624431344","89.7585043947217","89.6678211453876","91.1478885491748","91.8053018273084","93.3929971555584","92.7900288938374","93.6267168568912","94.6125006589219","95.3415551187576","95.7289035344162","96.0572706279246","95.7073905569575","95.1828591727767","95.1479387633252","95.6779694028461","95.893805029041","92.964616828985","93.7712363121773","93.9966185006143","94.9354113984791","93.4027009215075","93.930648613539","93.2683783652978","90.9861162467657","91.8868508265406","92.679718636196","92.9693848300673","91.8294529832343","",
"Oman","OMN","Immunization, DPT (% of children ages 12-23 months)","SH.IMM.IDPT","","","","","","","","","","","","","","","","","","","","","18","19","24","31","45","60","82","89","90","98","98","95","99","97","97","99","99","99","99","99","99","99","99","99","99","99","98","99","99","98","99","99","98","98","99","99","99","99","99","99","99","99","99","99","99","",
"Other small states","OSS","Immunization, DPT (% of children ages 12-23 months)","SH.IMM.IDPT","","","","","","","","","","","","","","","","","","","","","","","","","","","","","","84.5982895687786","89.6360437957063","80.5269164178933","70.6330174964687","79.5441618612363","81.9502579003564","81.925490815765","80.2038488034097","77.8765032589737","79.2998267807464","78.7994365631533","82.4875288806424","83.4579917372323","81.3955672445423","82.9025189229433","81.9506386157102","82.4513732227783","84.2123604268513","87.612876587505","90.1940844228827","89.1632353569749","88.1288549516251","88.4455759782313","91.2734410711565","91.5142813451273","89.9009234885635","88.9566772828411","86.9753374429512","88.6443779173015","89.5546157893711","89.364059039508","85.8254712130338","83.4378726190535","86.5697337790247","85.6618001295494","85.6033151388253","",
"Pakistan","PAK","Immunization, DPT (% of children ages 12-23 months)","SH.IMM.IDPT","","","","","","","","","","","","","","","","","","","","","2","3","5","15","23","30","34","36","38","40","54","50","42","37","39","58","46","52","54","57","59","61","63","66","68","63","59","54","53","52","52","63","64","65","69","72","75","75","80","84","80","83","85","86","87","",
"Panama","PAN","Immunization, DPT (% of children ages 12-23 months)","SH.IMM.IDPT","","","","","","","","","","","","","","","","","","","","","47","78","60","60","59","73","70","72","75","70","86","82","77","83","83","86","91","95","98","92","98","99","99","98","95","92","88","85","86","85","94","87","85","80","80","73","86","81","88","88","74","87","82","71","72","",
"Peru","PER","Immunization, DPT (% of children ages 12-23 months)","SH.IMM.IDPT","","","","","","","","","","","","","","","","","","","","","16","20","23","23","28","48","50","43","60","58","72","71","83","87","87","90","94","90","94","99","98","90","95","94","86","77","94","93","93","93","93","91","95","88","88","90","90","89","89","88","72","82","82","84","80","",
"Philippines","PHL","Immunization, DPT (% of children ages 12-23 months)","SH.IMM.IDPT","","","","","","","","","","","","","","","","","","","","","47","54","54","55","57","59","66","72","79","86","88","90","80","76","73","70","75","81","81","80","78","79","79","84","88","89","88","87","87","88","88","89","89","85","80","76","84","84","84","84","83","69","84","89","71","",
"Palau","PLW","Immunization, DPT (% of children ages 12-23 months)","SH.IMM.IDPT","","","","","","","","","","","","","","","","","","","","","","","","","","","98","81","99","78","99","98","93","89","67","99","98","91","96","96","96","98","99","99","98","98","98","94","92","49","69","84","89","99","95","90","98","97","95","97","96","95","94","97","97","",
"Papua New Guinea","PNG","Immunization, DPT (% of children ages 12-23 months)","SH.IMM.IDPT","","","","","","","","","","","","","","","","","","","","","32","32","29","27","34","40","44","44","48","53","68","68","58","58","61","62","56","45","60","60","59","55","61","68","62","72","70","66","56","64","55","58","57","60","52","49","46","36","35","35","40","32","37","35","42","",
"Poland","POL","Immunization, DPT (% of children ages 12-23 months)","SH.IMM.IDPT","","","","","","","","","","","","","","","","","","","","","96","96","95","95","95","94","95","96","96","96","96","95","95","95","96","96","97","98","98","98","98","98","99","99","99","99","99","99","99","99","99","99","99","99","98","98","98","96","95","95","94","94","94","95","94","",
"Pre-demographic dividend","PRE","Immunization, DPT (% of children ages 12-23 months)","SH.IMM.IDPT","","","","","","","","","","","","","","","","","","","","","6.12053649867209","10.8441391455449","11.4377327552729","13.1205117445646","22.4913286170152","28.7314040438113","33.5062950699236","40.1682783276388","44.711550563335","50.1621056006452","54.1766443290934","47.6507084014415","49.297828119046","46.8223670030468","49.4846186287914","48.0533791970842","46.036621324118","44.4930024964535","44.3798988122479","47.9053734308928","49.5228490326209","51.2422508317009","52.5620270285431","55.8349000467373","59.4327835950775","62.1798547440906","63.7420474719333","65.0730050404881","68.7543638095694","72.3744869162274","70.6659153787624","71.2703232359316","67.8440989910667","67.5076237277667","69.4520188148029","68.9528722890967","72.1388944569566","72.7709956847372","75.1360457566106","76.4187792093091","73.1356590894092","71.6547368133388","72.1588331679082","73.0725228830679","72.922993823491","",
"Puerto Rico (US)","PRI","Immunization, DPT (% of children ages 12-23 months)","SH.IMM.IDPT","","","","","","","","","","","","","","","","","","","","","","","","","","","","","","","","","","","","","","","","","","","","","","","","","","","","","","","","","","","","","","","","","","",
"Korea, Dem. People's Rep.","PRK","Immunization, DPT (% of children ages 12-23 months)","SH.IMM.IDPT","","","","","","","","","","","","","","","","","","","","","50","52","51","52","67","55","61","86","87","97","98","97","90","90","77","64","50","37","43","50","56","62","64","68","72","79","89","92","92","93","93","94","96","93","93","96","96","97","97","97","97","99","99","99","99","",
"Portugal","PRT","Immunization, DPT (% of children ages 12-23 months)","SH.IMM.IDPT","","","","","","","","","","","","","","","","","","","","","73","75","78","79","78","72","81","83","81","88","89","96","94","93","97","93","95","94","97","97","96","97","98","99","95","93","97","97","97","96","98","97","98","98","98","98","98","98","99","99","99","99","99","99","99","",
"Paraguay","PRY","Immunization, DPT (% of children ages 12-23 months)","SH.IMM.IDPT","","","","","","","","","","","","","","","","","","","","","17","28","34","45","67","57","53","58","56","61","67","66","73","66","71","68","72","75","79","82","86","89","87","86","92","96","98","95","89","86","91","92","91","91","93","92","92","91","88","86","79","70","69","71","80","",
"West Bank and Gaza","PSE","Immunization, DPT (% of children ages 12-23 months)","SH.IMM.IDPT","","","","","","","","","","","","","","","","","","","","","","","","","","","","","","","","","","94","98","99","97","96","98","89","93","97","97","98","96","96","96","99","96","97","99","99","97","99","99","99","99","99","99","99","98","95","98","88","88","",
"Pacific island small states","PSS","Immunization, DPT (% of children ages 12-23 months)","SH.IMM.IDPT","","","","","","","","","","","","","","","","","","","","","48.1859756785416","49.4913306058835","50.7797653028861","59.4167441668217","60.8815307752989","58.5869371245018","60.0582667964946","75.3718395099987","84.4735196298171","83.1138708924822","88.8534532167932","86.3065149136578","87.147402493464","85.2125208859185","83.4336484874383","84.0093444610885","85.2120458381452","81.8365216778038","82.5451343020696","85.9682977257064","86.1068780453358","84.7105286227755","84.8309272964737","86.6274987386698","85.008718304967","86.5030156398514","87.9958462066598","88.4644998637231","85.3240320539857","88.1638013132174","88.7244447384524","91.7074183203373","91.4414688773948","89.4263129173087","86.0001116320607","88.4079675338057","88.8084662440921","84.8151779632827","84.4530095541401","91.3350031208489","91.5797724929105","86.3666888459728","86.410026187804","86.5284396492715","86.8500122739547","",
"Post-demographic dividend","PST","Immunization, DPT (% of children ages 12-23 months)","SH.IMM.IDPT","","","","","","","","","","","","","","","","","","","","","56.1989034720065","70.3755765930766","72.9343068297403","74.8200810050995","80.4180226191385","78.6724690801404","81.9187736583413","82.5568266349758","83.1792492926544","85.4481117121699","87.7447568541125","88.1651267616663","87.3269589761509","88.002385753713","91.10724747099","91.406149551789","93.8648267706138","90.6342542497838","90.9454646975112","93.0461204232094","92.6984114266885","94.3983018912751","94.5343786431862","95.1265311000982","95.4325977783027","95.5900425485513","96.0880223494515","95.822704751952","95.5901777244989","94.2781235802421","93.5795390626676","94.022123262516","94.6762711713899","93.6207766981112","91.78010385027","92.0116493419462","92.0093329221735","92.9371432258446","93.6269984947416","94.058376173209","93.5043791853105","93.9910782969805","93.5772474972583","93.7236462626652","93.8328406256483","",
"French Polynesia","PYF","Immunization, DPT (% of children ages 12-23 months)","SH.IMM.IDPT","","","","","","","","","","","","","","","","","","","","","","","","","","","","","","","","","","","","","","","","","","","","","","","","","","","","","","","","","","","","","","","","","","",
"Qatar","QAT","Immunization, DPT (% of children ages 12-23 months)","SH.IMM.IDPT","","","","","","","","","","","","","","","","","","","","","61","43","37","49","60","71","72","72","69","81","82","86","88","90","91","92","92","92","94","92","80","93","96","92","96","97","96","94","97","99","97","93","92","97","89","99","98","97","98","98","89","98","98","95","96","",
"Romania","ROU","Immunization, DPT (% of children ages 12-23 months)","SH.IMM.IDPT","","","","","","","","","","","","","","","","","","","","","","","","","","95","89","92","96","96","96","98","98","91","98","98","98","97","97","97","99","99","98","97","97","97","97","96","96","95","94","89","91","92","94","89","89","82","86","88","87","86","85","79","79","",
"Russian Federation","RUS","Immunization, DPT (% of children ages 12-23 months)","SH.IMM.IDPT","","","","","","","","","","","","","","","","","","","","","","","","","","","","","","","","","73","79","88","78","84","88","91","95","96","96","97","96","97","98","98","98","98","98","97","97","97","97","97","97","97","97","97","97","97","97","97","97","97","",
"Rwanda","RWA","Immunization, DPT (% of children ages 12-23 months)","SH.IMM.IDPT","","","","","","","","","","","","","","","","","","","","","","17","38","59","55","50","87","88","80","82","84","91","85","83","23","83","89","73","79","85","90","77","88","96","89","95","99","97","97","97","97","97","98","98","98","98","98","98","97","98","91","88","98","94","98","",
"South Asia","SAS","Immunization, DPT (% of children ages 12-23 months)","SH.IMM.IDPT","","","","","","","","","","","","","","","","","","","","","5.90183188284463","6.17496349195773","11.4092743938602","13.2563974749692","15.0126451967095","16.9709399700989","19.0919931337895","28.3505294982651","37.7422449922731","50.1843069792098","69.4929603984181","59.0907495822404","57.3684180522432","62.5683235169606","68.8325200046371","70.6251679028973","67.5013724615944","64.5734977250983","63.4316949920622","62.0245433591556","61.6327544265938","62.7739135142602","62.5299198732418","64.8334709252353","67.9397949585142","68.8573868671669","69.2423255330308","68.2310102639905","73.5627656582605","77.3095014827124","81.1844867951252","83.9213306828603","83.6452632179677","84.7482147536966","86.5906888383266","88.4275954997461","89.2178172243413","90.1353359332812","91.0258804291782","91.936869320795","86.5064754023475","86.6950020026043","93.4920086099538","91.9132106026065","94.4782724522152","",
"Saudi Arabia","SAU","Immunization, DPT (% of children ages 12-23 months)","SH.IMM.IDPT","","","","","","","","","","","","","","","","","","","","","41","53","62","67","76","81","86","89","89","96","92","91","91","94","95","96","93","92","94","93","95","97","95","95","96","96","96","96","98","98","98","98","98","98","98","98","98","98","96","96","95","97","98","97","97","",
"Sudan","SDN","Immunization, DPT (% of children ages 12-23 months)","SH.IMM.IDPT","","","","","","","","","","","","","","","","","","","","","1","1","2","3","4","8","14","27","40","60","62","62","53","51","46","48","56","55","46","55","62","66","60","69","74","78","78","84","86","81","90","93","92","93","94","93","93","95","93","93","90","84","84","51","39","",
"Senegal","SEN","Immunization, DPT (% of children ages 12-23 months)","SH.IMM.IDPT","","","","","","","","","","","","","","","","","","","","","","","","","","","54","57","59","47","51","51","59","58","57","80","70","59","59","60","52","52","60","73","87","84","89","94","88","86","89","92","91","92","89","89","93","93","92","91","83","85","93","92","91","",
"Singapore","SGP","Immunization, DPT (% of children ages 12-23 months)","SH.IMM.IDPT","","","","","","","","","","","","","","","","","","","","","84","87","83","84","77","78","91","96","90","90","85","91","89","92","95","98","97","98","97","97","98","96","94","96","95","96","95","97","97","97","96","96","97","97","96","96","97","96","97","97","98","98","97","98","97","",
"Solomon Islands","SLB","Immunization, DPT (% of children ages 12-23 months)","SH.IMM.IDPT","","","","","","","","","","","","","","","","","","","","","46","35","23","27","45","38","42","66","69","67","77","76","71","65","68","69","72","72","70","88","86","84","78","84","90","89","99","88","85","86","83","91","92","83","77","87","94","83","85","94","94","87","89","84","87","",
"Sierra Leone","SLE","Immunization, DPT (% of children ages 12-23 months)","SH.IMM.IDPT","","","","","","","","","","","","","","","","","","","","","","","","","","","","","","","","","","","","","","","","43","44","38","53","73","65","65","64","64","77","84","86","89","91","92","83","86","84","90","93","95","91","92","91","91","91","",
"El Salvador","SLV","Immunization, DPT (% of children ages 12-23 months)","SH.IMM.IDPT","","","","","","","","","","","","","","","","","","","","","44","42","42","21","31","55","50","53","63","64","80","61","60","79","90","99","96","97","99","94","99","92","81","94","90","89","96","99","98","91","89","89","93","92","94","94","98","92","89","96","89","97","95","96","95","",
"San Marino","SMR","Immunization, DPT (% of children ages 12-23 months)","SH.IMM.IDPT","","","","","","","","","","","","","","","","","","","","","","","","99","99","99","99","99","99","99","99","99","99","99","88","99","99","99","99","99","98","97","96","96","95","96","92","91","91","90","90","92","89","86","84","85","86","88","90","88","89","90","92","91","88","",
"Somalia, Fed. Rep.","SOM","Immunization, DPT (% of children ages 12-23 months)","SH.IMM.IDPT","","","","","","","","","","","","","","","","","","","","","","2","5","5","10","22","17","25","26","18","19","20","21","22","23","22","21","19","33","36","33","33","40","40","30","35","26","40","31","42","45","41","42","44","46","48","49","51","53","57","55","62","71","69","70","",
"Serbia","SRB","Immunization, DPT (% of children ages 12-23 months)","SH.IMM.IDPT","","","","","","","","","","","","","","","","","","","","","","","","","","","","","","","","","84","85","85","89","91","94","93","92","95","93","95","89","88","98","92","94","95","95","91","94","91","95","93","95","93","95","97","97","92","91","92","93","95","",
"Sub-Saharan Africa (excluding high income)","SSA","Immunization, DPT (% of children ages 12-23 months)","SH.IMM.IDPT","","","","","","","","","","","","","","","","","","","","","5.22566714573368","11.0076529890706","11.7919444018861","18.5689382864503","24.4897174611449","29.380138047892","34.2701746039482","40.6410957185498","44.1345561564168","49.8060590542361","56.012338644794","48.5104943417763","48.9367954258132","48.8219299295377","53.2832969726631","52.2646534103724","49.9971229447116","48.6156174031403","47.2526118622326","48.5123895136451","50.4178745870505","51.2895730757181","52.678412842106","55.6983206408202","58.7855251199537","62.0841634337757","64.1361169306992","65.9562320474074","69.0417819002897","72.3298652124778","71.2470883272425","71.80648288922","68.6615234461896","68.5392830262295","70.7784400506939","70.2580768306374","73.1882663695292","73.65191875676","75.009644379708","76.2994185388965","73.6853756304979","72.7314563198403","72.6856560385321","73.8681444419414","73.9512163182905","",
"South Sudan","SSD","Immunization, DPT (% of children ages 12-23 months)","SH.IMM.IDPT","","","","","","","","","","","","","","","","","","","","","","","","","","","","","","","","","","","","","","","","","","","","","","","","","","","","61","63","53","50","46","45","52","59","61","67","69","73","73","73","",
"Sub-Saharan Africa","SSF","Immunization, DPT (% of children ages 12-23 months)","SH.IMM.IDPT","","","","","","","","","","","","","","","","","","","","","5.22512728389785","11.0078569218505","11.7962937229886","18.5766717647949","24.4965304690575","29.3855196194974","34.275775068542","40.6455342826644","44.1390036083978","49.8101673261771","56.0159817618235","48.5145603174606","48.9405590641614","48.8255630855804","53.2865542732579","52.2680844579664","50.0006839783491","48.6188994758738","47.255866235382","48.515483059114","50.4207199295181","51.292152461498","52.6810010933895","55.7006782969577","58.7876707874853","62.0860935213107","64.1378970880497","65.9578778777531","69.0432345064133","72.3311275564695","71.2483953509236","71.8077699773907","68.6629322367824","68.5407028058027","70.7797956736153","70.2593527632575","73.1893484614327","73.6530282024514","75.0107872595803","76.3004915022959","73.6864644611762","72.7324387066033","72.6867993474019","73.8692230770541","73.9521142094341","",
"Small states","SST","Immunization, DPT (% of children ages 12-23 months)","SH.IMM.IDPT","","","","","","","","","","","","","","","","","","","","","31.5572169545198","41.6453337319467","45.0773456690764","50.3565790608984","56.8227359848304","62.8463601442432","68.6788249531672","75.4791073279149","78.7148956310601","82.8499109354516","88.1989805526209","82.3113925251375","76.8576526979644","82.3683701332755","83.5735654239766","83.9505624813748","82.738362131644","81.4587584993046","82.8703880748444","82.2277771391977","84.4737563837379","84.8065674419214","83.8007728215458","84.9987043873882","84.6940372577117","85.423732504923","86.4074309435339","88.5997711334761","89.5770273550719","89.9315443528615","89.4317087784419","89.6027465660624","91.4609597985399","91.2968501794757","89.504273077995","89.4817542960941","88.6194446163503","87.7962408570373","89.4446543682975","90.3464495716802","86.845319213966","84.9704741392313","87.1067323280959","86.4787185439459","86.6764902461725","",
"Sao Tome and Principe","STP","Immunization, DPT (% of children ages 12-23 months)","SH.IMM.IDPT","","","","","","","","","","","","","","","","","","","","","","42","34","26","49","48","65","72","77","63","92","87","68","60","83","79","68","73","73","78","82","92","92","94","96","97","97","97","99","98","98","96","96","97","95","96","96","95","95","95","96","97","92","87","87","",
"Suriname","SUR","Immunization, DPT (% of children ages 12-23 months)","SH.IMM.IDPT","","","","","","","","","","","","","","","","","","","","","25","27","61","85","80","84","80","71","64","72","83","75","74","76","74","84","85","81","90","85","71","68","73","75","85","83","84","84","85","87","94","80","76","77","71","73","77","67","81","77","51","72","77","72","69","",
"Slovak Republic","SVK","Immunization, DPT (% of children ages 12-23 months)","SH.IMM.IDPT","","","","","","","","","","","","","","","","","","","","","","","","","","","","","","","","","","","99","99","99","99","99","99","99","99","99","99","99","99","99","99","99","99","99","99","99","98","97","96","96","96","97","97","97","97","97","96","96","",
"Slovenia","SVN","Immunization, DPT (% of children ages 12-23 months)","SH.IMM.IDPT","","","","","","","","","","","","","","","","","","","","","","","","","","","","","","","","","98","98","98","98","98","94","91","92","91","92","93","95","94","95","97","97","97","96","96","96","96","95","95","95","94","94","93","95","95","86","89","89","90","",
"Sweden","SWE","Immunization, DPT (% of children ages 12-23 months)","SH.IMM.IDPT","","","","","","","","","","","","","","","","","","","","","99","99","99","99","99","99","99","99","99","99","99","99","99","99","99","99","99","99","99","99","99","99","99","99","99","98","98","98","98","98","98","98","98","98","98","98","98","97","97","98","97","98","94","94","96","",
"Eswatini","SWZ","Immunization, DPT (% of children ages 12-23 months)","SH.IMM.IDPT","","","","","","","","","","","","","","","","","","","","","","30","39","43","50","61","74","86","89","89","89","79","93","89","96","82","82","82","83","83","84","84","85","85","86","86","87","87","88","88","89","91","95","98","98","90","90","90","90","90","83","77","97","85","84","",
"Sint Maarten (Dutch part)","SXM","Immunization, DPT (% of children ages 12-23 months)","SH.IMM.IDPT","","","","","","","","","","","","","","","","","","","","","","","","","","","","","","","","","","","","","","","","","","","","","","","","","","","","","","","","","","","","","","","","","","",
"Seychelles","SYC","Immunization, DPT (% of children ages 12-23 months)","SH.IMM.IDPT","","","","","","","","","","","","","","","","","","","","","","13","55","97","95","86","94","89","94","97","99","98","96","96","96","97","99","98","99","99","98","96","99","99","99","99","99","99","99","99","99","99","98","98","99","97","96","97","99","99","97","94","97","97","94","",
"Syrian Arab Republic","SYR","Immunization, DPT (% of children ages 12-23 months)","SH.IMM.IDPT","","","","","","","","","","","","","","","","","","","","","13","14","15","21","25","29","86","42","59","94","91","89","89","90","89","89","88","87","88","87","86","83","86","85","84","83","82","82","81","81","81","72","58","54","56","54","55","61","60","67","62","61","59","66","73","",
"Turks and Caicos Islands","TCA","Immunization, DPT (% of children ages 12-23 months)","SH.IMM.IDPT","","","","","","","","","","","","","","","","","","","","","","","","","","","","","","","","","","","","","","","","","","","","","","","","","","","","","","","","","","","","","","","","","","",
"Chad","TCD","Immunization, DPT (% of children ages 12-23 months)","SH.IMM.IDPT","","","","","","","","","","","","","","","","","","","","","","","","1","3","3","10","14","14","20","20","18","10","13","18","18","20","24","37","45","38","26","25","23","22","26","41","29","19","26","40","33","40","39","36","42","41","41","47","53","55","62","66","67","68","",
"East Asia & Pacific (IDA & IBRD countries)","TEA","Immunization, DPT (% of children ages 12-23 months)","SH.IMM.IDPT","","","","","","","","","","","","","","","","","","","","","5.65670581811133","6.25255127756757","6.27049334040898","45.5402563265141","56.5515505827435","64.0323805400304","68.1429610104087","68.1666750516539","84.5713871614757","87.1359480291866","90.2114991263701","88.0157119871465","85.1674944873096","83.0038955187521","81.6145158532535","78.685842732529","81.382399361407","82.6560419781178","82.7784041072802","82.9710188987016","83.2168716425453","83.6849648110042","81.8148333794866","83.7825535087218","84.7861703798595","84.7377961242537","88.3937574443298","88.4874381224943","91.664708216551","93.5942270801298","93.9040260252116","93.9465192618244","95.0044466983906","93.3746785285957","94.5536229497236","93.7673857331596","94.3190352402628","94.2228824745133","93.2750122972616","93.6933268869622","91.9356294174154","85.7750101524933","92.930452153522","88.0037264757475","87.6600099628738","",
"Europe & Central Asia (IDA & IBRD countries)","TEC","Immunization, DPT (% of children ages 12-23 months)","SH.IMM.IDPT","","","","","","","","","","","","","","","","","","","","","","","","","","","","","","","","","80.7567316616339","76.8639888129542","85.8228915187279","82.9906069060494","86.3677521991176","89.2584427210672","90.684429100757","91.383437097637","93.03947993224","93.8377853965748","91.571898211692","87.6857222658924","92.738429017444","94.8808194116798","94.5346537276958","95.7675604103434","95.6817562296804","94.2452532277689","92.8189313946617","92.7776696713655","94.7673439854048","95.0486269935333","90.1989818701438","90.8564316382987","90.2156455647793","92.6243237966044","94.2778049400403","95.1600103350843","93.2985921902052","93.1068284229229","94.3681361326117","94.8130115392162","93.4715518125059","",
"Togo","TGO","Immunization, DPT (% of children ages 12-23 months)","SH.IMM.IDPT","","","","","","","","","","","","","","","","","","","","","","9","14","18","11","24","37","61","54","72","77","73","69","66","62","58","50","42","42","57","64","50","59","72","71","82","84","82","81","78","83","85","84","84","84","82","82","84","82","86","85","87","86","90","90","",
"Thailand","THA","Immunization, DPT (% of children ages 12-23 months)","SH.IMM.IDPT","","","","","","","","","","","","","","","","","","","","","49","52","49","49","53","62","66","75","80","84","92","90","85","89","93","96","94","95","96","97","97","96","96","98","98","98","98","98","99","99","99","99","99","99","99","99","99","99","97","97","97","92","92","92","92","",
"Tajikistan","TJK","Immunization, DPT (% of children ages 12-23 months)","SH.IMM.IDPT","","","","","","","","","","","","","","","","","","","","","","","","","","","","","","","","","72","64","81","80","75","81","79","82","83","85","85","85","86","84","83","86","86","93","93","96","94","96","97","96","96","97","96","97","97","97","97","96","97","",
"Turkmenistan","TKM","Immunization, DPT (% of children ages 12-23 months)","SH.IMM.IDPT","","","","","","","","","","","","","","","","","","","","","","","","","","","","","","","","","84","73","90","93","97","98","99","98","97","95","98","83","97","99","98","98","96","96","96","97","97","98","98","99","98","99","99","99","98","97","98","98","98","",
"Latin America & the Caribbean (IDA & IBRD countries)","TLA","Immunization, DPT (% of children ages 12-23 months)","SH.IMM.IDPT","","","","","","","","","","","","","","","","","","","","","36.8249288284523","41.9550714065219","46.0404103077346","48.8100184775041","55.6431976149443","55.0490197849285","55.5379191932711","58.4543642822598","61.7516898756696","63.3384997538756","67.6238179219299","77.3640283086983","76.9962412879058","78.3153474826404","79.8477902950319","82.9480834952022","81.5785096687318","82.6150518951971","85.5227943124518","88.5453544404684","90.5718996490484","89.8344635208235","91.2093367937721","92.8097304996577","93.2504139581065","93.6180204563371","93.4817268137445","92.8472748104289","92.0582456837242","93.7007240577105","93.2410396261246","92.8247696025201","93.2251416067724","89.8613240943567","88.5573620623732","89.7447330583254","89.4103908363945","84.6373631708715","85.7803884508348","79.6524429788114","75.9410379817759","75.1225726601151","78.5104892225783","82.7377784288318","81.6437785601351","",
"Timor-Leste","TLS","Immunization, DPT (% of children ages 12-23 months)","SH.IMM.IDPT","","","","","","","","","","","","","","","","","","","","","","","","","","","","","","","","","","","","","","","","","","","54","55","57","55","63","70","79","72","72","67","83","82","77","76","79","83","83","83","83","83","83","83","83","",
"Middle East, North Africa, Afghanistan & Pakistan (IDA & IBRD)","TMN","Immunization, DPT (% of children ages 12-23 months)","SH.IMM.IDPT","","","","","","","","","","","","","","","","","","","","","17.0859438055001","17.6143292965878","22.8098092681927","26.7045723828123","34.6666090301055","48.8722994714242","53.9213114214665","55.9958858689203","64.5562085528643","66.7756385112778","73.2103294164476","67.1150379939884","65.7464444076125","63.5736029830243","61.8366408364745","70.7170322146477","67.1514198795758","68.2717543505785","70.4398691422634","72.2643779715568","73.3866134991671","74.6408280721929","74.7625852987587","75.9074377277931","78.0261267479709","76.5167916915621","75.185304193051","73.6577575414581","73.9862347028846","74.0974803456742","74.0033946465002","77.96275181167","76.5762099477453","77.5858102084442","78.8179844297121","79.2597481768586","81.0535502903394","81.343283089287","83.2621166273819","84.451340849221","80.6123046411617","81.2487115204834","83.3168601594515","83.5395669506439","83.6404325060167","",
"Tonga","TON","Immunization, DPT (% of children ages 12-23 months)","SH.IMM.IDPT","","","","","","","","","","","","","","","","","","","","","40","37","52","63","51","92","75","99","92","93","94","88","99","96","89","95","99","96","97","94","95","94","90","98","99","99","99","99","99","99","99","99","95","99","98","96","96","99","99","99","99","99","99","99","99","",
"South Asia (IDA & IBRD)","TSA","Immunization, DPT (% of children ages 12-23 months)","SH.IMM.IDPT","","","","","","","","","","","","","","","","","","","","","5.90183188284463","6.17496349195773","11.4092743938602","13.2563974749692","15.0126451967095","16.9709399700989","19.0919931337895","28.3505294982651","37.7422449922731","50.1843069792098","69.4929603984181","59.0907495822404","57.3684180522432","62.5683235169606","68.8325200046371","70.6251679028973","67.5013724615944","64.5734977250983","63.4316949920622","62.0245433591556","61.6327544265938","62.7739135142602","62.5299198732418","64.8334709252353","67.9397949585142","68.8573868671669","69.2423255330308","68.2310102639905","73.5627656582605","77.3095014827124","81.1844867951252","83.9213306828603","83.6452632179677","84.7482147536966","86.5906888383266","88.4275954997461","89.2178172243413","90.1353359332812","91.0258804291782","91.936869320795","86.5064754023475","86.6950020026043","93.4920086099538","91.9132106026065","94.4782724522152","",
"Sub-Saharan Africa (IDA & IBRD countries)","TSS","Immunization, DPT (% of children ages 12-23 months)","SH.IMM.IDPT","","","","","","","","","","","","","","","","","","","","","5.22512728389785","11.0078569218505","11.7962937229886","18.5766717647949","24.4965304690575","29.3855196194974","34.275775068542","40.6455342826644","44.1390036083978","49.8101673261771","56.0159817618235","48.5145603174606","48.9405590641614","48.8255630855804","53.2865542732579","52.2680844579664","50.0006839783491","48.6188994758738","47.255866235382","48.515483059114","50.4207199295181","51.292152461498","52.6810010933895","55.7006782969577","58.7876707874853","62.0860935213107","64.1378970880497","65.9578778777531","69.0432345064133","72.3311275564695","71.2483953509236","71.8077699773907","68.6629322367824","68.5407028058027","70.7797956736153","70.2593527632575","73.1893484614327","73.6530282024514","75.0107872595803","76.3004915022959","73.6864644611762","72.7324387066033","72.6867993474019","73.8692230770541","73.9521142094341","",
"Trinidad and Tobago","TTO","Immunization, DPT (% of children ages 12-23 months)","SH.IMM.IDPT","","","","","","","","","","","","","","","","","","","","","26","62","54","60","65","75","70","79","82","77","82","82","87","81","85","89","89","90","91","90","90","91","96","91","94","95","92","88","90","90","90","90","92","92","92","96","97","89","99","93","96","94","93","96","92","",
"Tunisia","TUN","Immunization, DPT (% of children ages 12-23 months)","SH.IMM.IDPT","","","","","","","","","","","","","","","","","","","","","","","","62","66","70","72","84","91","93","93","93","95","94","93","94","95","96","96","99","97","98","96","95","97","98","99","98","99","99","98","98","97","98","98","98","98","98","97","98","97","97","97","97","97","",
"Turkiye","TUR","Immunization, DPT (% of children ages 12-23 months)","SH.IMM.IDPT","","","","","","","","","","","","","","","","","","","","","42","64","58","56","56","55","45","86","86","79","84","72","77","76","87","67","72","79","81","79","85","88","78","68","85","90","90","96","96","96","97","97","97","98","96","97","98","96","98","99","98","95","99","99","99","",
"Tuvalu","TUV","Immunization, DPT (% of children ages 12-23 months)","SH.IMM.IDPT","","","","","","","","","","","","","","","","","","","","","36","49","72","79","37","52","73","59","89","85","99","74","70","80","99","87","97","77","94","83","82","96","98","93","98","93","97","97","99","88","89","96","97","90","89","96","94","96","89","92","95","94","91","94","94","",
"Tanzania","TZA","Immunization, DPT (% of children ages 12-23 months)","SH.IMM.IDPT","","","","","","","","","","","","","","","","","","","","","59","55","50","52","58","67","74","79","85","77","78","81","83","83","84","81","82","79","79","76","79","87","89","95","95","90","90","83","86","85","91","90","92","91","97","96","92","90","89","91","91","86","87","83","83","",
"Uganda","UGA","Immunization, DPT (% of children ages 12-23 months)","SH.IMM.IDPT","","","","","","","","","","","","","","","","","","","","","","9","12","14","14","14","21","30","38","42","45","49","53","56","60","59","57","56","48","50","52","55","57","59","62","64","64","73","71","79","80","82","83","84","85","89","93","94","93","93","89","91","89","91","91","",
"Ukraine","UKR","Immunization, DPT (% of children ages 12-23 months)","SH.IMM.IDPT","","","","","","","","","","","","","","","","","","","","","","","","","","","","","","","","","88","93","97","98","99","99","98","99","99","99","99","97","99","96","98","98","90","71","52","50","76","76","23","23","19","50","69","80","81","78","73","83","88","",
"Upper middle income","UMC","Immunization, DPT (% of children ages 12-23 months)","SH.IMM.IDPT","","","","","","","","","","","","","","","","","","","","","14.5728810548463","16.5619770782424","17.8408728155785","47.1880340482916","57.1897007314074","63.8822014195073","66.6497906731531","68.5449122067148","82.0167264241641","83.2198492427032","86.0732633077485","86.7178150757406","84.7059108405664","83.463450058132","82.8720309171533","81.1466634937779","82.8469505520809","84.255580101207","85.2258386366638","85.767806950482","86.4833054981263","86.8376610744325","85.535572383542","86.523425161698","87.6014117113057","87.9161415654722","90.4292177783787","90.577991338764","92.6562439925105","93.5788961701604","93.4212244929394","93.5396751829963","94.2847209129236","92.8673913091492","92.6023050148391","92.1572344514414","92.4269209737057","92.3452142753151","92.2853707183956","91.2372525167373","88.7511873502147","85.7515551900538","90.8125653512196","89.1668451280312","88.4018615004499","",
"Uruguay","URY","Immunization, DPT (% of children ages 12-23 months)","SH.IMM.IDPT","","","","","","","","","","","","","","","","","","","","","53","57","67","73","62","63","70","85","82","88","97","96","93","92","91","91","91","91","91","93","90","94","95","91","94","96","95","94","94","95","95","95","95","95","95","95","95","93","91","94","92","91","94","95","94","",
"United States","USA","Immunization, DPT (% of children ages 12-23 months)","SH.IMM.IDPT","","","","","","","","","","","","","","","","","","","","","96","96","96","97","97","96","97","97","97","94","90","86","83","88","94","95","95","96","96","96","94","94","94","96","96","96","96","96","96","95","95","96","94","94","95","95","95","94","94","94","93","94","94","94","94","",
"Uzbekistan","UZB","Immunization, DPT (% of children ages 12-23 months)","SH.IMM.IDPT","","","","","","","","","","","","","","","","","","","","","","","","","","","","","","","","","90","45","67","87","95","96","99","99","99","99","99","98","99","99","96","96","98","98","99","99","99","99","99","99","99","99","98","96","95","98","99","99","90","",
"St. Vincent and the Grenadines","VCT","Immunization, DPT (% of children ages 12-23 months)","SH.IMM.IDPT","","","","","","","","","","","","","","","","","","","","","26","32","67","80","86","90","95","97","98","98","98","99","99","99","99","97","99","99","99","95","98","99","99","99","99","99","99","99","99","99","99","96","96","97","98","99","99","99","97","97","97","92","99","94","99","",
"Venezuela, RB","VEN","Immunization, DPT (% of children ages 12-23 months)","SH.IMM.IDPT","","","","","","","","","","","","","","","","","","","","","56","54","53","58","33","49","58","57","56","57","63","64","67","67","63","68","57","60","39","76","77","70","65","68","86","87","71","62","50","84","78","78","81","82","78","87","84","66","60","64","54","56","43","54","62","",
"British Virgin Islands","VGB","Immunization, DPT (% of children ages 12-23 months)","SH.IMM.IDPT","","","","","","","","","","","","","","","","","","","","","","","","","","","","","","","","","","","","","","","","","","","","","","","","","","","","","","","","","","","","","","","","","","",
"Virgin Islands (U.S.)","VIR","Immunization, DPT (% of children ages 12-23 months)","SH.IMM.IDPT","","","","","","","","","","","","","","","","","","","","","","","","","","","","","","","","","","","","","","","","","","","","","","","","","","","","","","","","","","","","","","","","","","",
"Viet Nam","VNM","Immunization, DPT (% of children ages 12-23 months)","SH.IMM.IDPT","","","","","","","","","","","","","","","","","","","","","","","","4","5","42","43","50","70","88","88","88","88","91","94","93","94","95","94","93","96","96","75","99","96","95","94","92","93","96","93","95","97","59","95","97","96","94","75","89","94","83","91","65","97","",
"Vanuatu","VUT","Immunization, DPT (% of children ages 12-23 months)","SH.IMM.IDPT","","","","","","","","","","","","","","","","","","","","","","","22","27","28","30","31","56","58","61","76","83","77","86","74","73","67","72","72","71","71","70","70","69","69","68","68","70","73","75","77","79","82","84","86","80","81","85","85","90","78","62","68","72","71","",
"World","WLD","Immunization, DPT (% of children ages 12-23 months)","SH.IMM.IDPT","","","","","","","","","","","","","","","","","","","","","16.7405758132439","20.0954742201812","22.3660733386295","35.8987240593059","42.2424110949152","46.665610796017","49.8845383932467","54.2602282788755","63.2586240746364","68.3690791106126","76.0327968176133","71.9085688410613","70.5004586346573","70.3934714901017","72.777824722256","73.1566070036737","72.3373972657821","71.457790497637","71.3561125835066","71.7920251332574","72.3007318349417","73.005523232486","72.7095243275823","74.368259450615","76.3950384923898","77.2658510295097","78.4470662402932","78.4443219702693","81.060247787498","83.1140066021536","83.6605290817133","84.7615373585654","84.026303372746","83.6584806788247","84.6611954111928","84.8338185916175","85.9144026093343","85.9199177274456","86.5663837778506","86.7603989404926","83.5467575655038","82.0717055937382","85.079535715363","84.4904980090815","84.7805894211456","",
"Samoa","WSM","Immunization, DPT (% of children ages 12-23 months)","SH.IMM.IDPT","","","","","","","","","","","","","","","","","","","","","29","66","87","89","96","89","94","93","90","66","90","79","91","92","93","94","95","96","99","97","98","90","92","90","63","59","50","65","39","64","78","82","82","84","78","80","74","67","44","68","89","85","76","83","85","",
"Kosovo","XKX","Immunization, DPT (% of children ages 12-23 months)","SH.IMM.IDPT","","","","","","","","","","","","","","","","","","","","","","","","","","","","","","","","","","","","","","","","","","","","","","","","","","","","","","","","","","","","","","","","","","",
"Yemen, Rep.","YEM","Immunization, DPT (% of children ages 12-23 months)","SH.IMM.IDPT","","","","","","","","","","","","","","","","","","","","","1","3","4","5","7","12","13","18","36","56","84","47","50","54","33","44","47","40","68","71","74","73","65","61","72","79","78","79","78","76","76","69","67","71","70","63","63","59","54","60","57","56","58","46","42","",
"South Africa","ZAF","Immunization, DPT (% of children ages 12-23 months)","SH.IMM.IDPT","","","","","","","","","","","","","","","","","","","","","","","","74","75","75","70","72","70","71","72","81","79","81","73","72","73","76","75","74","73","71","70","69","74","81","84","85","82","81","77","75","71","81","85","85","85","84","82","85","84","86","85","79","74","",
"Zambia","ZMB","Immunization, DPT (% of children ages 12-23 months)","SH.IMM.IDPT","","","","","","","","","","","","","","","","","","","","","","","","49","59","66","66","83","83","83","91","79","83","86","90","86","84","83","84","84","85","85","84","83","83","82","81","80","87","94","83","81","78","79","86","90","95","94","90","88","84","91","92","90","91","",
"Zimbabwe","ZWE","Immunization, DPT (% of children ages 12-23 months)","SH.IMM.IDPT","","","","","","","","","","","","","","","","","","","","","","39","46","53","60","63","75","84","85","87","88","87","86","85","87","88","90","86","84","81","78","75","71","68","65","68","70","73","75","73","89","93","95","95","91","87","90","89","89","90","86","88","90","90","91","",
