"Data Source","World Development Indicators",

"Last Updated Date","2026-07-13",

"Country Name","Country Code","Indicator Name","Indicator Code","1960","1961","1962","1963","1964","1965","1966","1967","1968","1969","1970","1971","1972","1973","1974","1975","1976","1977","1978","1979","1980","1981","1982","1983","1984","1985","1986","1987","1988","1989","1990","1991","1992","1993","1994","1995","1996","1997","1998","1999","2000","2001","2002","2003","2004","2005","2006","2007","2008","2009","2010","2011","2012","2013","2014","2015","2016","2017","2018","2019","2020","2021","2022","2023","2024","2025",
"Aruba","ABW","Domestic general government health expenditure per capita (current US$)","SH.XPD.GHED.PC.CD","","","","","","","","","","","","","","","","","","","","","","","","","","","","","","","","","","","","","","","","","","","","","","","","","","","","","","","","","","","","","","","","","","",
"Africa Eastern and Southern","AFE","Domestic general government health expenditure per capita (current US$)","SH.XPD.GHED.PC.CD","","","","","","","","","","","","","","","","","","","","","","","","","","","","","","","","","","","","","","","","","15.1493322663855","13.1784168793093","12.3512144314983","19.4991513115564","23.6491704335356","26.2890402642675","31.2606329827614","35.7070811730507","36.4822340805557","39.4683842173093","46.2607686280187","50.284223916404","48.8472060941672","45.0606647686386","44.9752682110567","40.915409517098","38.4439748264035","42.0163721606013","42.4849711447495","41.1302714238029","42.3306789985075","47.8253218650733","45.6350382289778","42.3053923600888","","",
"Afghanistan","AFG","Domestic general government health expenditure per capita (current US$)","SH.XPD.GHED.PC.CD","","","","","","","","","","","","","","","","","","","","","","","","","","","","","","","","","","","","","","","","","","","0.14892995","1.2919895","1.18582148","1.33589505","1.35634352","1.84915566","2.44143601","2.33670096","2.54156102","2.92573274","2.27743104","2.82754417","2.97861076","3.09918546","3.11639278","3.40522414","2.76909213","2.48218497","6.11595245","2.69241566","0.63391294","0.97652657","","",
"Africa Western and Central","AFW","Domestic general government health expenditure per capita (current US$)","SH.XPD.GHED.PC.CD","","","","","","","","","","","","","","","","","","","","","","","","","","","","","","","","","","","","","","","","","3.81410057515745","4.80747487537436","4.46069905593817","6.76666000003279","9.31188630932119","11.1656949345681","11.632643888611","12.0718593125488","13.1738937835947","11.800030541352","12.1803784675982","13.8701457483005","14.7174191879248","15.2524585574175","14.3226992702677","13.7764637499927","11.690707858199","12.5191914542786","12.7330875657286","14.1017580653546","16.4570390579366","17.1746438202205","17.4173046221645","16.1070543017104","","",
"Angola","AGO","Domestic general government health expenditure per capita (current US$)","SH.XPD.GHED.PC.CD","","","","","","","","","","","","","","","","","","","","","","","","","","","","","","","","","","","","","","","","","7.66037142","13.3549479","11.54402398","14.54896293","21.35634213","24.50699757","37.79336142","54.0884263","87.7414427","81.56714082","60.22295928","79.08060033","79.51167853","88.56893309","70.71669421","50.93115862","41.49649962","52.18087028","35.74916779","29.33039764","29.04446365","37.06001743","52.24886737","33.87099617","","",
"Albania","ALB","Domestic general government health expenditure per capita (current US$)","SH.XPD.GHED.PC.CD","","","","","","","","","","","","","","","","","","","","","","","","","","","","","","","","","","","","","","","","","30.46627641","34.34562923","35.97817773","47.62878791","65.33530667","70.34032402","76.89747398","97.07583389","99.01202267","95.91939419","96.8704002","106.17220272","103.94307838","113.26875916","118.15369652","106.37124893","117.94243128","124.63752239","150.53332354","156.35488737","157.8598434","184.771879","250.70115568","292.92451014","","",
"Andorra","AND","Domestic general government health expenditure per capita (current US$)","SH.XPD.GHED.PC.CD","","","","","","","","","","","","","","","","","","","","","","","","","","","","","","","","","","","","","","","","","846.48664869","899.00248346","1054.79146477","1208.88965922","1277.87388678","1463.12445309","1287.55222349","1429.25430777","1818.29985315","1817.89248125","2431.739854","2616.26483331","1938.35381778","2024.85394325","2135.5440396","1921.96854101","2008.55930017","2069.02390856","2234.79774116","2154.82026195","2382.4043855","2616.82594187","2348.45873809","2552.56689617","","",
"Arab World","ARB","Domestic general government health expenditure per capita (current US$)","SH.XPD.GHED.PC.CD","","","","","","","","","","","","","","","","","","","","","","","","","","","","","","","","","","","","","","","","","60.9751850370242","64.8867918573431","63.2968260458189","61.6517171216772","67.253501056746","75.8869582962356","87.8103438089171","101.990395542311","120.353830484697","134.585915830333","135.320490364804","159.15550119726","172.430662209495","178.837655263333","196.121923326186","180.271270182474","188.758870382233","179.894840996701","188.099184952484","192.600859625679","205.257234003441","210.336131389758","216.821096502389","231.470847486241","","",
"United Arab Emirates","ARE","Domestic general government health expenditure per capita (current US$)","SH.XPD.GHED.PC.CD","","","","","","","","","","","","","","","","","","","","","","","","","","","","","","","","","","","","","","","","","485.96447217","530.82708996","461.82610881","480.94414437","469.27888475","510.64004829","590.89190145","690.29218744","936.81406947","1128.10050761","1147.82942054","1294.59726634","1241.52078625","1288.0679343","1261.05950746","1054.15757799","1215.02139075","929.16449253","965.85004893","1004.27129642","1313.89126482","1442.37937172","1473.80843182","1603.71980058","","",
"Argentina","ARG","Domestic general government health expenditure per capita (current US$)","SH.XPD.GHED.PC.CD","","","","","","","","","","","","","","","","","","","","","","","","","","","","","","","","","","","","","","","","","384.34409569","357.62808331","116.35328229","141.90096464","147.02607246","201.14393658","239.22822406","307.40615582","405.0315394","473.09602805","575.33511088","726.63572225","847.22902495","906.6709457","844.26234118","1009.11611293","835.37317412","971.19362879","718.21522553","619.19929423","596.68757433","681.66021311","830.15628961","877.48707575","","",
"Armenia","ARM","Domestic general government health expenditure per capita (current US$)","SH.XPD.GHED.PC.CD","","","","","","","","","","","","","","","","","","","","","","","","","","","","","","","","","","","","","","","","","5.83862061","9.19713188","9.11324494","11.14312379","15.31341697","24.09867493","33.86978734","49.94578514","58.63086242","53.1906267","53.27566152","58.03911051","57.34451567","52.34982057","59.80617709","58.17199341","59.16054853","54.27700523","52.85832925","66.20586604","103.05868926","105.82867993","116.19006285","120.49340595","","",
"American Samoa","ASM","Domestic general government health expenditure per capita (current US$)","SH.XPD.GHED.PC.CD","","","","","","","","","","","","","","","","","","","","","","","","","","","","","","","","","","","","","","","","","","","","","","","","","","","","","","","","","","","","","","","","","","",
"Antigua and Barbuda","ATG","Domestic general government health expenditure per capita (current US$)","SH.XPD.GHED.PC.CD","","","","","","","","","","","","","","","","","","","","","","","","","","","","","","","","","","","","","","","","","300.87047954","338.0523402","326.7167496","367.62998538","346.89286494","356.71661816","352.20952806","366.65399486","352.31981677","334.58434437","422.26287035","408.47963405","424.18586689","414.50436345","489.10708112","471.90984369","456.79027155","444.31131937","514.45988256","472.28092501","550.27520503","531.44510542","573.10819036","496.16586761","","",
"Australia","AUS","Domestic general government health expenditure per capita (current US$)","SH.XPD.GHED.PC.CD","","","","","","","","","","","","","","","","","","","","","","","","","","","","","","","","","","","","","","","","","1168.58582352","1102.44736392","1261.02385725","1588.86086887","1967.15225145","2152.15961063","2275.31144077","2765.19345572","2953.54116811","2912.71258865","3580.21155105","4305.42356763","4301.76938843","3936.26225659","4275.7677148","3756.94569681","3869.0194998","4127.52550317","4164.99577735","4074.82175659","4378.66729727","5353.37648184","4995.14757496","5141.81031894","","",
"Austria","AUT","Domestic general government health expenditure per capita (current US$)","SH.XPD.GHED.PC.CD","","","","","","","","","","","","","","","","","","","","","","","","","","","","","","","","","","","","","","","","","1683.5266197","1680.61045571","1836.37049358","2259.78355666","2593.96070461","2699.1989081","2836.42470278","3262.9883222","3739.8988765","3596.72002953","3477.52095806","3761.45774606","3623.48750004","3782.0809688","3916.9193493","3348.35675575","3415.26886486","3649.14887179","3978.72045471","3943.75106512","4250.84977062","5089.4557852","4548.22639814","4795.06437177","","",
"Azerbaijan","AZE","Domestic general government health expenditure per capita (current US$)","SH.XPD.GHED.PC.CD","","","","","","","","","","","","","","","","","","","","","","","","","","","","","","","","","","","","","","","","","5.59121306","5.56928255","5.53471208","6.70258595","8.80982186","13.72276402","20.90210055","34.06126835","47.26319132","55.49803183","58.6200347","67.68953062","82.9135293","83.19700495","88.28912615","71.03499415","44.72077091","41.17815586","41.70082716","50.94737249","97.62265976","79.35650233","72.95872942","97.81896226","","",
"Burundi","BDI","Domestic general government health expenditure per capita (current US$)","SH.XPD.GHED.PC.CD","","","","","","","","","","","","","","","","","","","","","","","","","","","","","","","","","","","","","","","","","1.9708445","2.23645831","1.85700695","1.50947182","2.96452195","3.03668547","3.8271669","4.09397167","2.95459941","4.12895605","4.30267791","7.985924","6.18481601","3.61865319","6.98205861","6.7989748","5.88765435","5.55134919","5.26884345","5.59227403","5.28159969","5.75012206","4.66674344","4.14727526","","",
"Belgium","BEL","Domestic general government health expenditure per capita (current US$)","SH.XPD.GHED.PC.CD","","","","","","","","","","","","","","","","","","","","","","","","","","","","","","","","","","","","","","","","","1378.75932165","1416.1947546","1536.92386402","2085.49441037","2483.52330602","2546.18121975","2643.30572674","3013.78913021","3523.97784008","3538.11992089","3453.80932392","3754.83249855","3597.31125556","3763.9872348","3866.04774308","3392.301489","3486.9325843","3670.27462054","3964.87564851","3787.673403","4011.11677269","4398.03893114","4055.03110045","4368.56495307","","",
"Benin","BEN","Domestic general government health expenditure per capita (current US$)","SH.XPD.GHED.PC.CD","","","","","","","","","","","","","","","","","","","","","","","","","","","","","","","","","","","","","","","","","5.5282638","5.91192632","5.12115542","7.11383451","8.75393837","8.16736696","8.6017994","8.7111773","7.87507709","8.88763568","7.32166396","6.90207939","8.00284663","8.93796979","6.92921333","5.9225499","7.21412329","7.45205508","7.6729052","5.15910829","6.13564555","4.40088277","6.42340842","6.8243476","","",
"Burkina Faso","BFA","Domestic general government health expenditure per capita (current US$)","SH.XPD.GHED.PC.CD","","","","","","","","","","","","","","","","","","","","","","","","","","","","","","","","","","","","","","","","","2.39274067","2.52121085","3.02219274","3.5519426","6.86392641","5.3947869","6.5183009","7.37094309","8.43124883","9.87644001","8.16387231","9.76029624","7.78650848","12.25013884","12.44316982","9.17579828","15.84240991","19.04949663","16.54260849","17.16469763","23.59401043","24.50182223","22.82665384","22.55664526","","",
"Bangladesh","BGD","Domestic general government health expenditure per capita (current US$)","SH.XPD.GHED.PC.CD","","","","","","","","","","","","","","","","","","","","","","","","","","","","","","","","","","","","","","","","","2.33102689","1.75518259","2.20077331","2.4573529","2.59642283","2.47526197","2.74132845","3.15697295","3.25540289","3.52907081","4.24147434","4.64598895","4.67684189","5.13671364","5.53887644","5.67753408","7.82326509","8.95284991","9.39170455","7.65134365","7.99174165","9.60347392","8.73902363","7.74334032","","",
"Bulgaria","BGR","Domestic general government health expenditure per capita (current US$)","SH.XPD.GHED.PC.CD","","","","","","","","","","","","","","","","","","","","","","","","","","","","","","","","","","","","","","","","","56.2850303","67.18396259","87.91286595","118.84364516","138.53303846","159.49854216","163.76174839","201.38201398","252.36699808","247.12506234","267.77277696","300.93875305","283.79798622","313.18160924","358.84463572","298.61154382","319.645078","355.7351097","414.85630677","433.65173031","542.47800799","714.13662662","667.20066801","790.08289404","","",
"Bahrain","BHR","Domestic general government health expenditure per capita (current US$)","SH.XPD.GHED.PC.CD","","","","","","","","","","","","","","","","","","","","","","","","","","","","","","","","","","","","","","","","","320.9773936","328.03367074","334.28051575","349.99440765","355.42058588","389.86822441","401.33937878","435.10104685","479.25233874","554.72910636","565.07181689","602.1758052","678.4250516","726.882032","729.19875542","733.56992119","672.52294297","614.39279359","612.94845343","600.37062918","693.30444194","750.21906439","720.94673098","696.84904765","","",
"Bahamas, The","BHS","Domestic general government health expenditure per capita (current US$)","SH.XPD.GHED.PC.CD","","","","","","","","","","","","","","","","","","","","","","","","","","","","","","","","","","","","","","","","","375.55483546","397.3784646","404.24328644","430.38549501","429.50315814","454.09864281","483.66019821","540.99123001","612.6918242","645.79583311","650.93151439","643.3731951","660.57532665","711.51427385","727.93674984","704.56515814","822.62537008","1120.74916035","897.6628836","947.80875347","1100.20343205","1008.34540067","1319.2390324","1143.8040243","","",
"Bosnia and Herzegovina","BIH","Domestic general government health expenditure per capita (current US$)","SH.XPD.GHED.PC.CD","","","","","","","","","","","","","","","","","","","","","","","","","","","","","","","","","","","","","","","","","54.52850938","59.92858653","71.03812427","111.43070231","126.60674576","131.88266765","153.46582695","201.33524137","255.75557203","278.45961435","276.44014979","309.23549575","305.44104329","331.19226529","346.95900236","298.21296523","319.35074948","330.51764373","370.19392623","375.53892962","414.0052326","476.119003","439.01327117","520.09468993","","",
"Belarus","BLR","Domestic general government health expenditure per capita (current US$)","SH.XPD.GHED.PC.CD","","","","","","","","","","","","","","","","","","","","","","","","","","","","","","","","","","","","","","","","","44.86246789","54.74235614","62.35794734","82.45937135","108.13120299","146.12114365","158.53142768","195.55992686","229.53084847","186.23154075","232.12447887","201.3683102","239.03829472","284.78596825","280.62313847","219.38252684","210.65683064","229.4034401","246.96385176","281.60586919","298.02258542","359.29131376","357.37170139","372.64830161","","",
"Belize","BLZ","Domestic general government health expenditure per capita (current US$)","SH.XPD.GHED.PC.CD","","","","","","","","","","","","","","","","","","","","","","","","","","","","","","","","","","","","","","","","","63.98850728","83.28400369","88.93868584","86.97103931","88.19314349","93.97618361","109.08657072","136.91970821","166.44204088","156.32662992","162.41568983","166.80130264","163.63223205","174.06021772","186.00852195","195.17785611","205.78216367","195.30603776","197.64960183","205.17323733","198.58630003","215.23325007","184.7670502","201.35335536","","",
"Bermuda","BMU","Domestic general government health expenditure per capita (current US$)","SH.XPD.GHED.PC.CD","","","","","","","","","","","","","","","","","","","","","","","","","","","","","","","","","","","","","","","","","","","","","","","","","","","","","","","","","","","","","","","","","","",
"Bolivia","BOL","Domestic general government health expenditure per capita (current US$)","SH.XPD.GHED.PC.CD","","","","","","","","","","","","","","","","","","","","","","","","","","","","","","","","","","","","","","","","","23.73083727","24.31462855","23.1126794","24.60114382","24.16749834","28.09116303","31.40362449","37.59602028","45.73420926","54.67614756","58.99933288","69.94304642","77.17410375","93.63241661","112.30233743","129.02166391","134.47230446","147.05067897","167.96498983","171.57260293","179.87045259","199.11450071","168.18526058","171.59748467","","",
"Brazil","BRA","Domestic general government health expenditure per capita (current US$)","SH.XPD.GHED.PC.CD","","","","","","","","","","","","","","","","","","","","","","","","","","","","","","","","","","","","","","","","","130.7047909","111.58262103","105.28003965","108.46625487","127.02191701","161.50153192","210.14627144","258.20006698","312.18528874","321.75429444","407.89699037","464.28411806","420.05788202","442.43258634","454.03524589","344.39804222","348.85604514","398.49780034","361.72522115","353.70049932","295.12869329","343.35640636","395.35614908","445.6055761","","",
"Barbados","BRB","Domestic general government health expenditure per capita (current US$)","SH.XPD.GHED.PC.CD","","","","","","","","","","","","","","","","","","","","","","","","","","","","","","","","","","","","","","","","","322.77685917","342.70824567","368.88900656","454.84827528","559.48136237","551.25629182","578.66602582","568.33513346","628.8085765","635.21991847","595.40937697","563.91879861","716.4432408","640.83732114","553.97723197","540.01682008","543.78245762","532.53663605","531.93188678","524.24959818","609.5229833","755.55741205","586.41402098","535.7071287","","",
"Brunei Darussalam","BRN","Domestic general government health expenditure per capita (current US$)","SH.XPD.GHED.PC.CD","","","","","","","","","","","","","","","","","","","","","","","","","","","","","","","","","","","","","","","","","436.87793072","394.43343764","403.34104378","452.53105729","524.07903391","549.95310591","567.10374942","619.59545084","711.95513373","669.05298522","730.21917985","791.38684344","792.40988711","756.74198864","727.80525822","694.69043779","645.63297272","601.80063493","711.39822878","640.49040236","619.64980633","619.41420193","597.19586786","678.28850969","","",
"Bhutan","BTN","Domestic general government health expenditure per capita (current US$)","SH.XPD.GHED.PC.CD","","","","","","","","","","","","","","","","","","","","","","","","","","","","","","","","","","","","","","","","","24.3707823","25.11518028","25.81509331","25.69859652","30.42451506","29.90558604","30.29675759","41.78113403","39.81210414","44.12301313","52.15700954","57.08608745","58.50959071","59.52579822","60.17081829","71.92506831","72.05198345","77.2277952","81.15022211","85.13131815","104.63741452","78.17639166","75.32982891","108.10589116","","",
"Botswana","BWA","Domestic general government health expenditure per capita (current US$)","SH.XPD.GHED.PC.CD","","","","","","","","","","","","","","","","","","","","","","","","","","","","","","","","","","","","","","","","","110.23638869","111.78326007","116.37255173","151.44539416","167.59717272","153.17272958","147.69433394","173.0151953","201.85658374","173.33739027","224.20551517","262.67839923","270.15368942","276.99812575","284.21060237","253.95015474","258.97910501","356.39495476","306.876523","313.07052014","283.33924769","376.98816882","358.75471313","369.45645879","","",
"Central African Republic","CAF","Domestic general government health expenditure per capita (current US$)","SH.XPD.GHED.PC.CD","","","","","","","","","","","","","","","","","","","","","","","","","","","","","","","","","","","","","","","","","3.89199864","3.48332084","3.53497367","4.47814804","4.61428683","3.41263081","4.31361982","5.00488744","3.79158801","3.34143171","2.75021569","2.21734988","3.38952886","3.58603686","2.91429313","1.66988994","2.3212538","3.15086408","3.21596194","3.77337779","5.79582938","6.38819603","7.19933295","7.72851315","","",
"Canada","CAN","Domestic general government health expenditure per capita (current US$)","SH.XPD.GHED.PC.CD","","","","","","","","","","","","","","","","","","","","","","","","","","","","","","","","","","","","","","","","","1448.40668757","1486.51749815","1546.44208534","1853.99543802","2116.01495128","2387.14382587","2612.97748912","2918.28924208","3110.97831331","3061.30568339","3539.21546668","3795.19306293","3894.0714465","3874.36167502","3688.52061219","3302.72908502","3247.89281318","3409.4560567","3517.9554276","3545.62883963","4170.6082452","4734.20062046","4438.94384539","4349.83230253","4476.85623023","",
"Central Europe and the Baltics","CEB","Domestic general government health expenditure per capita (current US$)","SH.XPD.GHED.PC.CD","","","","","","","","","","","","","","","","","","","","","","","","","","","","","","","","","","","","","","","","","163.609044254039","185.755285757538","221.330367375691","277.921310595147","324.771386418582","383.357680124524","424.503044101399","533.167214803177","683.426675409725","621.539916507162","642.882633815721","673.571017670296","624.350411200804","666.987263748897","684.587547650214","596.851144886091","622.847059079426","686.99674945458","786.920830798946","815.961501398666","902.269943808634","1070.04585023205","1043.93600149114","1246.74916192105","","",
"Switzerland","CHE","Domestic general government health expenditure per capita (current US$)","SH.XPD.GHED.PC.CD","","","","","","","","","","","","","","","","","","","","","","","","","","","","","","","","","","","","","","","","","1014.13297466","1124.23802074","1316.73336663","1571.8945545","1727.56303464","1757.68192247","1731.63475024","1880.97157467","2236.33255839","2335.17402369","2539.79242602","3073.85796119","3047.74201432","3098.29310742","3185.12976489","3077.02894736","3090.89533496","3138.01628741","3198.14767363","3220.24631864","3678.53349522","3994.24155376","3812.2027632","3898.34094916","","",
"Channel Islands","CHI","Domestic general government health expenditure per capita (current US$)","SH.XPD.GHED.PC.CD","","","","","","","","","","","","","","","","","","","","","","","","","","","","","","","","","","","","","","","","","","","","","","","","","","","","","","","","","","","","","","","","","","",
"Chile","CHL","Domestic general government health expenditure per capita (current US$)","SH.XPD.GHED.PC.CD","","","","","","","","","","","","","","","","","","","","","","","","","","","","","","","","","","","","","","","","","126.44497018","117.68631938","119.95828692","132.39955067","166.92908151","194.96569477","233.97249812","271.7496466","312.97886321","342.38391234","405.91099327","464.24057547","513.15691899","558.34094083","543.54993869","538.81190558","579.89235989","682.25412774","733.09528331","691.55450938","718.23489415","846.09572147","784.19192875","896.14836959","853.79141258","",
"China","CHN","Domestic general government health expenditure per capita (current US$)","SH.XPD.GHED.PC.CD","","","","","","","","","","","","","","","","","","","","","","","","","","","","","","","","","","","","","","","","","9.4071758","10.16636216","12.67360924","16.04384061","19.44129987","23.91401916","28.9842905","38.46292616","59.58877775","81.44606071","98.03610583","128.50229104","158.67694616","187.74436581","211.63169496","236.57014804","231.34530889","249.32875592","284.40070347","301.72231266","319.01361894","362.39723925","435.83493412","435.87046317","","",
"Cote d'Ivoire","CIV","Domestic general government health expenditure per capita (current US$)","SH.XPD.GHED.PC.CD","","","","","","","","","","","","","","","","","","","","","","","","","","","","","","","","","","","","","","","","","4.92453742","4.34234234","4.9939796","5.71556382","6.55058921","6.22871796","6.68587072","9.0999999","10.61962714","12.82684994","12.86064945","8.96405364","11.77271491","13.14245246","15.49741397","14.59856364","15.88833059","18.32043315","19.1485171","20.63144067","29.03030455","39.05283135","34.78299225","35.79705825","","",
"Cameroon","CMR","Domestic general government health expenditure per capita (current US$)","SH.XPD.GHED.PC.CD","","","","","","","","","","","","","","","","","","","","","","","","","","","","","","","","","","","","","","","","","4.57101766","5.58268912","7.04151132","8.47586388","7.9964917","7.45090519","7.72186307","7.54214712","8.21752337","6.54714725","5.68323096","8.67433582","9.27550332","7.57046427","9.72798401","5.14828493","5.27569638","2.11259902","5.66157484","6.32829881","9.44591998","8.1746975","10.72591004","11.62274284","","",
"Congo, Dem. Rep.","COD","Domestic general government health expenditure per capita (current US$)","SH.XPD.GHED.PC.CD","","","","","","","","","","","","","","","","","","","","","","","","","","","","","","","","","","","","","","","","","0.74352572","0.22044757","0.16944773","0.37090691","0.36617992","0.44389999","0.5396442","0.65161731","0.89637356","0.87506385","1.25141795","1.29141919","2.13075712","2.14920562","2.52273228","3.09762851","2.4381246","1.80539544","2.60716793","3.03834808","3.30221525","3.61909578","4.4810363","4.3869015","","",
"Congo, Rep.","COG","Domestic general government health expenditure per capita (current US$)","SH.XPD.GHED.PC.CD","","","","","","","","","","","","","","","","","","","","","","","","","","","","","","","","","","","","","","","","","5.93380231","8.96703294","4.31311127","5.620118","6.22817259","7.77433133","11.67323897","12.94136267","31.13279453","14.02912642","24.4089272","22.12056528","30.56539207","34.63185457","34.08969078","26.09707824","23.43401083","20.06735896","16.71232748","25.61217073","34.57776231","39.0631843","18.59499083","25.68402894","","",
"Colombia","COL","Domestic general government health expenditure per capita (current US$)","SH.XPD.GHED.PC.CD","","","","","","","","","","","","","","","","","","","","","","","","","","","","","","","","","","","","","","","","","100.40738585","103.92763536","100.70741633","100.37665322","117.36533099","150.59505253","173.08110105","218.75179128","262.9948719","276.61989674","326.77741708","368.85335119","382.14773981","405.84693844","414.18487043","332.97661424","315.67104319","353.45732172","367.32788741","354.52148387","330.48381757","413.49412526","357.19962773","401.69897033","449.51626359","",
"Comoros","COM","Domestic general government health expenditure per capita (current US$)","SH.XPD.GHED.PC.CD","","","","","","","","","","","","","","","","","","","","","","","","","","","","","","","","","","","","","","","","","5.64738343","3.639677","7.31509606","8.18558995","8.48532596","7.67737513","7.34747621","7.29965374","6.30570119","5.34607209","5.22299622","14.65160628","11.85313767","10.57847839","8.96585132","6.19654436","7.83787778","9.62355554","11.69287192","12.57189089","19.6432668","14.69715369","12.79996089","13.20605753","","",
"Cabo Verde","CPV","Domestic general government health expenditure per capita (current US$)","SH.XPD.GHED.PC.CD","","","","","","","","","","","","","","","","","","","","","","","","","","","","","","","","","","","","","","","","","42.45136274","46.40479522","50.31913328","62.10102193","66.67031858","66.39965555","74.95369671","90.77570509","87.47573312","93.16787029","92.36904474","104.5245189","104.61692194","110.39780548","110.48785375","98.9225539","99.944698","99.39557445","133.24628142","141.88993757","164.79145092","182.09204234","184.73594136","169.93649485","","",
"Costa Rica","CRI","Domestic general government health expenditure per capita (current US$)","SH.XPD.GHED.PC.CD","","","","","","","","","","","","","","","","","","","","","","","","","","","","","","","","","","","","","","","","","162.50844846","169.13648238","186.8229964","193.03972676","193.94200191","200.49356824","240.98432125","284.32230155","351.38082252","381.0071169","479.94859938","528.85321544","557.33734039","589.25795236","593.90397716","646.63156318","648.71864888","637.88943251","664.07707224","674.89936683","696.44386906","687.33012202","674.97706544","781.23759736","","",
"Caribbean small states","CSS","Domestic general government health expenditure per capita (current US$)","SH.XPD.GHED.PC.CD","","","","","","","","","","","","","","","","","","","","","","","","","","","","","","","","","","","","","","","","","125.431481121879","132.008614208103","145.481057698439","163.214345298321","181.5128334216","209.802727367501","220.101885495526","246.980585520659","277.407062224039","289.831109666715","299.881737897137","312.16746311282","329.46378340497","353.264734767361","356.203918626524","381.498569682045","383.245358983847","421.40434557449","406.056743628821","424.156596747354","433.165501032112","451.04333038225","483.444045636086","478.701564225846","","",
"Cuba","CUB","Domestic general government health expenditure per capita (current US$)","SH.XPD.GHED.PC.CD","","","","","","","","","","","","","","","","","","","","","","","","","","","","","","","","","","","","","","","","","151.5693181","161.2148887","172.132777","180.92877276","185.8835622","281.33074478","331.11070345","513.10006629","554.2521611","620.15222494","552.46493607","619.18614156","521.73858222","624.00091201","783.1042566","895.25202869","887.94128219","881.34265741","871.32175963","911.00330121","1091.70347288","","","","","",
"Curacao","CUW","Domestic general government health expenditure per capita (current US$)","SH.XPD.GHED.PC.CD","","","","","","","","","","","","","","","","","","","","","","","","","","","","","","","","","","","","","","","","","","","","","","","","","","","","","","","","","","","","","","","","","","",
"Cayman Islands","CYM","Domestic general government health expenditure per capita (current US$)","SH.XPD.GHED.PC.CD","","","","","","","","","","","","","","","","","","","","","","","","","","","","","","","","","","","","","","","","","","","","","","","","","","","","","","","","","","","","","","","","","","",
"Cyprus","CYP","Domestic general government health expenditure per capita (current US$)","SH.XPD.GHED.PC.CD","","","","","","","","","","","","","","","","","","","","","","","","","","","","","","","","","","","","","","","","","308.27648521","327.18671488","395.19348466","503.29116735","531.35339519","566.50520102","631.33856537","731.29557152","896.84198561","895.4440157","935.62803464","1002.41883006","872.10744523","876.06203195","794.8599209","660.47036216","680.80040955","722.76444967","835.35844578","1115.48316185","1755.48726609","2317.88152731","2100.10414826","2226.34116142","","",
"Czechia","CZE","Domestic general government health expenditure per capita (current US$)","SH.XPD.GHED.PC.CD","","","","","","","","","","","","","","","","","","","","","","","","","","","","","","","","","","","","","","","","","304.18500068","339.77447985","438.38212793","560.46039781","653.80273929","726.68378866","805.5387203","930.24390895","1173.89027622","1195.37963261","1281.23325893","1393.71739579","1277.39978362","1274.33149255","1270.06266703","1103.96483111","1161.87396575","1281.97429012","1482.13329662","1526.63381613","1853.10118673","2195.5748864","2060.87545841","2252.80114474","","",
"Germany","DEU","Domestic general government health expenditure per capita (current US$)","SH.XPD.GHED.PC.CD","","","","","","","","","","","","","","","","","","","","","","","","","","","","","","","","","","","","","","","","","1833.72513401","1834.84232241","1998.5091196","2441.165167","2626.56455521","2693.54149727","2783.18906897","3145.23697223","3516.45216565","3538.37487172","3492.42149602","3801.45593592","3597.50279187","3900.01953366","4091.85285375","3564.46086724","3672.85563704","3938.0051213","4263.12431921","4240.74903948","4677.61554533","5293.13711176","5010.45173701","5059.26060095","","",
"Djibouti","DJI","Domestic general government health expenditure per capita (current US$)","SH.XPD.GHED.PC.CD","","","","","","","","","","","","","","","","","","","","","","","","","","","","","","","","","","","","","","","","","14.73145575","13.15562484","13.53287244","16.28638513","16.28800644","16.56994689","21.7729202","23.61336094","28.3243147","29.77602738","30.80122574","39.30130183","37.14756023","37.48983419","38.98350953","40.57703751","33.36855742","30.01998296","36.4200352","36.47724261","30.52297744","23.1981639","33.46917835","35.75288516","","",
"Dominica","DMA","Domestic general government health expenditure per capita (current US$)","SH.XPD.GHED.PC.CD","","","","","","","","","","","","","","","","","","","","","","","","","","","","","","","","","","","","","","","","","163.4889762","128.14751803","118.79072923","135.3535189","137.56195699","148.01131067","152.90050741","154.30439767","173.99451674","189.87974069","212.190806","228.66831381","244.69852299","234.47332515","237.44828077","249.80269532","275.74504717","286.98800777","334.20846015","300.15431803","283.12391532","333.24483839","409.62558377","330.60748136","","",
"Denmark","DNK","Domestic general government health expenditure per capita (current US$)","SH.XPD.GHED.PC.CD","","","","","","","","","","","","","","","","","","","","","","","","","","","","","","","","","","","","","","","","","2070.65463306","2166.85697948","2423.42086804","3022.67035329","3500.26591511","3714.94895921","4000.72631175","4565.31506924","5140.08052171","5243.60907399","5188.02012583","5394.06413851","5193.40174818","5338.04253156","5444.85864728","4641.23759123","4717.33644882","4884.11867115","5208.50899287","5064.36615717","5499.68936017","6278.87289774","5446.73334422","5422.36178536","5627.68583879","",
"Dominican Republic","DOM","Domestic general government health expenditure per capita (current US$)","SH.XPD.GHED.PC.CD","","","","","","","","","","","","","","","","","","","","","","","","","","","","","","","","","","","","","","","","","48.43248393","50.01033448","51.48847748","27.64360676","28.13739979","54.02834783","56.84173575","78.336858","106.61089767","115.990517","138.01483421","159.00806002","166.53377452","170.83046825","160.26554604","161.49429229","191.18508402","193.35203367","203.29071708","218.03947618","232.26291836","286.80811169","284.48919266","313.33953936","","",
"Algeria","DZA","Domestic general government health expenditure per capita (current US$)","SH.XPD.GHED.PC.CD","","","","","","","","","","","","","","","","","","","","","","","","","","","","","","","","","","","","","","","","","44.51503652","51.11676805","50.197046","58.25024877","66.13586817","69.87079668","79.94733251","105.28618748","148.5784402","146.87305666","158.38740503","201.61418878","243.0186462","234.15631731","257.11406553","203.29667971","174.48679725","175.10578376","175.9806211","146.38565972","123.98084324","119.54725442","85.17147857","123.8676409","","",
"East Asia & Pacific (excluding high income)","EAP","Domestic general government health expenditure per capita (current US$)","SH.XPD.GHED.PC.CD","","","","","","","","","","","","","","","","","","","","","","","","","","","","","","","","","","","","","","","","","10.2381183448995","10.7829769931761","13.0751476812191","16.183170567815","18.9744870068172","22.639269975803","27.8937952730391","36.3999911329088","52.3375133352645","67.41741015291","79.8655260651586","102.579698158472","124.794988059173","144.972432391198","162.852804421564","179.731458743698","177.586171147106","190.902428997333","216.015733448354","228.994206151719","243.267426343303","279.082602870529","323.268059803646","322.960201390917","","",
"Early-demographic dividend","EAR","Domestic general government health expenditure per capita (current US$)","SH.XPD.GHED.PC.CD","","","","","","","","","","","","","","","","","","","","","","","","","","","","","","","","","","","","","","","","","29.1147089221829","28.7355714212507","25.7572465760624","28.9784554055959","32.4620935263615","36.9033362589975","42.1593315485975","49.1910209264163","55.3687673094333","57.9261051805868","64.7686232272163","73.8718662328056","78.6096377781459","82.0825912087529","83.9423983017141","84.0845664371994","82.1605848333752","87.890038698467","82.1673665202873","82.3550914157483","88.4202060804194","101.249598733677","100.763165581085","106.464345758898","","",
"East Asia & Pacific","EAS","Domestic general government health expenditure per capita (current US$)","SH.XPD.GHED.PC.CD","","","","","","","","","","","","","","","","","","","","","","","","","","","","","","","","","","","","","","","","","168.842725662209","155.833393470306","155.392408627249","173.179580038686","192.172615369136","201.003906745707","201.067041142193","218.266003610491","254.277589105964","289.70234361736","330.867430746576","415.072255547086","440.801171817975","413.979094269669","423.336919806756","413.670199180441","434.458437633166","449.45783535831","480.579437653896","500.581790129464","529.956729655833","595.552741321981","602.054877602977","571.672463158983","","",
"Europe & Central Asia (excluding high income)","ECA","Domestic general government health expenditure per capita (current US$)","SH.XPD.GHED.PC.CD","","","","","","","","","","","","","","","","","","","","","","","","","","","","","","","","","","","","","","","","","50.2832674658441","48.0712003284797","60.0147497856683","79.1993319026472","100.024415487099","120.128282856068","142.225613210117","174.556591936233","209.435836340494","197.710623782432","207.078285345761","217.121773757865","226.507919755504","235.379220972441","222.487676873398","186.83227874165","184.830402278893","181.052739836089","172.663854161563","180.161591747031","196.761646457494","233.093223728552","219.580699542433","285.853909248022","","",
"Europe & Central Asia","ECS","Domestic general government health expenditure per capita (current US$)","SH.XPD.GHED.PC.CD","","","","","","","","","","","","","","","","","","","","","","","","","","","","","","","","","","","","","","","","","681.613002152134","704.902670218001","797.932191186698","990.887436849045","1147.75436781389","1219.5215840012","1302.3271186507","1494.4935037227","1676.53845017329","1617.70822897432","1600.31935470721","1722.73647387248","1648.30090187437","1721.2847721604","1761.20877040122","1525.37308707548","1529.47690824844","1596.60365079598","1711.8213697737","1697.05497486298","1910.56381446606","2158.1693411621","2106.11012096265","2178.04499644463","","",
"Ecuador","ECU","Domestic general government health expenditure per capita (current US$)","SH.XPD.GHED.PC.CD","","","","","","","","","","","","","","","","","","","","","","","","","","","","","","","","","","","","","","","","","13.87399708","23.78639707","30.69991701","40.45674846","46.58783941","50.44458484","60.38971069","75.80628153","91.84483029","103.68937798","134.98210317","162.61850234","198.76075266","235.86201857","266.28043954","268.86723871","273.65877014","289.20365458","314.87282519","304.78419622","288.44364034","322.14359263","307.37076412","315.6365676","","",
"Egypt, Arab Rep.","EGY","Domestic general government health expenditure per capita (current US$)","SH.XPD.GHED.PC.CD","","","","","","","","","","","","","","","","","","","","","","","","","","","","","","","","","","","","","","","","","24.40996609","23.5002562","22.05504877","16.07204641","16.36270219","19.20117717","23.89402884","25.86469834","31.00798666","34.66297151","34.60328863","39.33650886","40.14084236","40.87499904","45.80963486","53.19364678","44.02146554","32.83118329","33.59406733","40.24599244","47.3635777","66.66658437","61.28761395","45.60467351","","",
"Euro area","EMU","Domestic general government health expenditure per capita (current US$)","SH.XPD.GHED.PC.CD","","","","","","","","","","","","","","","","","","","","","","","","","","","","","","","","","","","","","","","","","1256.07067033411","1292.54051653556","1438.66081129338","1797.61452474308","2042.61138373453","2132.89037326078","2234.84489529085","2532.86255316177","2874.76767579326","2844.30370893181","2753.9114191974","2919.79274815112","2712.81402012102","2852.93707895345","2925.04752600681","2525.95848216461","2601.4489356681","2744.06456455649","2957.45249966239","2902.6267873438","3190.96795805983","3592.81168433403","3316.5834948436","3382.46589562074","","",
"Eritrea","ERI","Domestic general government health expenditure per capita (current US$)","SH.XPD.GHED.PC.CD","","","","","","","","","","","","","","","","","","","","","","","","","","","","","","","","","","","","","","","","","4.99360232","4.51271459","4.99911148","4.5073531","5.15109645","2.72473052","2.8369158","4.51709857","5.39445523","4.7878307","5.43564044","5.27005086","5.87047411","4.94571123","4.31211135","4.78124934","5.10648069","6.09362846","3.92875035","4.53627948","5.400379","5.85700426","6.29442834","6.52497396","","",
"Spain","ESP","Domestic general government health expenditure per capita (current US$)","SH.XPD.GHED.PC.CD","","","","","","","","","","","","","","","","","","","","","","","","","","","","","","","","","","","","","","","","","717.34958763","742.29241556","834.42633754","1166.75624729","1370.96281382","1476.35610718","1616.59029895","1884.41825554","2194.99221153","2205.41084052","2076.74179852","2137.58910586","1868.27513131","1868.25299757","1883.92522929","1676.58479991","1701.75280177","1781.73592023","1926.19276526","1914.15666659","2121.12921895","2315.47279529","2150.58583052","2273.54125161","","",
"Estonia","EST","Domestic general government health expenditure per capita (current US$)","SH.XPD.GHED.PC.CD","","","","","","","","","","","","","","","","","","","","","","","","","","","","","","","","","","","","","","","","","159.24748813","167.34152149","190.54303005","278.84142383","348.77124581","405.13700618","466.19993419","647.86504283","818.62908105","768.42249577","709.1854657","786.46956597","795.68408718","889.54266561","959.61215815","860.56231806","912.33091325","992.23492391","1143.16683814","1189.42264281","1377.96368986","1590.40373304","1494.70676426","1711.16641134","","",
"Ethiopia","ETH","Domestic general government health expenditure per capita (current US$)","SH.XPD.GHED.PC.CD","","","","","","","","","","","","","","","","","","","","","","","","","","","","","","","","","","","","","","","","","2.1806855","2.35099733","2.27421536","2.65272754","1.76392202","2.73156911","2.11687247","3.1004807","1.56638038","2.95425199","2.7925004","1.2472376","4.69974841","5.19927014","3.82883187","5.86294682","6.08556213","6.03107857","5.45651043","5.84531137","7.98433651","7.95831654","6.83880189","7.62540015","","",
"European Union","EUU","Domestic general government health expenditure per capita (current US$)","SH.XPD.GHED.PC.CD","","","","","","","","","","","","","","","","","","","","","","","","","","","","","","","","","","","","","","","","","1070.95066392205","1105.01024513905","1236.49670890026","1546.9938118337","1760.4696668111","1847.64378369247","1943.44520431195","2214.43127409903","2525.63391897234","2483.13839790338","2424.23429195259","2599.9046620135","2425.02610614347","2555.07663519208","2615.80497988323","2259.0147085949","2327.25548368392","2459.86667093167","2654.77656232426","2609.7007763708","2868.7768848765","3243.7119589763","2995.75589824281","3091.36781069323","","",
"Finland","FIN","Domestic general government health expenditure per capita (current US$)","SH.XPD.GHED.PC.CD","","","","","","","","","","","","","","","","","","","","","","","","","","","","","","","","","","","","","","","","","1307.64391808","1379.83701351","1581.99064554","2020.88210561","2369.48990028","2518.5325824","2689.06148233","3080.89860615","3536.46999774","3437.54895294","3339.29231525","3734.66854441","3649.60680083","3887.28320277","3916.08901762","3243.2617713","3197.96978459","3304.41718868","3551.77162166","3576.53564749","3852.11884365","4280.39130888","4006.32589723","4475.68307624","","",
"Fiji","FJI","Domestic general government health expenditure per capita (current US$)","SH.XPD.GHED.PC.CD","","","","","","","","","","","","","","","","","","","","","","","","","","","","","","","","","","","","","","","","","57.08143921","44.16471914","51.22003336","64.38527784","74.9305852","89.21392923","93.45045223","101.39838317","93.39959363","75.05937991","81.5677238","84.74937314","90.00943764","92.70246171","109.36605032","106.96940233","112.41456465","122.98842114","150.07749825","157.24529404","145.33445184","171.74768011","172.74979568","159.14599294","","",
"France","FRA","Domestic general government health expenditure per capita (current US$)","SH.XPD.GHED.PC.CD","","","","","","","","","","","","","","","","","","","","","","","","","","","","","","","","","","","","","","","","","1572.29592159","1595.38415234","1788.37250336","2183.64314549","2512.53966384","2593.6073291","2716.63050663","3065.91108961","3395.28622912","3348.50447346","3199.37990496","3429.84260563","3243.67923689","3430.2052447","3493.96311431","3026.14036622","3192.09516521","3338.45429733","3527.07139554","3370.96404977","3632.97014242","4051.64141165","3657.48328114","3486.60883115","3645.42880252","",
"Faroe Islands","FRO","Domestic general government health expenditure per capita (current US$)","SH.XPD.GHED.PC.CD","","","","","","","","","","","","","","","","","","","","","","","","","","","","","","","","","","","","","","","","","","","","","","","","","","","","","","","","","","","","","","","","","","",
"Micronesia, Fed. Sts.","FSM","Domestic general government health expenditure per capita (current US$)","SH.XPD.GHED.PC.CD","","","","","","","","","","","","","","","","","","","","","","","","","","","","","","","","","","","","","","","","","36.35366463","39.1293591","36.53173022","45.98263348","24.13208947","24.64906195","24.19327132","23.61021637","38.28251936","25.59399412","32.98805527","54.17336831","42.33464974","45.16637566","58.88980793","54.34381675","60.14185992","50.50383453","50.46174744","62.64259761","59.30484193","40.5027261","57.67672921","72.26876716","","",
"Gabon","GAB","Domestic general government health expenditure per capita (current US$)","SH.XPD.GHED.PC.CD","","","","","","","","","","","","","","","","","","","","","","","","","","","","","","","","","","","","","","","","","45.12046386","48.44568124","47.58207094","67.61276069","74.31132495","68.17090127","82.02632128","98.72126863","102.93916115","113.13444589","131.47314819","162.03263156","137.86079499","167.67653887","139.55570321","110.32209961","134.24558676","121.80838845","122.63933795","124.24018612","125.29810525","135.39569849","158.51753556","166.17179936","","",
"United Kingdom","GBR","Domestic general government health expenditure per capita (current US$)","SH.XPD.GHED.PC.CD","","","","","","","","","","","","","","","","","","","","","","","","","","","","","","","","","","","","","","","","","1532.6348205","1574.9989332","1816.41629156","2173.38635381","2694.55567626","2867.39056008","3132.85089233","3552.00832191","3479.20546857","3155.05634501","3180.15425368","3373.3280263","3405.66780882","3449.16474633","3766.50391342","3555.85615141","3239.74663357","3138.37630161","3363.47146341","3396.59401288","4092.3416587","4727.94585695","4195.81112146","4421.48742582","","",
"Georgia","GEO","Domestic general government health expenditure per capita (current US$)","SH.XPD.GHED.PC.CD","","","","","","","","","","","","","","","","","","","","","","","","","","","","","","","","","","","","","","","","","5.96233134","8.92675384","9.488595","11.52203541","15.3076901","19.73097997","23.6103234","28.81775205","51.22938394","57.89273407","60.77446044","54.71597254","67.19577641","83.805515","101.38639704","104.13500251","116.99605865","112.48999685","130.18115834","125.08350549","154.44764166","220.81342725","201.48472396","186.66643475","","",
"Ghana","GHA","Domestic general government health expenditure per capita (current US$)","SH.XPD.GHED.PC.CD","","","","","","","","","","","","","","","","","","","","","","","","","","","","","","","","","","","","","","","","","4.59614791","5.4701222","4.77714885","8.32432277","9.45951182","20.67171981","22.20413707","25.29703945","27.98314076","30.60202202","40.31735702","48.36866992","41.26768981","42.62643601","27.52356634","27.44006111","24.8789485","32.82320018","30.11186253","43.11295258","55.53292191","51.34003029","45.63646943","44.42064925","","",
"Gibraltar","GIB","Domestic general government health expenditure per capita (current US$)","SH.XPD.GHED.PC.CD","","","","","","","","","","","","","","","","","","","","","","","","","","","","","","","","","","","","","","","","","","","","","","","","","","","","","","","","","","","","","","","","","","",
"Guinea","GIN","Domestic general government health expenditure per capita (current US$)","SH.XPD.GHED.PC.CD","","","","","","","","","","","","","","","","","","","","","","","","","","","","","","","","","","","","","","","","","1.44369482","1.65380834","2.96833681","2.26466407","1.33633442","1.27350527","1.11011723","1.56463984","1.89661634","1.723324","2.3928857","3.24950878","3.47869741","3.65686342","4.67905309","3.20848647","4.72583518","5.00711269","5.76204271","9.49816282","8.18969766","8.08038393","10.13259497","12.95543335","","",
"Gambia, The","GMB","Domestic general government health expenditure per capita (current US$)","SH.XPD.GHED.PC.CD","","","","","","","","","","","","","","","","","","","","","","","","","","","","","","","","","","","","","","","","","4.17386853","4.09434851","3.1310128","3.13556085","4.63246203","5.03538719","5.43609979","5.11804281","6.26168298","7.01716242","7.35539384","7.41701824","8.35399973","7.08639615","6.20423016","6.18477555","8.38422732","6.81701102","7.29627577","9.50421633","14.05654111","10.23208837","12.90234417","11.56633415","","",
"Guinea-Bissau","GNB","Domestic general government health expenditure per capita (current US$)","SH.XPD.GHED.PC.CD","","","","","","","","","","","","","","","","","","","","","","","","","","","","","","","","","","","","","","","","","1.88070972","1.57466133","1.28402814","1.80429914","2.50075615","2.35662591","2.24186714","3.10302679","3.51461292","3.03272665","2.80935656","3.14370932","3.20556723","3.60915766","3.88930809","3.46916113","3.29394944","3.90299783","4.08529907","3.46580799","9.06649441","9.51939357","8.46863386","8.73638892","","",
"Equatorial Guinea","GNQ","Domestic general government health expenditure per capita (current US$)","SH.XPD.GHED.PC.CD","","","","","","","","","","","","","","","","","","","","","","","","","","","","","","","","","","","","","","","","","8.6164431","8.74663312","9.34394933","17.52466365","23.31647894","34.6570512","46.67523661","60.73159221","88.42804103","102.19443472","88.51553608","101.88086494","121.62574334","100.73986929","101.24445194","67.40756821","64.49291983","61.69181438","67.07641183","54.77774925","59.59175318","79.4583788","65.84550723","75.36635162","","",
"Greece","GRC","Domestic general government health expenditure per capita (current US$)","SH.XPD.GHED.PC.CD","","","","","","","","","","","","","","","","","","","","","","","","","","","","","","","","","","","","","","","","","545.56033162","635.10747114","706.64398271","937.71393693","1045.11512219","1177.30245837","1264.7585618","1537.00647527","1855.8395566","1919.17343748","1766.99999439","1536.74028917","1239.16277323","1124.73969807","967.13479464","854.2871057","793.37819754","799.35427765","829.11790642","765.27970573","904.1078785","1100.73201301","956.29053253","993.59722851","","",
"Grenada","GRD","Domestic general government health expenditure per capita (current US$)","SH.XPD.GHED.PC.CD","","","","","","","","","","","","","","","","","","","","","","","","","","","","","","","","","","","","","","","","","90.03239423","103.57745531","135.16871143","117.33471591","142.23261641","153.44875735","129.64699224","137.85899271","146.1929062","150.41110645","142.12806429","167.82702376","169.32520807","169.14836387","167.16353018","168.23083845","162.79603627","184.08218489","188.09740634","213.5535841","205.19057802","208.64783352","210.43659933","237.86276908","","",
"Greenland","GRL","Domestic general government health expenditure per capita (current US$)","SH.XPD.GHED.PC.CD","","","","","","","","","","","","","","","","","","","","","","","","","","","","","","","","","","","","","","","","","","","","","","","","","","","","","","","","","","","","","","","","","","",
"Guatemala","GTM","Domestic general government health expenditure per capita (current US$)","SH.XPD.GHED.PC.CD","","","","","","","","","","","","","","","","","","","","","","","","","","","","","","","","","","","","","","","","","29.63558368","32.65024116","34.80604831","37.61718376","39.48321029","40.515292","48.40127516","50.78056842","59.34011796","60.37570809","59.00426673","63.9345405","67.01159249","76.28305951","82.56163165","88.70191738","92.88068468","95.1198005","95.71797077","107.04856274","110.69767336","130.83494523","132.49639616","140.38817208","","",
"Guam","GUM","Domestic general government health expenditure per capita (current US$)","SH.XPD.GHED.PC.CD","","","","","","","","","","","","","","","","","","","","","","","","","","","","","","","","","","","","","","","","","","","","","","","","","","","","","","","","","","","","","","","","","","",
"Guyana","GUY","Domestic general government health expenditure per capita (current US$)","SH.XPD.GHED.PC.CD","","","","","","","","","","","","","","","","","","","","","","","","","","","","","","","","","","","","","","","","","34.99683273","32.109084","35.34352126","36.07439118","37.80133184","40.05814989","41.32315479","49.47081996","55.94062489","64.91823632","70.16258223","90.42254368","97.8400101","104.92101031","119.0366173","132.93206482","148.6457001","172.49570625","178.5177209","186.01511896","269.28907954","315.10057225","311.22799719","354.25441944","","",
"High income","HIC","Domestic general government health expenditure per capita (current US$)","SH.XPD.GHED.PC.CD","","","","","","","","","","","","","","","","","","","","","","","","","","","","","","","","","","","","","","","","","1252.48267440848","1297.81101928208","1402.90588648394","1609.31357804548","1793.97122125263","1899.06808323993","2008.39346319251","2200.84252858597","2408.56003535741","2457.39766461066","2545.81164209383","2776.42618363473","2765.04794883341","2776.07151829183","2869.99286195708","2725.3200392471","2809.25755302599","2907.85599552838","3066.82704284486","3132.40350178514","3611.77456668084","3880.30303957913","3780.4387280391","3847.28183788232","","",
"Hong Kong SAR, China","HKG","Domestic general government health expenditure per capita (current US$)","SH.XPD.GHED.PC.CD","","","","","","","","","","","","","","","","","","","","","","","","","","","","","","","","","","","","","","","","","","","","","","","","","","","","","","","","","","","","","","","","","","",
"Honduras","HND","Domestic general government health expenditure per capita (current US$)","SH.XPD.GHED.PC.CD","","","","","","","","","","","","","","","","","","","","","","","","","","","","","","","","","","","","","","","","","33.02660962","28.20475986","28.76696883","30.20979677","29.78647276","38.09424346","46.68316081","52.60089679","57.49718854","70.66384212","69.97848005","80.74228756","71.92481366","72.70909613","69.60494527","66.9542315","71.36869327","68.86748267","70.21578193","72.48589623","80.93218263","95.15781199","96.14446243","79.54002834","","",
"Heavily indebted poor countries (HIPC)","HPC","Domestic general government health expenditure per capita (current US$)","SH.XPD.GHED.PC.CD","","","","","","","","","","","","","","","","","","","","","","","","","","","","","","","","","","","","","","","","","4.41369174305048","4.59254414132501","4.53819033787291","5.40030818373881","5.97744221512237","7.24554323562213","8.00811919769792","9.46244452356017","10.4317865132131","10.9343074269392","11.1526081190623","11.4975267285415","11.9576243522935","12.3866155331952","12.9702574853087","12.2375402640555","12.8443324034748","13.3455289251838","13.2220661522668","13.8032314770759","15.9891224782333","16.6800317369058","15.6259538455241","15.695584816114","","",
"Croatia","HRV","Domestic general government health expenditure per capita (current US$)","SH.XPD.GHED.PC.CD","","","","","","","","","","","","","","","","","","","","","","","","","","","","","","","","","","","","","","","","","328.0131546","318.78127352","305.3155705","416.40847939","506.0373981","617.53884495","690.30552373","899.27924969","1054.66724629","983.4791201","939.86937691","930.28349538","854.64136333","764.43392767","769.18447036","667.75891014","705.79735043","761.59397475","861.73199895","867.24771041","918.66886222","1197.22721072","1122.32631429","1300.85404911","","",
"Haiti","HTI","Domestic general government health expenditure per capita (current US$)","SH.XPD.GHED.PC.CD","","","","","","","","","","","","","","","","","","","","","","","","","","","","","","","","","","","","","","","","","6.62427758","5.31148359","3.18572581","2.72004795","4.11086243","4.4581442","2.4229817","8.16888799","8.96035388","9.24497819","9.95830398","5.50073422","6.1738222","6.87817062","6.74574577","7.57107294","6.61920207","6.55129614","7.59955591","5.13920596","6.69004963","6.85114324","5.57547769","5.08234898","","",
"Hungary","HUN","Domestic general government health expenditure per capita (current US$)","SH.XPD.GHED.PC.CD","","","","","","","","","","","","","","","","","","","","","","","","","","","","","","","","","","","","","","","","","215.56372563","240.6453906","327.59431636","477.88231171","555.92112751","628.05572134","628.40214179","680.09437144","756.86802819","641.53479932","655.00322753","704.17323405","623.20523213","656.79248422","673.17499071","592.47134172","622.22798205","678.38616183","752.88326626","725.72459498","833.37577186","1006.00740334","892.50577734","1041.71057846","","",
"IBRD only","IBD","Domestic general government health expenditure per capita (current US$)","SH.XPD.GHED.PC.CD","","","","","","","","","","","","","","","","","","","","","","","","","","","","","","","","","","","","","","","","","31.9283902874079","32.1380839377737","32.0638425010937","36.6771907341203","43.1540267669136","51.9368777821904","62.3312713387077","77.5700046116058","98.0344692735027","102.671324187056","118.448525583692","139.571025243349","150.774172197247","163.648706077488","169.832101401888","163.910444033526","160.332775725252","174.733778887032","181.786557276213","187.563225383767","198.706170131214","226.066297130274","253.282804637347","261.570185441951","","",
"IDA & IBRD total","IBT","Domestic general government health expenditure per capita (current US$)","SH.XPD.GHED.PC.CD","","","","","","","","","","","","","","","","","","","","","","","","","","","","","","","","","","","","","","","","","26.1181230497527","26.2419621275069","26.0659606621353","29.7384066811364","34.9034316174849","41.8338965511902","49.855388371176","61.6416136425979","77.3088576232361","80.6470414316512","92.3524717814863","108.194009949313","116.671858014894","125.969560326497","130.452134632444","125.665239191431","122.545190768347","132.778322704902","137.889177595988","141.705533916212","149.748503691919","169.578568201651","187.906723485432","192.864806403585","","",
"IDA total","IDA","Domestic general government health expenditure per capita (current US$)","SH.XPD.GHED.PC.CD","","","","","","","","","","","","","","","","","","","","","","","","","","","","","","","","","","","","","","","","","5.02518097906095","5.10885471918656","5.22805587757827","5.8090764811059","6.80943068188682","7.87138722725695","8.47354543785235","9.54392702811184","10.437748918737","10.5197950422101","11.1131875483845","11.7281292375785","13.0208033373058","13.5012700769984","14.1302037499021","13.9567016023212","13.4873593795259","13.9375761730212","14.3793648422477","14.4895244569776","15.9877744211401","17.7274362670552","16.4757582444136","15.4848166829754","","",
"IDA blend","IDB","Domestic general government health expenditure per capita (current US$)","SH.XPD.GHED.PC.CD","","","","","","","","","","","","","","","","","","","","","","","","","","","","","","","","","","","","","","","","","5.8418918415175","5.92992213697787","5.87934941888541","6.37350773301666","8.27373799782783","9.38774668127902","9.83013796891471","10.5703863258782","11.3317593151454","10.8550924815359","11.862257194696","12.7634437535966","15.7769781438067","16.3915991918657","17.4386512264043","18.0107925978243","16.0923095631032","16.556046130001","17.0877539200759","17.297293923556","19.0998385917883","21.6297890718127","21.5959951983169","19.3902591236442","","",
"Indonesia","IDN","Domestic general government health expenditure per capita (current US$)","SH.XPD.GHED.PC.CD","","","","","","","","","","","","","","","","","","","","","","","","","","","","","","","","","","","","","","","","","4.5663627","6.15055822","6.4607096","9.27955947","9.1828513","9.85975332","14.0816861","20.20061226","20.87363773","21.9242301","20.26695127","25.12457349","27.86857621","29.1344458","34.15973169","38.07754236","48.44073919","51.27903008","53.89327374","57.41171538","72.72923157","94.4040503","65.96583938","70.64936824","","",
"IDA only","IDX","Domestic general government health expenditure per capita (current US$)","SH.XPD.GHED.PC.CD","","","","","","","","","","","","","","","","","","","","","","","","","","","","","","","","","","","","","","","","","4.58141652037555","4.66111064077584","4.88204388513302","5.50812146106711","6.02645816701286","7.05848670504065","7.74480885919469","8.99059341986375","9.95372675832613","10.3375339348298","10.6934346300682","11.1467331379103","11.4719032289057","11.8964944364042","12.2939855631331","11.7098102378959","12.0479386356543","12.5092931089821","12.9059981362734","12.9672011504427","14.3057908183919","15.6233955549492","13.7213901422602","13.3908334361761","","",
"Isle of Man","IMN","Domestic general government health expenditure per capita (current US$)","SH.XPD.GHED.PC.CD","","","","","","","","","","","","","","","","","","","","","","","","","","","","","","","","","","","","","","","","","","","","","","","","","","","","","","","","","","","","","","","","","","",
"India","IND","Domestic general government health expenditure per capita (current US$)","SH.XPD.GHED.PC.CD","","","","","","","","","","","","","","","","","","","","","","","","","","","","","","","","","","","","","","","","","3.82144911","3.72714112","3.66131509","4.097732","4.48195072","5.53438837","6.02389091","7.44656324","8.52019224","9.74715444","11.73934408","13.91175177","13.5616419","12.79745235","13.33445508","14.90307278","16.02965318","18.67114483","19.70634426","21.28210144","23.14088483","30.52121945","32.92679071","33.04847848","","",
"Not classified","INX","Domestic general government health expenditure per capita (current US$)","SH.XPD.GHED.PC.CD","","","","","","","","","","","","","","","","","","","","","","","","","","","","","","","","","","","","","","","","","","","","","","","","","","","","","","","","","","","","","","","","","","",
"Ireland","IRL","Domestic general government health expenditure per capita (current US$)","SH.XPD.GHED.PC.CD","","","","","","","","","","","","","","","","","","","","","","","","","","","","","","","","","","","","","","","","","1212.97551135","1430.5123903","1738.0890492","2292.74263316","2748.78681208","3105.96680743","3227.51968658","3849.66903993","4472.76311394","4241.16941183","3910.55039097","3996.62234431","3747.07580606","3762.07113998","3785.21536723","3285.21815664","3425.18857325","3645.63858195","4044.09452451","4026.67326653","4713.44430563","5179.09193883","4902.55924073","5268.04876726","","",
"Iran, Islamic Rep.","IRN","Domestic general government health expenditure per capita (current US$)","SH.XPD.GHED.PC.CD","","","","","","","","","","","","","","","","","","","","","","","","","","","","","","","","","","","","","","","","","30.12665695","35.66935466","41.08619166","45.52186244","50.91885105","62.60042672","80.04274357","94.5840196","107.09726394","129.83575958","137.38360424","168.34221511","167.83278223","156.18158183","189.9317243","212.99033037","229.43568112","248.50255228","116.6687932","98.65036151","92.26521895","92.16755425","116.93330201","124.78116253","","",
"Iraq","IRQ","Domestic general government health expenditure per capita (current US$)","SH.XPD.GHED.PC.CD","","","","","","","","","","","","","","","","","","","","","","","","","","","","","","","","","","","","","","","","","","","","12.21198878","36.20302463","35.52736698","34.90189629","63.76042449","107.79322948","107.43352921","106.2333359","120.19620994","65.35620143","76.23593938","66.60584828","34.51941747","110.84821467","81.74344886","114.3614471","119.32911099","111.70636628","124.14154289","129.58181815","153.37380591","","",
"Iceland","ISL","Domestic general government health expenditure per capita (current US$)","SH.XPD.GHED.PC.CD","","","","","","","","","","","","","","","","","","","","","","","","","","","","","","","","","","","","","","","","","2306.64976107","2039.06628603","2479.47001238","3120.73674816","3573.28541507","4114.64182478","4012.42904749","4760.14682926","3904.86421346","2957.74045354","2886.1925629","3155.06848538","3029.09628515","3291.09478316","3647.22160893","3484.16877013","4125.76760305","4913.47566094","5181.41801689","4902.79060285","4750.32921785","5632.17457236","5802.032895","5907.81825433","","",
"Israel","ISR","Domestic general government health expenditure per capita (current US$)","SH.XPD.GHED.PC.CD","","","","","","","","","","","","","","","","","","","","","","","","","","","","","","","","","","","","","","","","","929.4965993","946.15122816","867.5749961","865.28629858","888.96613686","904.42293996","969.44842494","1072.46464711","1302.97613159","1245.41308225","1405.44560929","1528.60122533","1505.8117566","1695.39240616","1770.38011456","1677.87475045","1762.61026004","1964.0347569","2068.89750545","2161.74439942","2455.00278784","3069.12185951","2550.13617941","2562.44590575","","",
"Italy","ITA","Domestic general government health expenditure per capita (current US$)","SH.XPD.GHED.PC.CD","","","","","","","","","","","","","","","","","","","","","","","","","","","","","","","","","","","","","","","","","1107.17939875","1184.00601263","1321.03950763","1627.89401524","1952.19548014","2068.7343723","2193.94243456","2384.61756863","2705.73374217","2595.15569686","2503.23473085","2586.82580044","2314.21596518","2360.59980159","2390.759392","2003.93450427","2022.42152428","2090.65273465","2224.0157967","2130.52667982","2319.44017275","2544.73192995","2325.24614265","2399.44784811","","",
"Jamaica","JAM","Domestic general government health expenditure per capita (current US$)","SH.XPD.GHED.PC.CD","","","","","","","","","","","","","","","","","","","","","","","","","","","","","","","","","","","","","","","","","110.0632041","84.10162646","101.63169277","72.6509481","94.17610149","93.46486002","88.36229825","125.65951492","148.44725603","130.5382036","146.52629776","162.03236415","148.60699729","152.3018721","152.29888734","180.18058017","181.63252084","213.80398126","216.92141828","223.090646","220.67967477","264.23526808","356.97012816","334.70554084","","",
"Jordan","JOR","Domestic general government health expenditure per capita (current US$)","SH.XPD.GHED.PC.CD","","","","","","","","","","","","","","","","","","","","","","","","","","","","","","","","","","","","","","","","","68.0745111","73.61572995","78.10557183","75.41225436","68.81864234","95.67301732","96.7740653","117.96296253","166.51634202","212.59622852","202.66745558","216.90417699","209.9553153","190.15948828","194.80578396","161.49311876","127.31976343","129.50106026","124.36924504","126.66507164","137.36641002","139.34470758","147.63184834","153.96711593","","",
"Japan","JPN","Domestic general government health expenditure per capita (current US$)","SH.XPD.GHED.PC.CD","","","","","","","","","","","","","","","","","","","","","","","","","","","","","","","","","","","","","","","","","2212.95313804","2014.91417001","1948.04530723","2119.23175414","2315.6487219","2347.86832652","2219.71262423","2259.943693","2616.3652289","3005.10773078","3335.9150402","4273.57158876","4391.55803062","3670.53638744","3466.6747269","3156.62748416","3524.71189472","3482.4822418","3573.48371736","3720.69443495","3912.56946241","4178.57744132","3614.39740008","3086.11473234","","",
"Kazakhstan","KAZ","Domestic general government health expenditure per capita (current US$)","SH.XPD.GHED.PC.CD","","","","","","","","","","","","","","","","","","","","","","","","","","","","","","","","","","","","","","","","","25.01199547","27.96423433","30.42907388","39.99571991","63.3380446","90.7706041","116.73138959","115.82321567","185.00045746","185.039202","162.14391607","207.95875733","248.77575101","248.94652021","265.12192784","195.75609903","152.520382","169.26313974","162.38650563","158.00516307","216.86857244","255.97559837","259.13357412","322.38538673","","",
"Kenya","KEN","Domestic general government health expenditure per capita (current US$)","SH.XPD.GHED.PC.CD","","","","","","","","","","","","","","","","","","","","","","","","","","","","","","","","","","","","","","","","","5.93606644","6.26233129","6.47059444","7.14817998","7.088611","8.23078961","9.48090332","12.28001073","14.20469416","15.29922611","17.03454118","17.60037975","20.89732864","22.76911348","27.24943859","28.64894796","31.63098322","28.54007223","32.45144581","39.37885207","42.59929056","45.95190943","42.26814462","38.1540972","","",
"Kyrgyz Republic","KGZ","Domestic general government health expenditure per capita (current US$)","SH.XPD.GHED.PC.CD","","","","","","","","","","","","","","","","","","","","","","","","","","","","","","","","","","","","","","","","","5.81932471","6.03168108","6.96670772","8.44136694","9.93649752","17.81452382","22.59721466","22.08041774","27.86072512","30.24223317","29.81480508","40.91361654","48.94271279","49.93783877","34.80675565","30.17173304","27.85296831","29.07324679","31.62405411","31.57121039","27.53223833","40.12222565","46.11660697","51.54706484","","",
"Cambodia","KHM","Domestic general government health expenditure per capita (current US$)","SH.XPD.GHED.PC.CD","","","","","","","","","","","","","","","","","","","","","","","","","","","","","","","","","","","","","","","","","3.80307124","3.73665852","4.67358699","5.30864041","5.53247995","5.71523562","5.11985524","6.06662595","7.54517173","8.86967538","10.56591111","11.15304321","12.90672576","14.5665817","14.53134425","15.53511347","17.473714","20.67466934","24.62935498","27.3668662","29.15918082","65.09872755","27.39800645","30.80027069","","",
"Kiribati","KIR","Domestic general government health expenditure per capita (current US$)","SH.XPD.GHED.PC.CD","","","","","","","","","","","","","","","","","","","","","","","","","","","","","","","","","","","","","","","","","63.43345306","82.93934035","89.332877","98.18761023","128.33565874","127.05679596","105.62895921","119.36514148","141.96976743","107.02450227","120.7547071","133.40333895","129.5599538","126.61252377","128.02977873","99.81265273","134.27176167","154.20974209","168.30067269","161.56135615","166.45511354","197.19298209","176.01387232","186.83986366","","",
"St. Kitts and Nevis","KNA","Domestic general government health expenditure per capita (current US$)","SH.XPD.GHED.PC.CD","","","","","","","","","","","","","","","","","","","","","","","","","","","","","","","","","","","","","","","","","187.25159221","192.16930621","201.60689033","213.05015803","236.56093296","261.68523463","308.69682622","307.4246069","298.59478405","325.69919585","326.43304725","342.2442927","345.49461922","357.58979127","394.04794672","394.4944471","466.35702651","493.52388005","515.41296078","603.16007298","575.03849829","651.57928696","610.38843458","702.53182137","","",
"Korea, Rep.","KOR","Domestic general government health expenditure per capita (current US$)","SH.XPD.GHED.PC.CD","","","","","","","","","","","","","","","","","","","","","","","","","","","","","","","","","","","","","","","","","240.53667132","272.55635343","294.10417181","344.43318301","388.1096784","484.03022732","600.76553974","690.27580417","633.57669194","633.01982139","783.58289326","856.57813633","871.67285767","950.57525998","1048.91846667","1059.09284254","1123.98713943","1258.05426752","1425.63318978","1499.2304191","1570.87524483","1902.00206098","1919.30339614","1783.33310153","1775.60102974","",
"Kuwait","KWT","Domestic general government health expenditure per capita (current US$)","SH.XPD.GHED.PC.CD","","","","","","","","","","","","","","","","","","","","","","","","","","","","","","","","","","","","","","","","","308.46713216","436.84051073","444.24190552","481.62373656","495.27940642","554.24386549","598.58104611","673.07227255","835.16998618","836.96754193","884.45843716","969.0364226","1015.61634347","1037.25550534","1094.43784233","1068.85099257","1102.89951181","1158.55218715","1463.37627262","1448.41896689","1365.35850189","1626.96696115","1483.30686037","1486.85936485","","",
"Latin America & Caribbean (excluding high income)","LAC","Domestic general government health expenditure per capita (current US$)","SH.XPD.GHED.PC.CD","","","","","","","","","","","","","","","","","","","","","","","","","","","","","","","","","","","","","","","","","131.079801160866","125.542911497258","105.338702943828","109.871250807856","124.433298506906","150.654813439765","179.340684264697","217.82766415091","256.905192266155","262.816788662074","316.560815391278","363.706627209315","361.072269219144","386.767326011195","388.47919844828","350.456788294475","329.326153451811","364.405737674705","322.517280828535","312.869109721596","298.57469892868","324.87752682568","356.653574659451","387.294415414407","","",
"Lao PDR","LAO","Domestic general government health expenditure per capita (current US$)","SH.XPD.GHED.PC.CD","","","","","","","","","","","","","","","","","","","","","","","","","","","","","","","","","","","","","","","","","4.06770942","4.4832065","3.55575494","4.30532666","3.64149587","4.70945025","4.21130751","4.62848579","4.96198679","11.82570841","7.15780367","5.11728268","6.82811523","12.91713777","13.54502293","18.32364502","17.61847227","21.61346605","22.12280188","24.95913629","19.98432799","17.98611834","12.83376177","10.91121176","","",
"Lebanon","LBN","Domestic general government health expenditure per capita (current US$)","SH.XPD.GHED.PC.CD","","","","","","","","","","","","","","","","","","","","","","","","","","","","","","","","","","","","","","","","","126.9416071","136.16781719","128.71220609","126.57170084","136.61787482","133.44859952","164.62624466","180.05421017","181.82214664","189.80590279","228.65752654","280.07609471","256.15218901","254.72584752","270.65764386","260.3535841","301.31155278","316.51469399","346.01374701","393.4240656","134.84691171","51.06810686","71.0487201","98.85938534","","",
"Liberia","LBR","Domestic general government health expenditure per capita (current US$)","SH.XPD.GHED.PC.CD","","","","","","","","","","","","","","","","","","","","","","","","","","","","","","","","","","","","","","","","","1.90359303","1.59453361","1.71858566","0.95477203","1.46912248","1.55965701","1.4992463","2.69045403","4.03108817","5.36269723","6.16699301","8.41662548","9.48608652","2.16164337","5.57560503","7.99113047","9.53848031","9.50261204","11.13752365","8.28228745","7.80286407","7.4117148","9.54080257","10.39694964","","",
"Libya","LBY","Domestic general government health expenditure per capita (current US$)","SH.XPD.GHED.PC.CD","","","","","","","","","","","","","","","","","","","","","","","","","","","","","","","","","","","","","","","","","120.36621216","139.32377318","121.59764521","125.68459704","132.12298449","135.69332399","151.05659311","179.38320259","211.16919678","235.41205576","266.17461241","193.17331314","437.14577995","436.45618556","306.10030743","299.97084703","313.44336609","308.47429713","389.81335232","394.07827253","371.55503051","220.73815774","188.48684542","377.01951102","","",
"St. Lucia","LCA","Domestic general government health expenditure per capita (current US$)","SH.XPD.GHED.PC.CD","","","","","","","","","","","","","","","","","","","","","","","","","","","","","","","","","","","","","","","","","98.36385188","99.49237933","101.79476659","99.45382465","101.86071646","109.95681983","118.66041225","123.58149945","135.6718218","149.68414664","157.49043492","165.84044971","188.82633005","198.72796017","192.32991","205.88038973","208.47601839","230.91140272","230.62121169","245.26575711","254.62370867","287.88554985","295.8896631","323.0582513","","",
"Latin America & Caribbean","LCN","Domestic general government health expenditure per capita (current US$)","SH.XPD.GHED.PC.CD","","","","","","","","","","","","","","","","","","","","","","","","","","","","","","","","","","","","","","","","","132.687856621325","127.380091443951","108.025017077051","112.7893860471","127.871604366697","153.565873521017","182.664713901905","221.436902981263","261.577456154457","268.737720190698","323.246911252323","370.975339730487","371.060600639731","398.381685494741","400.040414234496","364.503804836898","346.534914406129","384.157100303764","345.414315634353","335.216973463648","322.203490963308","352.595953812382","381.748002730271","415.731752250059","","",
"Least developed countries: UN classification","LDC","Domestic general government health expenditure per capita (current US$)","SH.XPD.GHED.PC.CD","","","","","","","","","","","","","","","","","","","","","","","","","","","","","","","","","","","","","","","","","3.154553495177","3.35350643740187","3.45942693530584","4.06817394994783","4.67833593039318","5.22016029582242","6.04979324093248","7.39492091567147","8.83256445695973","8.83827304674623","8.32554540540203","8.90748882900666","9.69111260483481","10.2256726587387","10.6675353462029","9.45715736950409","9.64635511781291","10.268012092331","9.9374675045174","9.34444751497758","10.3303763330467","11.6458105441937","11.1682926800513","10.4324386679293","","",
"Low income","LIC","Domestic general government health expenditure per capita (current US$)","SH.XPD.GHED.PC.CD","","","","","","","","","","","","","","","","","","","","","","","","","","","","","","","","","","","","","","","","","4.14266434715208","4.44246577653406","4.53229352989838","5.21462912902764","5.5267074998979","6.17465362716279","6.49662361099425","8.01620925839125","8.22637399841213","8.70049349559323","8.32934044555009","7.5763749706326","8.08350698731181","7.76985831787706","8.27567353259355","7.03141831093374","7.29830842067519","6.78460501855912","6.99821453991888","6.85361091304597","7.94032918003299","7.93403680852253","7.54364871309395","7.3025186740445","","",
"Liechtenstein","LIE","Domestic general government health expenditure per capita (current US$)","SH.XPD.GHED.PC.CD","","","","","","","","","","","","","","","","","","","","","","","","","","","","","","","","","","","","","","","","","","","","","","","","","","","","","","6634.02748385","6627.19239758","6332.52028804","6300.73769505","6136.45450258","6203.94421254","6296.26084606","6866.63098433","7486.43911286","7185.58463455","7936.66082552","","",
"Sri Lanka","LKA","Domestic general government health expenditure per capita (current US$)","SH.XPD.GHED.PC.CD","","","","","","","","","","","","","","","","","","","","","","","","","","","","","","","","","","","","","","","","","22.81882447","20.95949514","22.04358087","22.48666385","25.90285403","29.16213366","32.25451555","34.61988242","38.89765992","39.48943785","42.48848769","49.14383276","46.46159975","60.47791141","59.41019263","63.4277652","62.66619057","58.36072678","70.66032894","68.88390354","80.55663172","88.25310972","49.83531888","45.06793358","","",
"Lower middle income","LMC","Domestic general government health expenditure per capita (current US$)","SH.XPD.GHED.PC.CD","","","","","","","","","","","","","","","","","","","","","","","","","","","","","","","","","","","","","","","","","5.88795761455058","5.90299426738007","5.86256581675567","6.2395490847944","7.15353240981763","8.38152445919626","9.39725183681897","10.9687299586511","12.7332908542487","13.5888722264851","15.0522072091936","17.4264924516292","17.9587100937244","18.2181349016315","19.1007983807139","19.8535714704153","19.7198177080207","21.3633647348292","22.6855847989088","23.4751478809662","25.2211418805219","30.9694376508666","32.1197565536473","30.9167369836468","","",
"Low & middle income","LMY","Domestic general government health expenditure per capita (current US$)","SH.XPD.GHED.PC.CD","","","","","","","","","","","","","","","","","","","","","","","","","","","","","","","","","","","","","","","","","23.1505545973076","22.6755925743942","21.9763318822303","25.0870230839451","29.2434195633134","34.713408560165","41.2135549837353","50.6007469914418","62.62820264063","68.8174084758196","79.6791225383717","94.0258774469543","101.619096412046","110.306656694431","116.381777588066","116.483566592018","113.643729209982","121.720706063287","125.349621429056","128.456458088886","132.29439200936","149.448622673842","165.180911920725","169.193511139714","","",
"Lesotho","LSO","Domestic general government health expenditure per capita (current US$)","SH.XPD.GHED.PC.CD","","","","","","","","","","","","","","","","","","","","","","","","","","","","","","","","","","","","","","","","","13.37474018","15.44203825","12.60379941","18.86423616","23.49512842","20.10522592","28.02025244","42.27232076","39.36541558","43.92244742","46.17748578","64.5415346","70.63144877","73.2189881","70.48545301","63.53356918","55.3486118","66.20675035","65.84758819","72.69077603","45.33159683","47.62528621","67.72464022","56.83091273","","",
"Late-demographic dividend","LTE","Domestic general government health expenditure per capita (current US$)","SH.XPD.GHED.PC.CD","","","","","","","","","","","","","","","","","","","","","","","","","","","","","","","","","","","","","","","","","37.6194096510808","38.9778894328444","42.9475673019215","49.486497180487","58.9793004254763","72.4264482983218","88.0495220351275","111.891853923453","147.593483321286","156.194363121801","179.271648633572","214.081391758608","233.063535723601","258.982371054685","274.078224083231","261.707778968412","258.47895061953","282.486888083034","309.341073594845","323.408954813918","345.991462641479","390.507226734353","448.024172112846","460.614074483123","","",
"Lithuania","LTU","Domestic general government health expenditure per capita (current US$)","SH.XPD.GHED.PC.CD","","","","","","","","","","","","","","","","","","","","","","","","","","","","","","","","","","","","","","","","","146.06617665","153.61994723","185.21337195","251.82568954","229.81608153","266.45205559","334.65510434","463.64663757","662.31682073","621.53475345","572.43267481","650.90012872","597.50173685","628.38747771","678.86288743","607.02060621","648.45709891","703.05049846","819.21379933","885.990248","1038.53496955","1243.15959926","1196.79102516","1329.23222573","","",
"Luxembourg","LUX","Domestic general government health expenditure per capita (current US$)","SH.XPD.GHED.PC.CD","","","","","","","","","","","","","","","","","","","","","","","","","","","","","","","","","","","","","","","","","2415.32846258","2612.06949226","3022.50951241","3862.39765794","4741.40321386","4895.9016668","5087.10097592","5695.17016176","6642.85749913","6651.78037262","6409.65582571","5984.58917456","5042.71014073","5330.71477206","5516.71691701","4581.85288046","4623.00443968","4843.67847118","5288.11161522","5342.75189951","5928.14562267","6643.699543","6115.49238138","6505.11877183","7101.39855521","",
"Latvia","LVA","Domestic general government health expenditure per capita (current US$)","SH.XPD.GHED.PC.CD","","","","","","","","","","","","","","","","","","","","","","","","","","","","","","","","","","","","","","","","","92.15300861","99.90824818","117.65004443","139.77732255","220.93495632","245.52303025","339.86212504","471.77392264","551.09921108","444.18174305","414.72000041","485.49612889","449.90359409","484.39171388","511.25311742","455.29189453","488.53240109","533.06926915","657.76697114","708.17818715","833.20197511","1315.84787165","1063.15722382","978.28219774","","",
"Macao SAR, China","MAC","Domestic general government health expenditure per capita (current US$)","SH.XPD.GHED.PC.CD","","","","","","","","","","","","","","","","","","","","","","","","","","","","","","","","","","","","","","","","","","","","","","","","","","","","","","","","","","","","","","","","","","",
"St. Martin (French part)","MAF","Domestic general government health expenditure per capita (current US$)","SH.XPD.GHED.PC.CD","","","","","","","","","","","","","","","","","","","","","","","","","","","","","","","","","","","","","","","","","","","","","","","","","","","","","","","","","","","","","","","","","","",
"Morocco","MAR","Domestic general government health expenditure per capita (current US$)","SH.XPD.GHED.PC.CD","","","","","","","","","","","","","","","","","","","","","","","","","","","","","","","","","","","","","","","","","13.8553056","14.86070315","16.92715658","19.01380573","21.7769756","24.50282996","31.42799066","38.84416668","47.55958554","54.01492798","54.09662786","60.30192345","59.08925087","62.53064233","73.06548895","63.23974847","63.87855692","66.25321817","70.61816222","72.03907914","81.78385606","86.68943846","101.93332672","131.29648272","","",
"Monaco","MCO","Domestic general government health expenditure per capita (current US$)","SH.XPD.GHED.PC.CD","","","","","","","","","","","","","","","","","","","","","","","","","","","","","","","","","","","","","","","","","2381.56546116","2443.26585887","2707.0972314","3914.48683784","4608.68550275","4765.27903654","4967.95305206","5640.75201429","6718.325608","6661.13281107","6535.34124204","6746.85472624","6397.10830224","6861.08771445","7038.72277993","5945.85657186","6198.99592687","6169.23212743","6613.95936859","6473.9129789","6672.22234845","7380.03919769","6643.17445732","6855.68135071","","",
"Moldova","MDA","Domestic general government health expenditure per capita (current US$)","SH.XPD.GHED.PC.CD","","","","","","","","","","","","","","","","","","","","","","","","","","","","","","","","","","","","","","","","","10.46627459","11.67509098","16.2498533","17.59301958","38.22981482","41.8276157","49.31735443","69.19142047","89.46787131","88.93436404","90.9393406","100.32626759","108.52114491","108.18710393","113.87466658","84.90088497","83.52591214","123.47200568","156.27736486","169.46479484","198.00979454","263.54072483","255.68795138","314.26020905","","",
"Madagascar","MDG","Domestic general government health expenditure per capita (current US$)","SH.XPD.GHED.PC.CD","","","","","","","","","","","","","","","","","","","","","","","","","","","","","","","","","","","","","","","","","5.17371463","5.85219295","5.32762769","7.66168508","5.9157699","5.9159373","6.13655578","7.98976086","7.22920101","5.82804595","8.4054618","8.49410854","7.35229202","6.72086933","8.84009234","8.86236102","10.76794099","11.04807326","7.4906166","3.41221107","3.10980719","3.61345018","4.51059549","5.02601","","",
"Maldives","MDV","Domestic general government health expenditure per capita (current US$)","SH.XPD.GHED.PC.CD","","","","","","","","","","","","","","","","","","","","","","","","","","","","","","","","","","","","","","","","","72.87554358","74.91529378","72.41436512","76.23018068","94.06233152","112.66374103","148.55775511","225.40749941","432.30158383","392.18044514","322.46591786","273.00096912","314.04610348","354.12855932","438.4059683","601.41131985","733.55282953","685.04330453","643.95016998","690.02194254","676.58197818","598.92768836","657.00251291","914.52677497","","",
"Middle East, North Africa, Afghanistan & Pakistan","MEA","Domestic general government health expenditure per capita (current US$)","SH.XPD.GHED.PC.CD","","","","","","","","","","","","","","","","","","","","","","","","","","","","","","","","","","","","","","","","","53.6510851606192","56.5969335350364","53.3000128879187","52.7207346931585","56.8085619635216","63.1453556381939","72.4506432364762","83.0570057638673","97.6309952928333","107.59183196455","111.324799867312","130.263067297712","137.848332663595","146.375929653512","161.566965006208","155.161273466997","163.46482395136","165.008104255078","156.032072384574","157.622818116052","168.870940068463","180.488731807964","180.71798530966","190.208847467016","","",
"Mexico","MEX","Domestic general government health expenditure per capita (current US$)","SH.XPD.GHED.PC.CD","","","","","","","","","","","","","","","","","","","","","","","","","","","","","","","","","","","","","","","","","144.4005213","159.45134712","164.61687202","170.94811625","193.8817246","204.41630435","220.25913968","244.53485543","263.13584656","229.88837361","268.21091013","298.50953132","309.19431937","336.26597037","317.60583222","289.14772386","251.23077765","259.01890057","262.16812184","270.28539045","282.98171745","303.65041701","337.80386083","370.04429147","","",
"Marshall Islands","MHL","Domestic general government health expenditure per capita (current US$)","SH.XPD.GHED.PC.CD","","","","","","","","","","","","","","","","","","","","","","","","","","","","","","","","","","","","","","","","","185.79652155","153.90532955","194.85372206","213.66319839","148.48393269","146.95358918","179.60580853","185.62025541","169.68454988","179.97865971","149.24588316","172.06632067","187.07048698","224.84125511","188.17073902","227.05751929","274.04584187","224.646295","316.2011262","352.91552384","297.6547364","325.99265115","369.14588392","671.06807196","","",
"Middle income","MIC","Domestic general government health expenditure per capita (current US$)","SH.XPD.GHED.PC.CD","","","","","","","","","","","","","","","","","","","","","","","","","","","","","","","","","","","","","","","","","24.5420499055232","24.0299322327178","23.3734007918478","26.6967854592552","31.1954694789825","37.1014931124487","44.1711657971288","54.2934713069219","67.4258327148598","74.2090668046998","86.1679109922384","102.01878269646","110.401655963382","120.310447076266","127.072974568739","127.469078033567","124.496729124671","133.877445376079","138.027954240223","141.738367969651","146.147510159942","165.556891282149","183.610123390114","188.495961723262","","",
"North Macedonia","MKD","Domestic general government health expenditure per capita (current US$)","SH.XPD.GHED.PC.CD","","","","","","","","","","","","","","","","","","","","","","","","","","","","","","","","","","","","","","","","","86.42501068","81.80431326","91.1010242","117.84528819","128.61293331","130.95476724","138.5051615","161.86600165","202.54953072","186.70602237","186.61668491","208.56785527","198.77422553","237.07799235","228.49982714","209.30231077","221.15949842","218.97831556","248.2214782","282.84876871","308.50728035","346.8857104","319.49450438","368.11655317","","",
"Mali","MLI","Domestic general government health expenditure per capita (current US$)","SH.XPD.GHED.PC.CD","","","","","","","","","","","","","","","","","","","","","","","","","","","","","","","","","","","","","","","","","3.3132198","3.06898081","3.52976186","5.24900238","6.61264054","6.44752841","6.0423036","5.62305497","4.71582954","4.42499858","4.48431006","4.77197751","3.03417257","6.18793405","7.10873177","6.47927415","8.83435412","9.13188526","9.61338054","9.18026044","11.28247208","11.68972866","11.41033508","12.02465332","","",
"Malta","MLT","Domestic general government health expenditure per capita (current US$)","SH.XPD.GHED.PC.CD","","","","","","","","","","","","","","","","","","","","","","","","","","","","","","","","","","","","","","","","","464.58569134","471.04235186","584.79408547","756.20701332","853.49529836","952.7423299","1013.69058514","1073.07779595","1139.58323383","1092.94558982","1120.70185579","1264.53243102","1246.18480177","1436.94815342","1519.97142891","1368.11960338","1466.45934656","1611.97841769","1751.93177585","1842.33065976","2094.65518432","2452.94464206","2253.16141285","2392.15374118","","",
"Myanmar","MMR","Domestic general government health expenditure per capita (current US$)","SH.XPD.GHED.PC.CD","","","","","","","","","","","","","","","","","","","","","","","","","","","","","","","","","","","","","","","","","0.58849542","0.52142357","0.98547386","0.6710175","0.76328792","0.55796402","1.01247138","0.99563144","1.19224526","1.62008442","1.99105567","3.27739687","6.41495388","7.1128767","13.12786925","13.99230808","8.34628996","8.80553855","9.02074375","8.57371805","10.99452676","16.09075214","6.4066502","6.24284704","","",
"Middle East, North Africa, Afghanistan & Pakistan (excluding high income)","MNA","Domestic general government health expenditure per capita (current US$)","SH.XPD.GHED.PC.CD","","","","","","","","","","","","","","","","","","","","","","","","","","","","","","","","","","","","","","","","","21.9270034871432","23.4610211963727","23.3022784388626","22.5837823289437","25.8160151606127","28.7061994660092","33.3354157011081","40.4872920504038","49.8688375632673","54.7484312584991","57.132902348051","65.5386633722759","67.6839892979376","66.622066317534","72.4884768964044","69.8223608083384","73.1450316493853","73.5564113759209","59.8583282258154","57.192512577092","54.1847940122074","56.7267304107898","57.0050288474893","61.8434602159728","","",
"Montenegro","MNE","Domestic general government health expenditure per capita (current US$)","SH.XPD.GHED.PC.CD","","","","","","","","","","","","","","","","","","","","","","","","","","","","","","","","","","","","","","","","","","","","","","","","","","","","348.54932825","342.23365129","345.25118579","352.91320452","348.18251363","363.6407815","357.96154011","444.10451061","459.16769135","559.84619551","626.59986233","734.49197398","795.72953746","","",
"Mongolia","MNG","Domestic general government health expenditure per capita (current US$)","SH.XPD.GHED.PC.CD","","","","","","","","","","","","","","","","","","","","","","","","","","","","","","","","","","","","","","","","","21.35266712","19.89920242","21.62440731","18.86530851","21.94308116","23.44802734","32.90668843","46.79760328","68.69282607","53.34414553","65.05885374","80.84327018","103.12379174","100.80083545","100.98195177","94.04222152","94.27861965","83.57559211","87.16720631","93.17155167","103.93992468","192.79961052","157.98868359","161.67140397","","",
"Northern Mariana Islands","MNP","Domestic general government health expenditure per capita (current US$)","SH.XPD.GHED.PC.CD","","","","","","","","","","","","","","","","","","","","","","","","","","","","","","","","","","","","","","","","","","","","","","","","","","","","","","","","","","","","","","","","","","",
"Mozambique","MOZ","Domestic general government health expenditure per capita (current US$)","SH.XPD.GHED.PC.CD","","","","","","","","","","","","","","","","","","","","","","","","","","","","","","","","","","","","","","","","","3.55273952","3.998366","3.69111126","3.99025259","4.48982846","6.22884759","5.22652685","5.95318974","7.14766264","6.98638441","6.17109126","7.7609665","8.47185178","10.2891688","11.95881533","10.9084789","7.60744897","8.17915694","9.24448061","9.47888607","11.06038103","11.65001571","13.2351455","14.01214479","","",
"Mauritania","MRT","Domestic general government health expenditure per capita (current US$)","SH.XPD.GHED.PC.CD","","","","","","","","","","","","","","","","","","","","","","","","","","","","","","","","","","","","","","","","","3.19820808","3.55302269","5.66648985","5.6511191","6.00305046","8.18935537","8.79465345","10.73361212","14.51998651","12.61536327","12.14262464","14.47915548","16.69002276","20.94549516","21.45281982","22.06227246","18.77898371","19.88436923","15.69535372","19.45967919","18.0258376","29.15847917","33.43987382","31.46490648","","",
"Mauritius","MUS","Domestic general government health expenditure per capita (current US$)","SH.XPD.GHED.PC.CD","","","","","","","","","","","","","","","","","","","","","","","","","","","","","","","","","","","","","","","","","62.03759119","62.58302821","70.0322119","82.6986805","100.4314369","92.58404927","91.2153648","95.84571124","110.38717169","114.2849542","157.66975753","158.6551413","172.04140431","183.93819534","245.39548978","214.93031666","238.38038862","262.95240586","283.7764988","281.08156849","260.75567198","301.34919243","255.32347132","273.15810877","","",
"Malawi","MWI","Domestic general government health expenditure per capita (current US$)","SH.XPD.GHED.PC.CD","","","","","","","","","","","","","","","","","","","","","","","","","","","","","","","","","","","","","","","","","3.81986418","3.01497628","4.03894077","4.35893498","3.35841844","4.22039951","4.02493303","3.37715081","7.33034415","6.39286987","7.48150522","8.50770903","5.1677065","7.12571102","8.03348862","10.0197614","8.4163429","8.52325603","9.00582078","8.8854186","9.4061562","8.40634952","5.29930194","5.28969102","","",
"Malaysia","MYS","Domestic general government health expenditure per capita (current US$)","SH.XPD.GHED.PC.CD","","","","","","","","","","","","","","","","","","","","","","","","","","","","","","","","","","","","","","","","","52.18056238","58.04792697","62.28307824","73.86633164","78.37275052","79.30427229","108.03999038","122.00604356","140.06843686","136.46582169","151.55233444","182.87534783","200.49544164","205.75346753","226.84452415","196.20302211","178.98322754","189.57659607","210.07481629","219.4521194","216.67458374","268.10560464","231.81124004","225.29869968","","",
"North America","NAC","Domestic general government health expenditure per capita (current US$)","SH.XPD.GHED.PC.CD","","","","","","","","","","","","","","","","","","","","","","","","","","","","","","","","","","","","","","","","","1962.61353116539","2149.46443392903","2323.54751050101","2506.84744611816","2694.84756859366","2870.72231619197","3097.19501058324","3275.99754537372","3459.61560310615","3637.04033125641","3807.1370588025","3924.41384121615","4021.80930539082","4136.56765147448","4389.88468762502","4586.97087682383","4724.50582546459","4872.21281119287","5077.53423408968","5283.97840707816","6377.8942251056","6495.82265939639","6682.7827448197","6958.99293347986","","",
"Namibia","NAM","Domestic general government health expenditure per capita (current US$)","SH.XPD.GHED.PC.CD","","","","","","","","","","","","","","","","","","","","","","","","","","","","","","","","","","","","","","","","","121.69667936","110.34184845","106.21913983","157.23350153","195.46391135","194.92925491","195.28689495","232.94096583","202.98397633","183.1953689","260.77550284","294.50015766","285.69595796","278.32402647","268.97815925","257.51539673","253.38050914","274.5796862","274.0200636","249.31325719","252.65630987","287.66584771","252.55717181","232.3342768","","",
"New Caledonia","NCL","Domestic general government health expenditure per capita (current US$)","SH.XPD.GHED.PC.CD","","","","","","","","","","","","","","","","","","","","","","","","","","","","","","","","","","","","","","","","","","","","","","","","","","","","","","","","","","","","","","","","","","",
"Niger","NER","Domestic general government health expenditure per capita (current US$)","SH.XPD.GHED.PC.CD","","","","","","","","","","","","","","","","","","","","","","","","","","","","","","","","","","","","","","","","","2.19374588","2.34674381","2.71237464","2.83118623","3.3364617","6.09995969","6.84194483","5.79807125","7.34736396","7.07152296","6.20859007","6.48550236","5.48414721","7.38699263","7.19601241","5.39845323","5.50985518","9.8367553","10.19804371","11.38316508","13.40747041","12.91769892","9.35381614","6.24448994","","",
"Nigeria","NGA","Domestic general government health expenditure per capita (current US$)","SH.XPD.GHED.PC.CD","","","","","","","","","","","","","","","","","","","","","","","","","","","","","","","","","","","","","","","","","3.14261231","4.82983931","3.74130693","6.97598615","11.10750435","13.35157022","13.47811309","13.32343949","13.84370424","10.46315192","9.93226423","11.58286836","14.24091812","13.9167045","13.6372211","15.28008435","9.83383535","9.99456509","10.23889638","10.64177071","10.16464764","10.86676015","13.18880372","9.58141407","","",
"Nicaragua","NIC","Domestic general government health expenditure per capita (current US$)","SH.XPD.GHED.PC.CD","","","","","","","","","","","","","","","","","","","","","","","","","","","","","","","","","","","","","","","","","26.11624316","25.86707493","24.97092666","26.11688539","24.98021181","29.67843576","35.72758952","42.57839516","48.61368055","55.9445698","54.26436574","59.30127722","66.91205177","71.01117633","81.43117465","92.64223511","99.14960496","106.01365569","105.37621163","102.50521696","102.57729743","129.47013035","120.12721059","124.35858312","","",
"Netherlands","NLD","Domestic general government health expenditure per capita (current US$)","SH.XPD.GHED.PC.CD","","","","","","","","","","","","","","","","","","","","","","","","","","","","","","","","","","","","","","","","","1397.53320468","1512.20462941","1777.27136601","2272.36993493","2526.05363859","2611.32331952","2692.80664231","3093.50671927","3636.76849733","3595.1250399","3552.12314838","3803.10172313","3617.99147916","3817.92216601","3799.84747626","3089.04143646","3067.54680901","3174.06944777","3503.80280653","3524.4793705","4043.38593465","4645.97879613","4042.01872246","4356.3266795","","",
"Norway","NOR","Domestic general government health expenditure per capita (current US$)","SH.XPD.GHED.PC.CD","","","","","","","","","","","","","","","","","","","","","","","","","","","","","","","","","","","","","","","","","2408.76093822","2565.97750841","3224.19057188","3852.75865153","4231.67423676","4638.14894635","4911.31009382","5771.65932873","6535.64367985","6165.48542499","6655.48139179","7513.96764741","7602.64522428","7857.19468131","7775.26208719","6470.51493059","6396.69339547","6652.84980797","7089.27240819","6863.65317491","6726.54114666","7871.24498816","7447.64329586","7143.66978368","","",
"Nepal","NPL","Domestic general government health expenditure per capita (current US$)","SH.XPD.GHED.PC.CD","","","","","","","","","","","","","","","","","","","","","","","","","","","","","","","","","","","","","","","","","1.29395059","1.5735765","2.10612544","1.89521437","2.06640114","2.69703849","3.26989537","3.16497952","3.51431455","4.2596786","5.37007987","6.109925","5.89512704","5.74402642","7.2249861","7.73443611","8.75530119","11.19884181","12.05807184","13.30052833","17.75511182","22.09205281","27.90797831","26.28426818","","",
"Naoero","NRU","Domestic general government health expenditure per capita (current US$)","SH.XPD.GHED.PC.CD","","","","","","","","","","","","","","","","","","","","","","","","","","","","","","","","","","","","","","","","","407.57854967","278.83560818","212.61385901","204.95581655","153.70825419","295.61741795","318.27300355","407.3267772","443.52163402","295.31606852","374.44020413","382.52547123","397.6201132","451.89207132","558.9560015","590.12331332","881.83940118","827.25444384","1075.81948616","1086.26205025","1086.22240592","1419.02854411","1967.63786976","1917.50341073","","",
"New Zealand","NZL","Domestic general government health expenditure per capita (current US$)","SH.XPD.GHED.PC.CD","","","","","","","","","","","","","","","","","","","","","","","","","","","","","","","","","","","","","","","","","785.34098494","771.11484843","936.7797119","1216.07996526","1526.86281661","1766.23247771","1779.16570455","2145.50331649","2109.72266669","2007.59613276","2397.77931303","2755.88323402","2893.10169677","2982.38626805","3082.13920112","2540.81466703","2571.03453038","2752.18729481","2696.08854583","2655.28362995","2886.03227599","3533.34605254","4208.92482241","3882.1539925","","",
"OECD members","OED","Domestic general government health expenditure per capita (current US$)","SH.XPD.GHED.PC.CD","","","","","","","","","","","","","","","","","","","","","","","","","","","","","","","","","","","","","","","","","1273.33456766102","1314.95186350655","1418.48576450886","1622.67767133427","1806.5259298192","1905.05380867068","2008.12174229248","2195.47209082372","2393.34272808553","2442.32384355042","2527.64680318527","2746.51727382983","2726.66005081076","2733.39326817663","2822.38228576383","2690.06978883334","2769.34358660126","2855.69039802072","2997.67873640776","3049.75612677006","3490.48067721314","3745.4928331297","3625.91016322195","3706.98371517695","","",
"Oman","OMN","Domestic general government health expenditure per capita (current US$)","SH.XPD.GHED.PC.CD","","","","","","","","","","","","","","","","","","","","","","","","","","","","","","","","","","","","","","","","","214.09362174","212.93844389","228.8009488","240.6515098","251.00861602","269.19018355","275.93684316","322.29803617","367.8404796","414.68549378","482.69214831","460.85679046","464.26314757","514.52179935","653.53012621","692.01485577","642.08332592","628.52938966","552.9640446","639.17703908","765.78978619","746.72026641","609.39487937","624.72444486","","",
"Other small states","OSS","Domestic general government health expenditure per capita (current US$)","SH.XPD.GHED.PC.CD","","","","","","","","","","","","","","","","","","","","","","","","","","","","","","","","","","","","","","","","","206.175080573202","198.743816555678","231.413423273715","268.299341859532","307.645365063404","343.778181257818","360.989468710162","430.569630379038","462.175260472687","421.892717933927","424.695132555883","452.164912957685","437.22115217472","463.124486842512","481.075594154794","445.465131339113","480.244260276164","527.72633092865","583.367081953577","618.075634681539","713.615421312914","842.659585884087","814.161054882539","881.364665430016","","",
"Pakistan","PAK","Domestic general government health expenditure per capita (current US$)","SH.XPD.GHED.PC.CD","","","","","","","","","","","","","","","","","","","","","","","","","","","","","","","","","","","","","","","","","5.35904171","4.68273034","5.56866331","3.49066139","4.17314125","4.25438089","4.1542567","4.53114799","3.80099296","4.7464519","5.14742128","5.11231129","7.09679522","7.39920153","7.80412925","9.35555059","9.95227682","13.78264483","13.27128021","11.9312959","12.99695614","15.9089096","14.78932112","10.88944698","","",
"Panama","PAN","Domestic general government health expenditure per capita (current US$)","SH.XPD.GHED.PC.CD","","","","","","","","","","","","","","","","","","","","","","","","","","","","","","","","","","","","","","","","","194.04767222","188.23194768","193.42485515","188.14818555","217.92396301","191.70487055","230.06711926","311.69044755","339.5677368","366.58081854","391.3047895","412.2728523","435.21477062","503.8209675","563.07394187","596.77662143","645.21661094","694.23221707","711.87998046","760.01072943","737.06378746","787.32124514","827.44162768","797.88028463","","",
"Peru","PER","Domestic general government health expenditure per capita (current US$)","SH.XPD.GHED.PC.CD","","","","","","","","","","","","","","","","","","","","","","","","","","","","","","","","","","","","","","","","","44.34769783","46.86081517","49.88213101","49.57292837","54.68929878","67.77659125","68.42278118","77.17038805","92.05896623","105.35592994","125.29731136","134.76794511","162.32845544","179.99733294","198.86282288","190.17809364","193.42919857","208.62458516","225.03835462","232.74947163","273.4661241","304.42866934","285.50703915","283.24729748","","",
"Philippines","PHL","Domestic general government health expenditure per capita (current US$)","SH.XPD.GHED.PC.CD","","","","","","","","","","","","","","","","","","","","","","","","","","","","","","","","","","","","","","","","","14.25318857","11.21005716","9.91624901","11.4456153","11.96873276","15.11829055","17.289051","20.13007831","22.81172799","23.79799198","28.5053484","25.31488036","28.70916754","31.16276143","36.21594482","42.73435278","43.99384575","45.04678679","48.67870806","57.53314736","75.30780071","93.06838537","82.44323226","82.26637722","","",
"Palau","PLW","Domestic general government health expenditure per capita (current US$)","SH.XPD.GHED.PC.CD","","","","","","","","","","","","","","","","","","","","","","","","","","","","","","","","","","","","","","","","","358.90241677","325.46542993","299.38187412","311.35683402","347.44007467","326.00065595","354.45225336","345.33721894","318.2930268","392.98110586","415.57149458","463.03122666","583.4743182","701.87958976","769.87863393","787.30769014","890.77327639","921.13816528","979.57809649","1116.08545904","1002.09616682","1006.01761739","1077.27013458","1024.75596221","","",
"Papua New Guinea","PNG","Domestic general government health expenditure per capita (current US$)","SH.XPD.GHED.PC.CD","","","","","","","","","","","","","","","","","","","","","","","","","","","","","","","","","","","","","","","","","15.88294022","13.19046604","13.0656022","12.77299741","16.86856871","18.11134269","20.16893688","22.40344668","24.60034403","24.42415512","24.2752458","34.25812455","48.01733718","50.81979163","55.02648397","34.23322526","38.86814186","41.66334546","41.45191445","34.93439621","38.43816036","30.51265088","47.46472809","62.3739169","","",
"Poland","POL","Domestic general government health expenditure per capita (current US$)","SH.XPD.GHED.PC.CD","","","","","","","","","","","","","","","","","","","","","","","","","","","","","","","","","","","","","","","","","162.34985814","198.94274278","220.94202189","232.69796259","264.4544581","319.11381602","361.50621221","460.57297701","635.5671054","544.98155742","577.36409126","615.15040439","569.20043115","617.25388536","637.32155259","557.41096237","560.19281266","625.99755975","695.7482027","723.87111172","737.62386354","853.19247309","899.91883102","1216.74300598","","",
"Pre-demographic dividend","PRE","Domestic general government health expenditure per capita (current US$)","SH.XPD.GHED.PC.CD","","","","","","","","","","","","","","","","","","","","","","","","","","","","","","","","","","","","","","","","","3.62491113702534","4.44990258966729","4.19347593051004","5.91599789949798","8.73896933557572","9.78426695002172","10.7864246649443","13.319631622595","17.1957703699067","16.1676125549267","15.2478921309431","16.8611957776103","15.5882301484785","16.3719384035737","16.4853830261808","13.7184548994764","16.1638905401296","14.9793165316783","15.8891952254703","16.3261017324115","17.0198283716652","18.3244908654094","19.2630644370248","18.7285057451352","","",
"Puerto Rico (US)","PRI","Domestic general government health expenditure per capita (current US$)","SH.XPD.GHED.PC.CD","","","","","","","","","","","","","","","","","","","","","","","","","","","","","","","","","","","","","","","","","","","","","","","","","","","","","","","","","","","","","","","","","","",
"Korea, Dem. People's Rep.","PRK","Domestic general government health expenditure per capita (current US$)","SH.XPD.GHED.PC.CD","","","","","","","","","","","","","","","","","","","","","","","","","","","","","","","","","","","","","","","","","","","","","","","","","","","","","","","","","","","","","","","","","","",
"Portugal","PRT","Domestic general government health expenditure per capita (current US$)","SH.XPD.GHED.PC.CD","","","","","","","","","","","","","","","","","","","","","","","","","","","","","","","","","","","","","","","","","694.1273091","712.62670682","820.27834113","1019.10207865","1216.32892542","1286.41445909","1178.48655403","1324.76989684","1495.02653771","1497.20648807","1502.7827684","1455.22582242","1211.44759898","1262.86362485","1269.76064793","1102.06110892","1151.6286032","1217.45195651","1349.59218379","1342.82867559","1495.37848488","1725.32496252","1620.75268192","1697.08771256","","",
"Paraguay","PRY","Domestic general government health expenditure per capita (current US$)","SH.XPD.GHED.PC.CD","","","","","","","","","","","","","","","","","","","","","","","","","","","","","","","","","","","","","","","","","40.36280259","31.89669692","20.06862151","23.53767305","28.53967904","31.25394243","42.99105307","55.75127367","71.06050274","83.63687892","100.76161298","142.81334241","171.24767631","171.38982551","210.32399939","185.58551491","181.80012","186.21236825","189.61797327","193.19676697","221.76470021","266.93586901","253.47093692","291.79130718","","",
"West Bank and Gaza","PSE","Domestic general government health expenditure per capita (current US$)","SH.XPD.GHED.PC.CD","","","","","","","","","","","","","","","","","","","","","","","","","","","","","","","","","","","","","","","","","37.25914263","31.61368563","33.61227922","35.93321822","47.76312603","57.09535025","47.98513298","53.40296647","70.1079543","75.44533494","79.32187961","89.30284244","85.72751801","101.03402324","99.85356265","96.37906344","88.53112597","108.51641218","95.62992562","126.55153328","118.07163039","149.01855434","141.46688104","143.22911205","","",
"Pacific island small states","PSS","Domestic general government health expenditure per capita (current US$)","SH.XPD.GHED.PC.CD","","","","","","","","","","","","","","","","","","","","","","","","","","","","","","","","","","","","","","","","","58.9612325023388","54.3277957700493","56.2118286177047","62.9042877651853","67.8053702956275","80.4310737381049","82.9112746848918","90.2077158737846","86.4520018599555","77.293784350381","82.9642033753767","91.4629410258429","95.4150535096512","97.918765918615","103.71276114084","102.424046947868","109.032333428579","114.863959573044","129.932802362842","137.19216569668","132.771649190163","139.337008388393","144.245214062409","149.6928823707","","",
"Post-demographic dividend","PST","Domestic general government health expenditure per capita (current US$)","SH.XPD.GHED.PC.CD","","","","","","","","","","","","","","","","","","","","","","","","","","","","","","","","","","","","","","","","","1469.46314816506","1519.86487588078","1643.15587781953","1885.66603355256","2099.79316400442","2215.77164910508","2336.31561450695","2550.5366328782","2775.42375640514","2846.75180492354","2946.36541904299","3210.29982631811","3192.79478119401","3198.64063525251","3315.888415944","3175.66892841804","3279.83132602004","3385.73300525425","3564.64492118983","3636.46530804758","4185.92780025265","4525.79509014718","4563.44126787512","4638.54465498005","","",
"French Polynesia","PYF","Domestic general government health expenditure per capita (current US$)","SH.XPD.GHED.PC.CD","","","","","","","","","","","","","","","","","","","","","","","","","","","","","","","","","","","","","","","","","","","","","","","","","","","","","","","","","","","","","","","","","","",
"Qatar","QAT","Domestic general government health expenditure per capita (current US$)","SH.XPD.GHED.PC.CD","","","","","","","","","","","","","","","","","","","","","","","","","","","","","","","","","","","","","","","","","329.17134831","377.47610865","420.80767892","836.82817329","946.06261027","1038.29566227","1031.94216596","973.0054566","965.37072043","941.24246618","929.82581583","1090.13270614","1355.44908886","1708.5442746","1953.82613322","2128.93331369","1777.97488465","1614.44557121","1665.00888376","1715.94417918","1705.06127011","1570.43502859","1464.28085894","1498.00321148","","",
"Romania","ROU","Domestic general government health expenditure per capita (current US$)","SH.XPD.GHED.PC.CD","","","","","","","","","","","","","","","","","","","","","","","","","","","","","","","","","","","","","","","","","55.39739126","62.85804966","77.64548449","119.24171218","140.82470782","203.05204028","230.73812349","338.07742142","422.75919666","353.48690714","377.25195694","319.84833909","308.7417069","391.0020406","397.05260531","344.69443281","372.34224337","436.24340617","547.59798255","591.87914899","648.29580395","728.49351795","700.74887818","797.32959272","","",
"Russian Federation","RUS","Domestic general government health expenditure per capita (current US$)","SH.XPD.GHED.PC.CD","","","","","","","","","","","","","","","","","","","","","","","","","","","","","","","","","","","","","","","","","56.51271067","68.41776042","81.65273716","94.88243574","122.00802236","165.17711425","216.57282346","285.20308598","380.00736107","318.96803843","346.36246744","426.67774593","481.3006771","502.48935786","454.94781904","291.80145991","263.84540904","329.44096293","360.37465495","397.77517834","599.59765014","613.35029675","766.20782701","702.76491386","","",
"Rwanda","RWA","Domestic general government health expenditure per capita (current US$)","SH.XPD.GHED.PC.CD","","","","","","","","","","","","","","","","","","","","","","","","","","","","","","","","","","","","","","","","","1.6273144","1.65616226","1.77470847","5.73859399","5.1970855","5.23198185","5.2921454","7.44195548","9.58436116","10.6109672","12.10347888","14.30779297","14.52360075","15.31113542","15.90090046","15.4478565","11.42369052","11.85407936","12.68199256","14.33773611","16.65234961","21.84829527","23.72770061","24.76385589","","",
"South Asia","SAS","Domestic general government health expenditure per capita (current US$)","SH.XPD.GHED.PC.CD","","","","","","","","","","","","","","","","","","","","","","","","","","","","","","","","","","","","","","","","","3.9311238584935","3.76502446227724","3.78266950212996","4.18530304115535","4.58895340448698","5.54127524927575","6.05397109699224","7.37544638669417","8.4267023118143","9.52765736885853","11.3705753505002","13.3860813031234","13.0601995253863","12.6364264778315","13.1811655332746","14.6695941856634","15.9177977461004","18.299474118565","19.4198676715601","20.6207026649839","22.5080159852108","29.208479430934","30.7963809789115","30.7915608409364","","",
"Saudi Arabia","SAU","Domestic general government health expenditure per capita (current US$)","SH.XPD.GHED.PC.CD","","","","","","","","","","","","","","","","","","","","","","","","","","","","","","","","","","","","","","","","","355.48474212","349.72093739","325.29894699","330.81442372","336.99586025","395.63116988","463.30521541","465.96869269","421.7244215","494.03079727","474.35196483","640.09655128","746.44161677","827.94963704","973.17544705","896.50894357","941.72596034","1006.50740052","1046.7272804","1110.1483721","1232.84172529","1273.88326268","1412.30034426","1419.43889462","","",
"Sudan","SDN","Domestic general government health expenditure per capita (current US$)","SH.XPD.GHED.PC.CD","","","","","","","","","","","","","","","","","","","","","","","","","","","","","","","","","","","","","","","","","4.73373894","5.06124129","5.7139129","7.33121181","11.09162193","14.48552016","20.12819249","29.60162681","26.45692884","32.89474536","23.95597544","18.35939432","19.79718033","16.12481003","22.43848227","13.29970564","20.28414574","12.21247329","7.88856853","7.17046331","7.83273023","5.65297739","5.60501076","4.37346736","","",
"Senegal","SEN","Domestic general government health expenditure per capita (current US$)","SH.XPD.GHED.PC.CD","","","","","","","","","","","","","","","","","","","","","","","","","","","","","","","","","","","","","","","","","7.55697021","9.02145237","8.96995084","12.63202873","14.93796329","15.62958927","17.89719237","15.67979119","19.4032372","18.40751544","14.82068376","17.98927437","16.17716765","16.15466656","15.10854432","13.13262801","13.52581725","13.71204289","16.25321664","15.13759586","25.12153543","19.22566739","17.05482407","20.19133338","","",
"Singapore","SGP","Domestic general government health expenditure per capita (current US$)","SH.XPD.GHED.PC.CD","","","","","","","","","","","","","","","","","","","","","","","","","","","","","","","","","","","","","","","","","289.22114726","192.41054366","234.78631802","315.54661174","281.92751725","299.63879927","335.72350368","374.09262158","480.09934182","463.20852853","542.76913954","631.86286927","729.11246043","877.7777331","1005.90041209","1097.11039266","1189.25865837","1293.15328429","1366.2755402","1515.88985009","2121.90417191","2465.05727684","2345.77979088","2292.59106053","","",
"Solomon Islands","SLB","Domestic general government health expenditure per capita (current US$)","SH.XPD.GHED.PC.CD","","","","","","","","","","","","","","","","","","","","","","","","","","","","","","","","","","","","","","","","","42.36935556","54.92738819","43.43094172","39.61460186","40.95979737","63.18908578","57.54242063","61.53692579","43.36584695","44.10090521","46.85656801","54.51190936","60.90024964","59.94570442","64.00582536","62.77922418","65.68378244","66.35680963","67.50120435","72.47213478","74.77112089","68.91271737","66.6142404","70.05639018","","",
"Sierra Leone","SLE","Domestic general government health expenditure per capita (current US$)","SH.XPD.GHED.PC.CD","","","","","","","","","","","","","","","","","","","","","","","","","","","","","","","","","","","","","","","","","1.87062185","2.41954139","2.75203698","2.74664091","2.67123949","2.9496001","3.03928842","2.65106935","3.03154384","3.96979859","5.45719057","5.30426107","5.608454","5.90829347","9.75451675","7.76828426","5.56160756","4.28908205","4.15661712","6.55219883","7.00420642","10.16191359","7.48306966","5.97892743","","",
"El Salvador","SLV","Domestic general government health expenditure per capita (current US$)","SH.XPD.GHED.PC.CD","","","","","","","","","","","","","","","","","","","","","","","","","","","","","","","","","","","","","","","","","78.18802396","78.89646474","84.68420721","85.86750093","91.80617772","103.97126435","120.50197307","116.19778943","121.98555792","119.46791663","132.92256493","159.83470935","155.8129502","170.63277","171.84777763","182.27123448","189.1088269","184.23773142","190.09626773","203.68691397","231.6974877","298.04894056","311.78931642","303.14621927","","",
"San Marino","SMR","Domestic general government health expenditure per capita (current US$)","SH.XPD.GHED.PC.CD","","","","","","","","","","","","","","","","","","","","","","","","","","","","","","","","","","","","","","","","","1618.9865817","1664.79137118","1685.54722074","1911.04242139","2279.06025152","2387.36871272","2558.24359165","3042.59791052","3515.76985296","3430.17279857","3290.10291707","4038.64546834","3821.52864276","3663.39656828","3626.5795762","3049.88282515","3173.44501121","3217.44075283","3528.27487132","3374.68300332","3373.14494003","3554.94670492","3431.85547135","3409.86412731","","",
"Somalia, Fed. Rep.","SOM","Domestic general government health expenditure per capita (current US$)","SH.XPD.GHED.PC.CD","","","","","","","","","","","","","","","","","","","","","","","","","","","","","","","","","","","","","","","","","","","","","","","","","","","","","","0.52391006","0.45925519","0.47546042","0.55149667","0.75412048","0.70823206","0.8102189","1.19417853","1.89745208","1.78770458","3.1689155","","",
"Serbia","SRB","Domestic general government health expenditure per capita (current US$)","SH.XPD.GHED.PC.CD","","","","","","","","","","","","","","","","","","","","","","","","","","","","","","","","","","","","","","","","","36.97342488","74.98530344","125.03973607","160.73910565","186.2379431","201.31897259","232.17672494","333.91287014","415.75006246","354.64959534","332.67634917","378.2750829","347.79420749","375.64128415","354.70671202","283.37759424","280.07852075","296.50162964","366.3522176","374.04786261","408.44368784","581.64926701","567.41835411","644.76479916","","",
"Sub-Saharan Africa (excluding high income)","SSA","Domestic general government health expenditure per capita (current US$)","SH.XPD.GHED.PC.CD","","","","","","","","","","","","","","","","","","","","","","","","","","","","","","","","","","","","","","","","","10.3563808405152","9.62690157559774","8.99514659668883","14.0956138030308","17.5608470114124","19.8622023145561","22.9221684828364","25.6716799538227","26.5888723949878","27.7293311766395","32.0112066142441","35.0500188253409","34.5503885274879","32.7375581010128","32.3057425295012","29.699739560244","27.3877910142187","29.9566497188309","30.3370583523825","30.1106607470594","31.7980177233916","35.3835722545611","34.1872362180184","31.6780586226096","","",
"South Sudan","SSD","Domestic general government health expenditure per capita (current US$)","SH.XPD.GHED.PC.CD","","","","","","","","","","","","","","","","","","","","","","","","","","","","","","","","","","","","","","","","","","","","","","","","","","","","","","","","","","2.36856311","3.160311","3.85164254","3.57994165","5.12963856","4.57209366","3.14048574","","",
"Sub-Saharan Africa","SSF","Domestic general government health expenditure per capita (current US$)","SH.XPD.GHED.PC.CD","","","","","","","","","","","","","","","","","","","","","","","","","","","","","","","","","","","","","","","","","10.3897531697341","9.65915536829678","9.02989995503435","14.1332212699033","17.5999619460913","19.9012642634378","22.9622374281709","25.7059015493274","26.6128933468581","27.7490055564033","32.0405593848788","35.0774543421915","34.5880875120818","32.7735754929001","32.3418568281132","29.7354280754638","27.4276240603165","29.9972259976754","30.377231384657","30.1495142599277","31.8387090175412","35.4179230296698","34.2309767522839","31.7262779082162","","",
"Small states","SST","Domestic general government health expenditure per capita (current US$)","SH.XPD.GHED.PC.CD","","","","","","","","","","","","","","","","","","","","","","","","","","","","","","","","","","","","","","","","","163.222670728047","160.048029014257","183.149119175452","213.888807819486","243.250684550828","274.521443106798","288.143568315554","338.825175932281","365.611297653619","342.796388753554","347.833603872135","371.858430815811","366.959164791699","389.23079952949","402.005893360601","385.135956287293","408.427647107728","448.189592694626","482.022358894646","509.395972167847","571.966826372168","659.386527991614","649.613084074195","692.278831451556","","",
"Sao Tome and Principe","STP","Domestic general government health expenditure per capita (current US$)","SH.XPD.GHED.PC.CD","","","","","","","","","","","","","","","","","","","","","","","","","","","","","","","","","","","","","","","","","18.70930694","18.13380993","20.1213104","37.60682569","34.38276705","38.94584836","4.42199857","14.18523647","13.23108556","17.94695417","22.23828387","28.25323918","28.12966907","41.7556284","41.94376012","26.83455592","44.23699364","53.8876186","48.26725195","43.5287584","64.80884234","80.19544512","55.66496274","63.22889128","","",
"Suriname","SUR","Domestic general government health expenditure per capita (current US$)","SH.XPD.GHED.PC.CD","","","","","","","","","","","","","","","","","","","","","","","","","","","","","","","","","","","","","","","","","80.75600301","44.59378285","72.98392363","72.97464367","94.57624459","108.88902344","145.55195743","153.01632334","147.71242094","174.65425","169.32581739","152.50526171","166.47613048","182.95957369","182.99975003","278.88808466","209.4008557","187.49227931","298.59347357","427.99640383","273.89177774","176.27657016","241.14626782","184.17990353","","",
"Slovak Republic","SVK","Domestic general government health expenditure per capita (current US$)","SH.XPD.GHED.PC.CD","","","","","","","","","","","","","","","","","","","","","","","","","","","","","","","","","","","","","","","","","178.0445037","187.04082893","223.47654808","299.69049484","402.65350987","451.79789437","507.90257969","707.33320417","935.30106146","945.70255925","920.50811308","975.21669138","938.4266963","1004.74171332","1022.89493017","873.13839647","940.09658834","939.91826922","1029.72406","1057.76821277","1118.68125252","1343.14176143","1311.92578316","1431.64790115","","",
"Slovenia","SVN","Domestic general government health expenditure per capita (current US$)","SH.XPD.GHED.PC.CD","","","","","","","","","","","","","","","","","","","","","","","","","","","","","","","","","","","","","","","","","568.73399474","582.99423936","684.36320126","865.82318482","985.27804369","1046.62710475","1106.02709129","1261.46027463","1572.70827225","1530.36865553","1459.7067523","1552.12776842","1399.20840222","1445.00847054","1454.483113","1267.15566429","1330.02085591","1382.13998726","1570.96796032","1605.97139936","1754.27938972","2035.88735237","2011.00581832","2222.21060136","","",
"Sweden","SWE","Domestic general government health expenditure per capita (current US$)","SH.XPD.GHED.PC.CD","","","","","","","","","","","","","","","","","","","","","","","","","","","","","","","","","","","","","","","","","1858.89623658","1763.2396663","2021.81525972","2576.35325491","2876.17637531","2910.81808951","3084.96982482","3531.9927139","3796.16359976","3391.43530362","3616.16862178","5378.17786284","5290.49891304","5643.38890603","5571.65699179","4715.06082294","4808.98977699","4963.87421732","5104.4676489","4827.79869762","5189.77622537","5913.29581511","5171.12358619","5342.42715869","","",
"Eswatini","SWZ","Domestic general government health expenditure per capita (current US$)","SH.XPD.GHED.PC.CD","","","","","","","","","","","","","","","","","","","","","","","","","","","","","","","","","","","","","","","","","40.23559627","34.98955807","32.75072984","60.09539152","78.05587061","107.23089295","104.99565926","119.41255653","133.60904457","144.53961117","168.82466174","155.74212344","148.41121369","135.28117951","106.64200368","104.6915212","94.47781462","134.72959802","135.73398674","167.95304845","118.08877339","146.74192152","127.50130835","126.5018177","","",
"Sint Maarten (Dutch part)","SXM","Domestic general government health expenditure per capita (current US$)","SH.XPD.GHED.PC.CD","","","","","","","","","","","","","","","","","","","","","","","","","","","","","","","","","","","","","","","","","","","","","","","","","","","","","","","","","","","","","","","","","","",
"Seychelles","SYC","Domestic general government health expenditure per capita (current US$)","SH.XPD.GHED.PC.CD","","","","","","","","","","","","","","","","","","","","","","","","","","","","","","","","","","","","","","","","","279.37433247","276.443628","295.43088195","336.13733234","362.99493509","372.73684575","387.25586992","343.8530961","251.11452886","216.04401359","317.21803715","316.32840153","427.88126776","416.97273848","422.14803468","416.90320975","465.50486554","487.2759871","490.84618281","483.20827875","514.55152112","450.00630881","482.32263458","538.46083483","","",
"Syrian Arab Republic","SYR","Domestic general government health expenditure per capita (current US$)","SH.XPD.GHED.PC.CD","","","","","","","","","","","","","","","","","","","","","","","","","","","","","","","","","","","","","","","","","19.00161504","23.81171187","28.38830533","28.59776113","28.59638062","31.22998097","29.91508739","33.97666328","38.08803272","39.17923998","39.47131899","33.61736511","28.39890873","22.68955346","22.93765003","18.28609937","12.91585974","17.39386635","22.11368976","27.46590517","15.04987387","16.70459338","12.98584713","4.98055828","","",
"Turks and Caicos Islands","TCA","Domestic general government health expenditure per capita (current US$)","SH.XPD.GHED.PC.CD","","","","","","","","","","","","","","","","","","","","","","","","","","","","","","","","","","","","","","","","","","","","","","","","","","","","","","","","","","","","","","","","","","",
"Chad","TCD","Domestic general government health expenditure per capita (current US$)","SH.XPD.GHED.PC.CD","","","","","","","","","","","","","","","","","","","","","","","","","","","","","","","","","","","","","","","","","3.83142667","4.05864819","5.19662296","5.6824739","9.67698823","9.23835261","6.92683679","8.01685338","7.22890088","7.26124749","7.39813023","7.88114988","8.88821185","10.90157904","12.03233179","7.1917615","5.55264504","4.49283184","4.44104151","4.58725909","4.78277479","6.96970123","8.94444453","11.9777011","","",
"East Asia & Pacific (IDA & IBRD countries)","TEA","Domestic general government health expenditure per capita (current US$)","SH.XPD.GHED.PC.CD","","","","","","","","","","","","","","","","","","","","","","","","","","","","","","","","","","","","","","","","","10.2440955336725","10.7878372286988","13.07930312314","16.1873463944622","18.9787170797987","22.6439408409409","27.898723502277","36.4050735413888","52.3421867302842","67.4217394587245","79.8702134598543","102.584455266048","124.800514267546","144.978965216859","162.860252904801","179.738989908361","177.596213598033","190.912234236194","216.027045431072","229.006535078018","243.278551477986","279.095100648547","323.283622910949","322.975063478067","","",
"Europe & Central Asia (IDA & IBRD countries)","TEC","Domestic general government health expenditure per capita (current US$)","SH.XPD.GHED.PC.CD","","","","","","","","","","","","","","","","","","","","","","","","","","","","","","","","","","","","","","","","","65.4329915066345","71.9077968888918","85.1740410463299","103.899626401492","128.405303505587","162.048580327751","195.863449090013","251.219859749299","321.345880665363","283.121693272404","300.205953116645","331.913449379271","348.538222498057","366.933238165329","347.115019957569","264.65328681294","256.338414954728","284.051487881906","301.076201049633","320.685540098206","397.585182349752","437.543036943122","505.225056012028","550.730177336405","","",
"Togo","TGO","Domestic general government health expenditure per capita (current US$)","SH.XPD.GHED.PC.CD","","","","","","","","","","","","","","","","","","","","","","","","","","","","","","","","","","","","","","","","","1.13918856","1.23157338","1.45098952","1.93717558","2.37663927","2.65191091","2.97900124","3.61508589","4.31500653","4.91923664","7.92045765","8.09189603","8.89466016","7.94052263","8.54119467","6.94264793","7.53540711","8.32077869","8.7810651","7.36573559","7.77705603","5.2372968","5.9483952","6.64101291","","",
"Thailand","THA","Domestic general government health expenditure per capita (current US$)","SH.XPD.GHED.PC.CD","","","","","","","","","","","","","","","","","","","","","","","","","","","","","","","","","","","","","","","","","34.33290711","31.46506267","43.3909695","48.02053166","53.16292567","57.72864733","74.29895295","94.59549825","112.35050109","109.45764336","124.39438599","146.54245148","153.45788728","157.83929712","161.76987276","156.36960576","166.33857866","177.99303422","194.67660805","206.60111442","214.17553686","255.92688932","268.96381245","254.2905458","","",
"Tajikistan","TJK","Domestic general government health expenditure per capita (current US$)","SH.XPD.GHED.PC.CD","","","","","","","","","","","","","","","","","","","","","","","","","","","","","","","","","","","","","","","","","1.226207","1.44740844","1.49549803","1.79547644","2.73160132","3.29910958","3.72873419","5.55982001","9.5806065","7.20598181","8.7022116","10.88046493","15.31539746","19.67245071","22.7753443","18.57982057","15.69346077","16.48899545","15.82581457","16.53003157","17.9466832","17.40381779","18.41149911","21.80662717","","",
"Turkmenistan","TKM","Domestic general government health expenditure per capita (current US$)","SH.XPD.GHED.PC.CD","","","","","","","","","","","","","","","","","","","","","","","","","","","","","","","","","","","","","","","","","35.22882099","41.7898401","44.35266042","63.61670094","69.33109161","68.68332641","64.21803146","68.67873039","37.80582579","43.27607325","48.77057179","65.42269957","77.27707376","97.00081659","106.19312939","86.86549488","69.97905155","90.23951247","73.30579027","78.56551675","77.15557434","81.03021833","86.13319423","99.63453924","","",
"Latin America & the Caribbean (IDA & IBRD countries)","TLA","Domestic general government health expenditure per capita (current US$)","SH.XPD.GHED.PC.CD","","","","","","","","","","","","","","","","","","","","","","","","","","","","","","","","","","","","","","","","","132.087049529982","126.423751993118","106.373795120809","111.048235822671","126.381189478416","150.555918083443","179.233978802689","214.948119745528","255.115869318542","261.091907607515","318.256226560089","365.681166877137","367.795844453607","393.625477645989","392.191495574073","353.822455255794","335.6676273144","374.092444133099","335.545615530621","324.517421073739","308.064658877243","352.185894327253","381.163703241924","415.279040354998","","",
"Timor-Leste","TLS","Domestic general government health expenditure per capita (current US$)","SH.XPD.GHED.PC.CD","","","","","","","","","","","","","","","","","","","","","","","","","","","","","","","","","","","","","","","","","","","","6.96498605","7.93345632","10.34812965","11.14116263","5.22236486","21.32943315","22.28590683","26.73817197","33.49003497","42.4079453","53.56025529","50.52865991","58.28409597","46.01438642","56.85837135","48.20494075","44.9980764","65.50183356","83.79508176","125.5496991","112.05710272","","",
"Middle East, North Africa, Afghanistan & Pakistan (IDA & IBRD)","TMN","Domestic general government health expenditure per capita (current US$)","SH.XPD.GHED.PC.CD","","","","","","","","","","","","","","","","","","","","","","","","","","","","","","","","","","","","","","","","","21.8191757456478","23.4034807897398","23.2325094892848","22.4980275501405","25.6746195776803","28.5227795702597","33.2405005743592","40.4032978019553","49.736439523419","54.6124144383035","56.9864421078988","65.3811321416036","67.5638173240013","66.3917373809499","72.3043906411123","69.6426702820397","73.0402842079644","73.3176609110623","59.6121332085295","56.7116521164874","53.7385924289351","56.0772578324898","56.4062744684033","61.2626988012508","","",
"Tonga","TON","Domestic general government health expenditure per capita (current US$)","SH.XPD.GHED.PC.CD","","","","","","","","","","","","","","","","","","","","","","","","","","","","","","","","","","","","","","","","","42.35052472","39.48463427","45.24574692","47.99515711","55.95800884","64.48823346","77.73320871","90.4041694","91.24236771","90.95922101","98.84283671","112.00217601","109.05104227","114.41962198","116.99331356","105.08053064","119.19497303","127.3132913","145.53681709","139.14756202","141.03965237","162.00139348","184.74257781","165.39214161","","",
"South Asia (IDA & IBRD)","TSA","Domestic general government health expenditure per capita (current US$)","SH.XPD.GHED.PC.CD","","","","","","","","","","","","","","","","","","","","","","","","","","","","","","","","","","","","","","","","","3.93112385849351","3.76502446227724","3.78266950212996","4.18530304115535","4.58895340448698","5.54127524927575","6.05397109699224","7.37544638669417","8.4267023118143","9.52765736885853","11.3705753505002","13.3860813031234","13.0601995253863","12.6364264778315","13.1811655332746","14.6695941856634","15.9177977461004","18.299474118565","19.4198676715601","20.6207026649839","22.5080159852108","29.208479430934","30.7963809789115","30.7915608409364","","",
"Sub-Saharan Africa (IDA & IBRD countries)","TSS","Domestic general government health expenditure per capita (current US$)","SH.XPD.GHED.PC.CD","","","","","","","","","","","","","","","","","","","","","","","","","","","","","","","","","","","","","","","","","10.3897531697341","9.65915536829679","9.02989995503435","14.1332212699033","17.5999619460913","19.9012642634378","22.9622374281709","25.7059015493274","26.6128933468581","27.7490055564033","32.0405593848788","35.0774543421915","34.5880875120818","32.7735754929001","32.3418568281132","29.7354280754638","27.4276240603165","29.9972259976754","30.377231384657","30.1495142599277","31.8387090175412","35.4179230296698","34.2309767522839","31.7262779082162","","",
"Trinidad and Tobago","TTO","Domestic general government health expenditure per capita (current US$)","SH.XPD.GHED.PC.CD","","","","","","","","","","","","","","","","","","","","","","","","","","","","","","","","","","","","","","","","","98.48488636","117.79825844","135.0210319","163.07345365","186.00135927","256.68987245","255.19076409","308.19376046","359.13539338","369.66206392","397.39769267","435.35788173","436.84235812","500.137827","508.15867029","546.46694074","533.45413162","566.51131332","523.32861086","504.48000303","488.33829388","546.31229021","575.69841843","617.51485067","","",
"Tunisia","TUN","Domestic general government health expenditure per capita (current US$)","SH.XPD.GHED.PC.CD","","","","","","","","","","","","","","","","","","","","","","","","","","","","","","","","","","","","","","","","","58.47010699","59.49349291","64.5227548","76.56874533","85.52288264","86.3170726","93.45848136","108.00201349","125.10540272","127.3258742","134.22998752","152.69720838","153.96982507","168.20038633","167.19781221","134.2013903","131.04868589","120.18954446","112.22465153","125.87926176","153.02479505","159.79183405","145.5626508","171.83541244","","",
"Turkiye","TUR","Domestic general government health expenditure per capita (current US$)","SH.XPD.GHED.PC.CD","","","","","","","","","","","","","","","","","","","","","","","","","","","","","","","","","","","","","","","","","118.93250612","100.11179896","126.92750407","165.59663221","209.84582246","242.12557055","281.78082898","346.92899464","408.34245861","396.29580014","414.81780181","416.12256377","412.04185602","429.32579479","403.8646702","347.46462423","357.98411923","335.81628252","294.26800546","301.9433535","304.54764834","339.90366841","290.02229828","415.91976091","","",
"Tuvalu","TUV","Domestic general government health expenditure per capita (current US$)","SH.XPD.GHED.PC.CD","","","","","","","","","","","","","","","","","","","","","","","","","","","","","","","","","","","","","","","","","351.49356175","247.69835948","192.40740776","249.69786","205.66787774","222.32001541","236.89030842","263.9711016","288.20739749","269.20118264","399.04115105","432.463709","425.96091147","347.15000855","426.31938961","340.55117031","583.27740576","797.62866764","690.25848322","879.81962503","752.95048789","598.03265612","1005.81902104","1254.84671869","","",
"Tanzania","TZA","Domestic general government health expenditure per capita (current US$)","SH.XPD.GHED.PC.CD","","","","","","","","","","","","","","","","","","","","","","","","","","","","","","","","","","","","","","","","","2.6928073","3.90170452","4.83969226","5.69415175","8.03840021","10.13014957","11.15014998","10.21694775","14.73325013","9.97101013","10.3212329","9.60834108","9.84032792","11.08776226","11.90651572","11.46159996","14.889817","15.10554132","15.51266249","16.20863437","8.95510561","10.22188383","11.25410135","11.48315586","","",
"Uganda","UGA","Domestic general government health expenditure per capita (current US$)","SH.XPD.GHED.PC.CD","","","","","","","","","","","","","","","","","","","","","","","","","","","","","","","","","","","","","","","","","4.10003514","4.27466108","4.83842043","4.87692997","5.41198156","4.60114606","4.79512908","6.08958411","6.89107875","6.33736176","8.36115907","7.4916689","8.33309033","8.91441013","9.07878612","6.07633779","6.12740184","5.02142047","5.52751581","5.04379338","10.17083024","10.69664949","9.82832152","9.8558581","","",
"Ukraine","UKR","Domestic general government health expenditure per capita (current US$)","SH.XPD.GHED.PC.CD","","","","","","","","","","","","","","","","","","","","","","","","","","","","","","","","","","","","","","","","","16.38408919","21.58906061","26.70993653","37.83741992","45.94479432","67.31074009","88.38759982","108.44700826","123.54214059","96.68601925","107.93291973","120.64857284","142.33256132","132.77471236","100.36678328","73.33476123","74.60953581","86.8345859","101.37753789","108.75746001","130.64660846","192.80544005","","","","",
"Upper middle income","UMC","Domestic general government health expenditure per capita (current US$)","SH.XPD.GHED.PC.CD","","","","","","","","","","","","","","","","","","","","","","","","","","","","","","","","","","","","","","","","","38.8828843145129","38.1126367338336","37.1203719611274","42.7624991210304","50.263323798361","60.0954124812478","72.2692058718714","89.6377848484304","112.439173565829","124.536720049971","146.075601967553","173.861002247593","189.478276481089","208.25100063246","220.689625455164","221.367131503685","216.516300468154","233.324185867492","241.794874135937","248.833505985548","256.501815694455","289.859896245348","326.810226545591","338.855255100389","","",
"Uruguay","URY","Domestic general government health expenditure per capita (current US$)","SH.XPD.GHED.PC.CD","","","","","","","","","","","","","","","","","","","","","","","","","","","","","","","","","","","","","","","","","290.49380566","305.08744449","209.20648242","200.85364305","196.65501192","201.16197532","238.74835565","280.68480902","457.10775568","490.12056202","625.97800573","765.53223485","865.07083187","1007.76725387","1018.80326195","974.68581992","1021.61401434","1158.85617749","1184.20950842","1127.21565263","1025.10172318","1171.14895729","1307.92405535","1502.22396968","","",
"United States","USA","Domestic general government health expenditure per capita (current US$)","SH.XPD.GHED.PC.CD","","","","","","","","","","","","","","","","","","","","","","","","","","","","","","","","","","","","","","","","","2018.53456016","2221.63082401","2408.27375933","2578.05488947","2757.98584982","2923.48379124","3150.05226307","3315.05268752","3497.73292592","3700.1556927","3836.58617516","3938.64340937","4035.91577438","4165.60990747","4467.72836011","4729.45395327","4888.89963622","5035.88441637","5253.52347981","5482.00657433","6631.04748969","6698.66563897","6944.45576417","7269.29118467","","",
"Uzbekistan","UZB","Domestic general government health expenditure per capita (current US$)","SH.XPD.GHED.PC.CD","","","","","","","","","","","","","","","","","","","","","","","","","","","","","","","","","","","","","","","","","13.96603875","11.83223332","9.21705405","9.36102807","10.44902808","12.34298353","15.40750072","18.55747255","24.96285993","29.96146455","37.20357901","43.60839657","53.87040176","59.07867044","61.83058248","66.01123728","56.59291757","38.7654045","31.50110187","41.01432506","55.52282776","61.32478899","57.61652843","67.93420322","","",
"St. Vincent and the Grenadines","VCT","Domestic general government health expenditure per capita (current US$)","SH.XPD.GHED.PC.CD","","","","","","","","","","","","","","","","","","","","","","","","","","","","","","","","","","","","","","","","","104.77638535","111.47464131","120.35320883","118.28807218","120.31223334","124.02987791","124.81739416","136.50215148","152.32368943","161.64821585","166.97228665","156.42750177","185.30916436","189.23349803","181.53534543","185.73729387","198.03496119","215.00042907","236.00835178","250.85019319","273.48841336","307.96009446","302.87637166","324.16476542","","",
"Venezuela, RB","VEN","Domestic general government health expenditure per capita (current US$)","SH.XPD.GHED.PC.CD","","","","","","","","","","","","","","","","","","","","","","","","","","","","","","","","","","","","","","","","","","","","","","","","","","","","","","","","","","","84.87375516","41.86820896","57.13228598","54.45724308","94.69779735","59.01582553","","",
"British Virgin Islands","VGB","Domestic general government health expenditure per capita (current US$)","SH.XPD.GHED.PC.CD","","","","","","","","","","","","","","","","","","","","","","","","","","","","","","","","","","","","","","","","","","","","","","","","","","","","","","","","","","","","","","","","","","",
"Virgin Islands (U.S.)","VIR","Domestic general government health expenditure per capita (current US$)","SH.XPD.GHED.PC.CD","","","","","","","","","","","","","","","","","","","","","","","","","","","","","","","","","","","","","","","","","","","","","","","","","","","","","","","","","","","","","","","","","","",
"Viet Nam","VNM","Domestic general government health expenditure per capita (current US$)","SH.XPD.GHED.PC.CD","","","","","","","","","","","","","","","","","","","","","","","","","","","","","","","","","","","","","","","","","8.65305916","8.37880658","9.62075034","10.03174284","13.21386915","16.13645096","18.46331209","20.79897834","25.65600077","26.64664827","34.35888588","37.70937621","48.79025587","47.09572885","52.86261323","52.92442677","58.34939658","64.23639922","67.42883343","69.52231544","63.2821638","72.61316012","81.73497448","87.36204214","","",
"Vanuatu","VUT","Domestic general government health expenditure per capita (current US$)","SH.XPD.GHED.PC.CD","","","","","","","","","","","","","","","","","","","","","","","","","","","","","","","","","","","","","","","","","36.05954836","33.97134159","35.17396287","39.00294421","41.24500933","40.13089999","43.65851495","51.88168096","59.1936861","51.00264783","54.61812837","74.6900004","69.09280812","66.91781078","17.45713166","57.65094553","38.11675051","46.4886162","68.63852024","61.07442332","78.27205525","38.29372253","54.63516748","81.15797834","","",
"World","WLD","Domestic general government health expenditure per capita (current US$)","SH.XPD.GHED.PC.CD","","","","","","","","","","","","","","","","","","","","","","","","","","","","","","","","","","","","","","","","","273.137554583051","279.830734546142","297.354893170241","337.251024125365","374.416331474111","396.73728645676","420.669848414454","462.944848397302","509.964125296772","521.426842354753","542.511380048599","593.526422250866","594.275787640896","599.324570773361","618.170869009207","589.231208434617","599.371370962227","619.545367237618","644.907999753851","655.374500466515","738.291469083777","793.994177253335","790.552774414822","803.749660564422","","",
"Samoa","WSM","Domestic general government health expenditure per capita (current US$)","SH.XPD.GHED.PC.CD","","","","","","","","","","","","","","","","","","","","","","","","","","","","","","","","","","","","","","","","","50.5792672","45.83565153","55.07194043","55.33916275","69.70382681","83.15332299","94.0198209","102.1693465","120.03745867","133.98193563","139.84727214","144.33499201","154.56179976","160.3371693","193.46217779","162.55506672","161.04234172","167.8463185","155.13348896","185.95301029","184.40256931","201.64545648","181.764297","202.73019191","","",
"Kosovo","XKX","Domestic general government health expenditure per capita (current US$)","SH.XPD.GHED.PC.CD","","","","","","","","","","","","","","","","","","","","","","","","","","","","","","","","","","","","","","","","","","","","","","","","","","","","","","","","","","","","","","","","","","",
"Yemen, Rep.","YEM","Domestic general government health expenditure per capita (current US$)","SH.XPD.GHED.PC.CD","","","","","","","","","","","","","","","","","","","","","","","","","","","","","","","","","","","","","","","","","11.64738485","12.07253589","11.96342687","13.19639367","12.26281459","12.16673397","13.17680825","13.92778889","17.1762956","12.68440851","13.42543135","12.95771083","15.45153952","13.5063422","11.20511537","5.89882135","5.27319144","3.2988542","12.15854158","6.72272729","4.80992085","3.70194538","5.6550905","4.03476989","","",
"South Africa","ZAF","Domestic general government health expenditure per capita (current US$)","SH.XPD.GHED.PC.CD","","","","","","","","","","","","","","","","","","","","","","","","","","","","","","","","","","","","","","","","","86.39281809","68.41444306","61.98269218","113.36700186","142.62744695","160.2239226","196.30659369","217.54000671","209.3500365","242.54178211","318.9651985","356.2614069","334.41255453","303.75176668","299.65550085","280.75873444","258.41388519","301.91560518","318.75981908","313.62231793","326.19200345","376.04215985","351.16288508","330.61154429","","",
"Zambia","ZMB","Domestic general government health expenditure per capita (current US$)","SH.XPD.GHED.PC.CD","","","","","","","","","","","","","","","","","","","","","","","","","","","","","","","","","","","","","","","","","5.29778175","7.63380623","7.47626369","6.4880598","7.21766002","8.83702237","13.97853116","16.64833535","21.80924526","18.9534015","22.63248268","25.56283354","26.37169782","23.85359769","32.34112202","27.08312389","21.2485313","37.24079808","30.56645175","28.43190593","34.19879606","31.82053032","36.27853454","32.3916802","","",
"Zimbabwe","ZWE","Domestic general government health expenditure per capita (current US$)","SH.XPD.GHED.PC.CD","","","","","","","","","","","","","","","","","","","","","","","","","","","","","","","","","","","","","","","","","","","","","","","","","","","24.8237257","21.98633569","24.75716275","27.49215524","37.48382595","21.50839213","19.31378064","23.07750517","39.17712066","7.86121479","11.29845171","20.05877633","20.66689952","20.35901935","","",
