"Data Source","World Development Indicators",

"Last Updated Date","2026-07-13",

"Country Name","Country Code","Indicator Name","Indicator Code","1960","1961","1962","1963","1964","1965","1966","1967","1968","1969","1970","1971","1972","1973","1974","1975","1976","1977","1978","1979","1980","1981","1982","1983","1984","1985","1986","1987","1988","1989","1990","1991","1992","1993","1994","1995","1996","1997","1998","1999","2000","2001","2002","2003","2004","2005","2006","2007","2008","2009","2010","2011","2012","2013","2014","2015","2016","2017","2018","2019","2020","2021","2022","2023","2024","2025",
"Aruba","ABW","Domestic general government health expenditure (% of current health expenditure)","SH.XPD.GHED.CH.ZS","","","","","","","","","","","","","","","","","","","","","","","","","","","","","","","","","","","","","","","","","","","","","","","","","","","","","","","","","","","","","","","","","","",
"Africa Eastern and Southern","AFE","Domestic general government health expenditure (% of current health expenditure)","SH.XPD.GHED.CH.ZS","","","","","","","","","","","","","","","","","","","","","","","","","","","","","","","","","","","","","","","","","35.4223101119546","34.8203621833908","35.261749221955","38.7186576464744","38.2194512208698","38.26575484657","41.5202778471707","42.2991529122003","41.9439583727164","43.6621998301075","44.1746397372163","44.3947186798479","44.7038620016616","42.9268727641787","45.6669384060234","45.0651393055768","44.8698422501554","46.7581907988812","47.2260223210671","47.2593709795246","51.9795934107781","51.7911801813681","49.5846261921187","47.8118018675439","","",
"Afghanistan","AFG","Domestic general government health expenditure (% of current health expenditure)","SH.XPD.GHED.CH.ZS","","","","","","","","","","","","","","","","","","","","","","","","","","","","","","","","","","","","","","","","","","","0.89142376","7.28044462","5.53527164","5.31934786","4.6865387","5.65336657","6.12099695","5.41736698","5.47462463","5.60622549","4.34189463","5.03476191","4.96025801","5.1722393","5.0778451","5.09581852","3.88780427","3.35139465","7.63642311","3.30272126","0.78598934","1.65323246","","",
"Africa Western and Central","AFW","Domestic general government health expenditure (% of current health expenditure)","SH.XPD.GHED.CH.ZS","","","","","","","","","","","","","","","","","","","","","","","","","","","","","","","","","","","","","","","","","20.9987997285761","25.6661898086016","22.6005203983244","21.3754405107326","25.7592903201766","26.6698739933299","23.8876452746154","22.8520249365846","21.7371457776356","21.2453155111759","20.435825632064","21.209800477561","21.6463851331292","20.1925177345252","18.180999726418","19.4707489667713","18.9372790923701","21.3848099373807","22.6096748693165","23.772874587031","25.4408029634737","23.6139666956146","23.3657531141543","24.4160629850516","","",
"Angola","AGO","Domestic general government health expenditure (% of current health expenditure)","SH.XPD.GHED.CH.ZS","","","","","","","","","","","","","","","","","","","","","","","","","","","","","","","","","","","","","","","","","58.20957184","45.64084625","39.30446243","41.30799866","42.51447678","44.83417511","53.77399445","57.8937912","64.35443115","67.67429352","62.1162796","64.75705719","65.25454712","62.02980042","54.15326309","47.36523056","44.13825607","46.27865219","42.62167358","45.51115799","51.84991074","55.35900879","50.26585007","44.52539825","","",
"Albania","ALB","Domestic general government health expenditure (% of current health expenditure)","SH.XPD.GHED.CH.ZS","","","","","","","","","","","","","","","","","","","","","","","","","","","","","","","","","","","","","","","","","46.53004456","46.46232605","45.69914627","45.17244339","47.86219788","46.90119171","46.82453156","46.37307358","41.75666428","40.48207474","38.14052582","38.78395081","39.87333298","41.02802277","40.30805969","41.88941574","42.82014847","42.17499924","43.10668945","42.68026733","39.846035","39.68722153","49.46072006","49.59543228","","",
"Andorra","AND","Domestic general government health expenditure (% of current health expenditure)","SH.XPD.GHED.CH.ZS","","","","","","","","","","","","","","","","","","","","","","","","","","","","","","","","","","","","","","","","","65.41166687","65.20613861","66.3105011","64.0255661","62.02460098","64.18534088","59.83185959","59.84716034","65.16940308","67.84007263","73.99111176","73.58311462","69.50762177","70.13762665","71.06126404","71.91657257","72.10389709","71.93497467","70.74021149","71.32620239","72.58944702","71.33333588","73.61678314","70.80240631","","",
"Arab World","ARB","Domestic general government health expenditure (% of current health expenditure)","SH.XPD.GHED.CH.ZS","","","","","","","","","","","","","","","","","","","","","","","","","","","","","","","","","","","","","","","","","54.4307208640107","56.549996091647","55.7534630209792","56.167239922535","55.8276509391985","56.6217005141529","57.0954907125708","56.651648665071","56.7828278696255","59.0784755894108","57.5255431333584","59.441566419691","58.5863663884442","59.0091679398184","60.1882398908181","57.743758020391","60.5360304058691","58.5900974710239","57.8422084979131","59.0749698456609","62.6508515802254","62.6477623113097","62.2145634461845","63.6772544334379","","",
"United Arab Emirates","ARE","Domestic general government health expenditure (% of current health expenditure)","SH.XPD.GHED.CH.ZS","","","","","","","","","","","","","","","","","","","","","","","","","","","","","","","","","","","","","","","","","68.83045959","77.01039886","61.22885132","61.27508163","57.10731125","56.84106064","57.30421829","58.67370224","63.91038895","73.68283844","70.85415649","72.42097473","72.54479218","71.97173309","70.97638702","71.25105286","76.27639771","54.81138992","51.57845688","51.17391205","60.98609543","64.10680389","65.76844788","66.77935791","","",
"Argentina","ARG","Domestic general government health expenditure (% of current health expenditure)","SH.XPD.GHED.CH.ZS","","","","","","","","","","","","","","","","","","","","","","","","","","","","","","","","","","","","","","","","","54.7317009","54.13408661","52.896492","54.32575989","48.47241592","50.83937454","52.45514297","53.99981689","54.33721542","60.05429459","58.72151566","60.14045334","62.14928055","63.45186996","65.37956238","66.21888733","65.42720795","65.13188171","60.07154465","61.46165085","65.50105286","57.6622963","58.63531876","60.22618103","","",
"Armenia","ARM","Domestic general government health expenditure (% of current health expenditure)","SH.XPD.GHED.CH.ZS","","","","","","","","","","","","","","","","","","","","","","","","","","","","","","","","","","","","","","","","","22.7532177","28.82457352","15.39143753","16.80312729","21.37230873","25.22076416","27.11775017","29.35340118","22.41243935","21.4559288","18.25899696","17.84222031","17.27692986","13.32556534","14.79110622","15.91488075","16.45257568","13.24470806","12.34010696","12.40508175","19.2535038","17.7613945","17.21879578","15.71054554","","",
"American Samoa","ASM","Domestic general government health expenditure (% of current health expenditure)","SH.XPD.GHED.CH.ZS","","","","","","","","","","","","","","","","","","","","","","","","","","","","","","","","","","","","","","","","","","","","","","","","","","","","","","","","","","","","","","","","","","",
"Antigua and Barbuda","ATG","Domestic general government health expenditure (% of current health expenditure)","SH.XPD.GHED.CH.ZS","","","","","","","","","","","","","","","","","","","","","","","","","","","","","","","","","","","","","","","","","57.84612274","59.07860184","58.43793869","59.90863037","58.03319931","55.622612","52.95463562","51.33233261","50.76409912","54.89453506","58.31644821","56.94827652","56.29526138","56.08193588","59.15979004","59.78766251","55.84991074","56.1620903","60.07439423","58.43976212","62.99481583","63.64115524","64.32167816","58.97968292","","",
"Australia","AUS","Domestic general government health expenditure (% of current health expenditure)","SH.XPD.GHED.CH.ZS","","","","","","","","","","","","","","","","","","","","","","","","","","","","","","","","","","","","","","","","","71.8363266","71.10848236","71.93769073","71.34125519","71.68710327","71.83748627","71.66631317","72.90619659","72.32991791","73.01054382","72.35727692","73.26029968","71.23465729","67.7279892","70.11461639","71.26315308","71.40471649","71.52568054","71.27389526","73.50791168","73.36904907","75.48329163","74.28852844","73.6608429","","",
"Austria","AUT","Domestic general government health expenditure (% of current health expenditure)","SH.XPD.GHED.CH.ZS","","","","","","","","","","","","","","","","","","","","","","","","","","","","","","","","","","","","","","","","","73.13664246","72.58330536","72.53738403","72.37532806","71.91904449","72.5586319","72.73056793","72.75634003","73.60791779","72.81166077","72.21860504","72.44824219","72.70710754","72.01264191","72.28821564","72.01392365","71.76594543","72.98487854","73.75431061","74.22563934","76.31904602","77.65250397","77.11503601","76.50154114","","",
"Azerbaijan","AZE","Domestic general government health expenditure (% of current health expenditure)","SH.XPD.GHED.CH.ZS","","","","","","","","","","","","","","","","","","","","","","","","","","","","","","","","","","","","","","","","","29.3969841","29.02164268","27.05658913","28.37379646","32.29693604","39.94744492","41.91231918","45.62398911","42.24292374","40.98781967","38.29708481","36.60181046","35.34202194","33.05683899","31.5067234","30.06647682","26.35346794","24.65526772","23.16248131","25.56861496","39.81031418","31.61755943","27.90578651","32.62691879","","",
"Burundi","BDI","Domestic general government health expenditure (% of current health expenditure)","SH.XPD.GHED.CH.ZS","","","","","","","","","","","","","","","","","","","","","","","","","","","","","","","","","","","","","","","","","34.70241928","29.78705215","28.70185471","25.70115089","33.37493134","27.28089142","27.13312149","26.82294655","20.14006805","22.53801537","17.59703827","34.46959686","30.9056015","17.85822868","38.64748383","38.46380615","31.66303062","28.96341133","28.20852852","25.1411171","20.14390373","24.87701225","18.28550148","14.73785591","","",
"Belgium","BEL","Domestic general government health expenditure (% of current health expenditure)","SH.XPD.GHED.CH.ZS","","","","","","","","","","","","","","","","","","","","","","","","","","","","","","","","","","","","","","","","","74.53091431","75.3321228","73.72327423","73.8881073","74.75339508","74.54464722","74.52085876","74.11785126","75.68613434","74.39575958","74.6603775","75.24178314","75.51134491","75.19477844","75.65394592","75.96764374","76.30649567","76.02700043","75.75689697","74.45122528","76.12084961","75.2164917","73.89453125","73.65628815","","",
"Benin","BEN","Domestic general government health expenditure (% of current health expenditure)","SH.XPD.GHED.CH.ZS","","","","","","","","","","","","","","","","","","","","","","","","","","","","","","","","","","","","","","","","","38.32760239","36.33681488","30.27058029","33.76356888","35.69153214","32.50712585","32.3343811","32.50827026","28.00041389","29.93048668","24.92294121","21.72640228","24.28330421","26.65324402","21.37865829","21.65677261","19.71844673","19.22683144","19.40156746","15.19810677","16.75466347","11.44557095","17.00983429","14.66711426","","",
"Burkina Faso","BFA","Domestic general government health expenditure (% of current health expenditure)","SH.XPD.GHED.CH.ZS","","","","","","","","","","","","","","","","","","","","","","","","","","","","","","","","","","","","","","","","","23.90582657","24.53686523","25.31165123","22.1628437","32.49535751","25.27678108","27.67617416","24.79726028","27.4019413","31.59186554","24.69545746","28.9587841","23.12789345","28.98208809","32.53527451","28.37508011","40.09730911","43.91535568","42.98374557","41.79482269","41.26566315","38.52989578","35.45425034","31.44460487","","",
"Bangladesh","BGD","Domestic general government health expenditure (% of current health expenditure)","SH.XPD.GHED.CH.ZS","","","","","","","","","","","","","","","","","","","","","","","","","","","","","","","","","","","","","","","","","28.16659737","21.66823196","24.30713272","24.61206818","24.06328011","21.87779617","22.7309761","22.48718262","20.9189682","19.93485069","20.56865692","20.40087318","19.95433998","19.04660416","18.51753426","17.09586334","19.90324593","21.22780418","20.96880913","16.97402763","16.30055046","17.11958885","15.43413067","14.48319054","","",
"Bulgaria","BGR","Domestic general government health expenditure (% of current health expenditure)","SH.XPD.GHED.CH.ZS","","","","","","","","","","","","","","","","","","","","","","","","","","","","","","","","","","","","","","","","","59.55728912","56.07351303","59.33761215","60.71678162","59.42908096","59.572052","55.67276764","55.74913025","55.3944397","53.8040123","55.24332809","54.13435745","50.79977798","56.56290817","58.23860168","55.89729691","55.13334656","54.93418884","57.6365242","59.1558342","59.84018707","64.38867188","62.54858398","62.81087875","","",
"Bahrain","BHR","Domestic general government health expenditure (% of current health expenditure)","SH.XPD.GHED.CH.ZS","","","","","","","","","","","","","","","","","","","","","","","","","","","","","","","","","","","","","","","","","71.09094238","71.68608856","71.25164032","65.96888733","67.33620453","69.87419128","69.40020752","64.25352478","65.20483398","66.15504456","65.20017242","65.33170319","65.34840393","65.18132782","64.98168182","65.0187912","61.36575699","56.88352966","58.83235168","58.27348709","62.96240997","63.7442131","61.15903091","59.2651329","","",
"Bahamas, The","BHS","Domestic general government health expenditure (% of current health expenditure)","SH.XPD.GHED.CH.ZS","","","","","","","","","","","","","","","","","","","","","","","","","","","","","","","","","","","","","","","","","39.57865143","39.90871811","39.59148026","40.5092392","39.83108521","39.37672424","38.45758057","40.04133224","42.86846161","45.57728958","45.0781517","44.60906219","43.49754715","45.62890625","44.95194244","44.35194778","48.06163406","54.15698242","47.85645676","50.37773895","59.11691284","51.81046295","56.68779755","50.55857849","","",
"Bosnia and Herzegovina","BIH","Domestic general government health expenditure (% of current health expenditure)","SH.XPD.GHED.CH.ZS","","","","","","","","","","","","","","","","","","","","","","","","","","","","","","","","","","","","","","","","","51.16267014","57.10806274","59.76089478","66.16155243","56.95884323","54.57805252","54.56290436","55.33281708","55.68477249","68.03462982","68.0668335","67.67098999","68.64822388","69.71353149","70.36660767","69.2173233","70.89726257","70.12524414","69.86696625","68.72327423","69.60146332","68.30247498","65.78981018","67.29257202","","",
"Belarus","BLR","Domestic general government health expenditure (% of current health expenditure)","SH.XPD.GHED.CH.ZS","","","","","","","","","","","","","","","","","","","","","","","","","","","","","","","","","","","","","","","","","78.66545105","74.61546326","72.53397369","75.9923172","76.69067383","74.49913025","71.50663757","70.18518066","65.78203583","64.56335449","68.04415894","63.35824966","65.65190125","62.65647888","62.60076523","60.78436279","70.94084167","69.10973358","70.5627594","70.38101959","70.88408661","74.22771454","67.55369568","66.75576019","","",
"Belize","BLZ","Domestic general government health expenditure (% of current health expenditure)","SH.XPD.GHED.CH.ZS","","","","","","","","","","","","","","","","","","","","","","","","","","","","","","","","","","","","","","","","","46.03439713","51.05925369","51.46393204","49.65908813","50.03379059","51.8500061","55.61917114","58.59303284","64.55068207","64.24971008","66.5559845","65.97777557","65.98722076","66.15544128","62.31030655","68.05696106","70.20926666","69.57389069","68.90675354","68.81703949","71.1520462","69.66847992","61.99913406","65.07689667","","",
"Bermuda","BMU","Domestic general government health expenditure (% of current health expenditure)","SH.XPD.GHED.CH.ZS","","","","","","","","","","","","","","","","","","","","","","","","","","","","","","","","","","","","","","","","","","","","","","","","","","","","","","","","","","","","","","","","","","",
"Bolivia","BOL","Domestic general government health expenditure (% of current health expenditure)","SH.XPD.GHED.CH.ZS","","","","","","","","","","","","","","","","","","","","","","","","","","","","","","","","","","","","","","","","","55.32917404","54.17406845","53.14351654","53.00777054","52.13727188","54.26984787","56.02086639","59.09320831","58.65034485","61.03663254","58.76804352","58.39107895","57.03056335","58.52252579","62.62419128","65.74084473","64.82120514","68.52770996","72.65296936","71.08983612","72.32567596","72.08840179","64.46826935","67.28231049","","",
"Brazil","BRA","Domestic general government health expenditure (% of current health expenditure)","SH.XPD.GHED.CH.ZS","","","","","","","","","","","","","","","","","","","","","","","","","","","","","","","","","","","","","","","","","41.63555527","41.08930588","42.38710403","42.85684204","42.67027283","41.63148499","42.92739105","42.48596954","43.74353027","44.16326523","45.02125168","44.49915695","43.36180878","44.51945496","44.05274582","43.25779724","43.05799484","41.73843765","41.09186554","40.74080658","43.35228729","44.69211197","45.37672043","44.12654495","","",
"Barbados","BRB","Domestic general government health expenditure (% of current health expenditure)","SH.XPD.GHED.CH.ZS","","","","","","","","","","","","","","","","","","","","","","","","","","","","","","","","","","","","","","","","","51.85347748","53.28871536","53.51586914","56.28888702","59.36916351","57.23897552","56.26896667","54.46463013","55.32674408","54.57361984","53.42999268","48.47716522","55.33291626","51.42475891","47.12921143","46.76980209","46.03868103","45.05372238","45.48931885","44.87979507","49.382061","54.29811096","45.03742981","41.64141464","","",
"Brunei Darussalam","BRN","Domestic general government health expenditure (% of current health expenditure)","SH.XPD.GHED.CH.ZS","","","","","","","","","","","","","","","","","","","","","","","","","","","","","","","","","","","","","","","","","84.16868591","83.19325256","83.58944702","82.9486618","83.09052277","83.66603851","85.31147003","87.21500397","89.89176178","90.50059509","91.73864746","91.52812958","91.14807129","90.5925827","92.66539764","95.02642059","95.02018738","94.45271301","95.0189743","94.35351563","94.11594391","93.02325439","92.08100128","92.53526306","","",
"Bhutan","BTN","Domestic general government health expenditure (% of current health expenditure)","SH.XPD.GHED.CH.ZS","","","","","","","","","","","","","","","","","","","","","","","","","","","","","","","","","","","","","","","","","79.66617584","71.57605743","78.37476349","69.16651917","66.05213928","63.90855789","55.8853302","64.55661011","69.12611389","73.8507843","72.05212402","73.41854095","69.57640839","68.88393402","69.01010132","74.25157928","73.95302582","74.51843262","79.54950714","73.56784821","78.00773621","48.41657639","54.58414459","66.65106201","","",
"Botswana","BWA","Domestic general government health expenditure (% of current health expenditure)","SH.XPD.GHED.CH.ZS","","","","","","","","","","","","","","","","","","","","","","","","","","","","","","","","","","","","","","","","","53.27193832","55.06237793","56.46030807","56.1771431","56.38233566","54.43471146","57.24171066","56.68532562","62.19720078","51.50703812","57.55473709","61.41548538","64.50315094","63.92881393","67.85910797","67.75788116","66.52246857","75.6595993","68.58382416","71.43073273","73.34910583","76.60137939","75.08841705","75.46138","","",
"Central African Republic","CAF","Domestic general government health expenditure (% of current health expenditure)","SH.XPD.GHED.CH.ZS","","","","","","","","","","","","","","","","","","","","","","","","","","","","","","","","","","","","","","","","","39.26419449","37.82126999","33.85559845","36.85718155","35.58184052","24.48932838","28.4634304","27.42961693","21.03063011","15.63042545","16.16815186","11.29577351","15.89073849","20.64744568","15.57443905","9.05484867","11.0127058","10.93435097","6.26232672","10.55165958","13.5941391","13.8122015","15.02514458","14.36223125","","",
"Canada","CAN","Domestic general government health expenditure (% of current health expenditure)","SH.XPD.GHED.CH.ZS","","","","","","","","","","","","","","","","","","","","","","","","","","","","","","","","","","","","","","","","","72.85163879","72.80158234","72.43798828","73.13981628","73.06193542","73.03554535","69.52441406","69.68428802","69.84502411","70.28063965","69.93270111","70.28151703","70.56304932","70.95859528","70.79786682","70.89169312","69.89000702","69.6550293","69.62247467","69.53730774","73.86582947","72.70556641","70.996521","70.30995178","70.19250488","",
"Central Europe and the Baltics","CEB","Domestic general government health expenditure (% of current health expenditure)","SH.XPD.GHED.CH.ZS","","","","","","","","","","","","","","","","","","","","","","","","","","","","","","","","","","","","","","","","","73.7561982447727","73.6610455737082","74.2121395370473","74.4683067049437","72.6563263099373","73.3200214023603","73.1416000089785","73.0681799317379","73.6665334551282","73.7608801225314","73.9582116440996","73.1511786597998","72.2773825689013","73.1747442623377","73.382351621816","73.0352144987418","72.8862954966018","72.9764783739128","74.3874136628735","74.4797761854679","75.9578574955992","75.7358427079286","75.9504687473159","76.6307186710774","","",
"Switzerland","CHE","Domestic general government health expenditure (% of current health expenditure)","SH.XPD.GHED.CH.ZS","","","","","","","","","","","","","","","","","","","","","","","","","","","","","","","","","","","","","","","","","28.56611252","29.96567726","31.36301231","31.40574074","30.88531685","31.04800797","30.60895157","30.71067238","31.60577965","32.14887238","33.22049713","33.63292694","34.36406326","33.50490189","33.63508606","33.44560242","33.59130478","33.54653168","33.51978683","33.5100174","35.73272705","35.66999054","34.87789536","33.08256912","","",
"Channel Islands","CHI","Domestic general government health expenditure (% of current health expenditure)","SH.XPD.GHED.CH.ZS","","","","","","","","","","","","","","","","","","","","","","","","","","","","","","","","","","","","","","","","","","","","","","","","","","","","","","","","","","","","","","","","","","",
"Chile","CHL","Domestic general government health expenditure (% of current health expenditure)","SH.XPD.GHED.CH.ZS","","","","","","","","","","","","","","","","","","","","","","","","","","","","","","","","","","","","","","","","","35.79472351","36.36408615","37.54184723","38.24768829","39.46642303","39.34249496","41.34890747","42.25885391","43.52520752","46.86124802","47.10449982","47.15742111","47.93560791","47.6493454","47.73588562","48.01672745","49.65286255","50.39948273","51.24023056","51.2644577","56.51040649","53.66268158","50.87598801","51.60597992","48.51898193","",
"China","CHN","Domestic general government health expenditure (% of current health expenditure)","SH.XPD.GHED.CH.ZS","","","","","","","","","","","","","","","","","","","","","","","","","","","","","","","","","","","","","","","","","21.97528839","22.91764259","25.38583565","28.37373734","30.2440052","32.75773621","35.13990021","39.02609253","44.5223999","49.39831543","51.90623093","53.72208786","55.7352562","57.05029297","58.4154892","60.1810112","58.1014328","56.67334747","56.41641998","55.97903824","54.72392273","54.06824493","57.69316864","57.0976181","","",
"Cote d'Ivoire","CIV","Domestic general government health expenditure (% of current health expenditure)","SH.XPD.GHED.CH.ZS","","","","","","","","","","","","","","","","","","","","","","","","","","","","","","","","","","","","","","","","","16.23612976","14.19822884","15.34098244","13.04556465","13.92349815","13.3393364","14.19835758","16.20634651","16.41953278","18.04951096","18.36027718","13.18704987","16.85137749","19.57717896","20.84157753","24.98393059","25.68556023","28.72467422","29.06596375","30.20500565","36.75761032","42.2668457","40.96977234","40.82644653","","",
"Cameroon","CMR","Domestic general government health expenditure (% of current health expenditure)","SH.XPD.GHED.CH.ZS","","","","","","","","","","","","","","","","","","","","","","","","","","","","","","","","","","","","","","","","","15.01742268","18.7194252","22.14606094","21.97872734","18.92535973","17.28415108","17.34461594","14.99161339","15.0534153","12.80033684","11.35888386","14.87105846","16.28297806","13.22866726","13.58459854","8.81812668","9.09701157","3.72291899","9.70626259","11.1423645","14.27483177","11.2603302","14.87034798","14.69373989","","",
"Congo, Dem. Rep.","COD","Domestic general government health expenditure (% of current health expenditure)","SH.XPD.GHED.CH.ZS","","","","","","","","","","","","","","","","","","","","","","","","","","","","","","","","","","","","","","","","","4.24369383","4.0567441","4.05786419","6.14840031","4.67480707","5.1914134","5.20065928","5.63541269","5.83326054","6.85914612","10.30625916","10.8527813","16.13481903","13.97492123","13.8438139","16.67854881","12.62530518","9.94900703","15.07837677","15.81804085","16.06189919","16.76400948","18.37996101","18.72224808","","",
"Congo, Rep.","COG","Domestic general government health expenditure (% of current health expenditure)","SH.XPD.GHED.CH.ZS","","","","","","","","","","","","","","","","","","","","","","","","","","","","","","","","","","","","","","","","","34.19882965","44.16408157","25.38570786","26.12215424","22.64743042","25.15716934","32.47791672","30.83691025","49.09125137","28.83498573","44.73591995","37.1689949","42.88275146","48.19468307","47.99256516","45.54232788","43.15654755","38.36984253","35.32498169","43.84064484","43.1696701","49.69776154","35.00634384","33.99457169","","",
"Colombia","COL","Domestic general government health expenditure (% of current health expenditure)","SH.XPD.GHED.CH.ZS","","","","","","","","","","","","","","","","","","","","","","","","","","","","","","","","","","","","","","","","","74.53343964","75.05117798","76.18750763","77.37968445","73.53205109","71.82027435","72.08561707","70.65239716","69.36102295","72.05204773","72.2251358","73.49957275","69.86154175","69.85743713","70.40434265","70.83104706","70.32949066","71.04096222","69.8184967","69.91674805","71.16055298","72.69059753","70.4437561","70.33099365","69.76717377","",
"Comoros","COM","Domestic general government health expenditure (% of current health expenditure)","SH.XPD.GHED.CH.ZS","","","","","","","","","","","","","","","","","","","","","","","","","","","","","","","","","","","","","","","","","11.86554623","8.02640438","14.30920792","12.80641937","12.01579952","11.32346249","11.17841148","10.44717693","8.54952526","7.69386292","7.54602146","18.04415131","15.37328148","12.92933369","10.59300518","10.13119793","12.33709335","12.82911968","15.61307907","16.06903648","21.90417671","14.62400913","10.31060505","12.91785812","","",
"Cabo Verde","CPV","Domestic general government health expenditure (% of current health expenditure)","SH.XPD.GHED.CH.ZS","","","","","","","","","","","","","","","","","","","","","","","","","","","","","","","","","","","","","","","","","71.29876709","73.01193237","72.79753113","73.35092926","71.35682678","69.10211945","66.25391388","71.06494141","68.45063782","71.53714752","63.23508072","66.53798676","59.89725494","57.76818085","57.13072205","65.82189178","63.49764252","56.98128891","64.82913971","67.16694641","65.99051666","69.38881683","62.18341446","58.57330322","","",
"Costa Rica","CRI","Domestic general government health expenditure (% of current health expenditure)","SH.XPD.GHED.CH.ZS","","","","","","","","","","","","","","","","","","","","","","","","","","","","","","","","","","","","","","","","","64.92300415","65.55662537","66.86169434","66.37474823","66.01708984","63.95664978","66.10926819","66.21092987","67.81954956","70.94270325","72.31500244","70.19308472","70.68045807","71.00035858","71.02149963","72.70618439","73.32389069","73.50926971","72.39395142","72.53588104","71.80640411","70.3404007","68.95672607","67.15689087","","",
"Caribbean small states","CSS","Domestic general government health expenditure (% of current health expenditure)","SH.XPD.GHED.CH.ZS","","","","","","","","","","","","","","","","","","","","","","","","","","","","","","","","","","","","","","","","","43.1672981030681","45.3445087221761","44.7360866774836","46.4319453374158","46.1718320622616","47.4456387778682","45.3060323731254","45.7919580504104","47.0000987362067","47.9271867855243","47.7748445025649","48.0121458124122","48.3966815691018","49.6172833413585","48.8072980642786","50.6906476603984","51.2579582022023","53.4071032046447","51.2537216331396","51.5099427833674","54.1325740625486","52.7187405213807","52.498903877753","52.1129089148952","","",
"Cuba","CUB","Domestic general government health expenditure (% of current health expenditure)","SH.XPD.GHED.CH.ZS","","","","","","","","","","","","","","","","","","","","","","","","","","","","","","","","","","","","","","","","","83.69687653","81.21707916","80.50537872","79.5318985","80.04374695","84.86508179","85.5968399","90.10673523","90.9694519","91.80177307","90.77864838","88.98712158","86.70360565","87.60781097","90.25088501","90.33050537","89.60745239","89.22185516","88.73808289","89.01757813","91.0243454","91.59388733","88.83207703","83.39429474","","",
"Curacao","CUW","Domestic general government health expenditure (% of current health expenditure)","SH.XPD.GHED.CH.ZS","","","","","","","","","","","","","","","","","","","","","","","","","","","","","","","","","","","","","","","","","","","","","","","","","","","","","","","","","","","","","","","","","","",
"Cayman Islands","CYM","Domestic general government health expenditure (% of current health expenditure)","SH.XPD.GHED.CH.ZS","","","","","","","","","","","","","","","","","","","","","","","","","","","","","","","","","","","","","","","","","","","","","","","","","","","","","","","","","","","","","","","","","","",
"Cyprus","CYP","Domestic general government health expenditure (% of current health expenditure)","SH.XPD.GHED.CH.ZS","","","","","","","","","","","","","","","","","","","","","","","","","","","","","","","","","","","","","","","","","41.07523346","41.83108902","44.37968063","43.95331955","41.28710938","41.47130966","42.83105469","43.16282272","41.61203766","42.52925873","45.74547958","47.40314865","45.91551971","45.55609512","42.51802826","42.05354309","42.02684784","41.47436523","42.02647018","54.16415787","71.84690857","78.63045502","76.40590668","76.7871933","","",
"Czechia","CZE","Domestic general government health expenditure (% of current health expenditure)","SH.XPD.GHED.CH.ZS","","","","","","","","","","","","","","","","","","","","","","","","","","","","","","","","","","","","","","","","","88.70406342","87.44812012","88.07415771","87.48166656","87.60249329","85.22625732","85.50295258","83.79242706","80.99499512","82.8833847","84.88095856","84.51079559","84.60860443","84.45998383","83.96590424","84.34929657","84.50603485","84.52111816","84.65405273","84.55741882","87.97981262","86.50693512","84.77184296","84.34033203","","",
"Germany","DEU","Domestic general government health expenditure (% of current health expenditure)","SH.XPD.GHED.CH.ZS","","","","","","","","","","","","","","","","","","","","","","","","","","","","","","","","","","","","","","","","","78.48633575","78.47503662","78.14198303","77.75988007","76.19259644","75.99072266","75.60207367","75.55784607","75.66639709","76.00954437","76.05329132","75.78303528","75.81877899","76.76260376","77.38957214","77.39421844","77.75997162","78.14505005","77.88581085","77.85022736","79.19026947","79.55317688","80.47441864","79.11742401","","",
"Djibouti","DJI","Domestic general government health expenditure (% of current health expenditure)","SH.XPD.GHED.CH.ZS","","","","","","","","","","","","","","","","","","","","","","","","","","","","","","","","","","","","","","","","","41.50927734","39.1370163","34.26072693","35.19461441","40.66967392","36.7196846","40.87779236","42.79135895","50.6607666","52.31084061","55.29401398","63.49311829","57.2790184","61.89267349","59.48296738","51.01298141","48.48146439","46.2244339","52.94301605","53.27128983","45.87791824","26.70065498","42.29546356","46.09060287","","",
"Dominica","DMA","Domestic general government health expenditure (% of current health expenditure)","SH.XPD.GHED.CH.ZS","","","","","","","","","","","","","","","","","","","","","","","","","","","","","","","","","","","","","","","","","63.11794662","55.34971619","52.36088181","55.74952698","54.22105789","56.13697815","56.37023926","52.60812378","51.78384018","53.63093567","57.38660812","59.06954575","60.06042862","61.36355209","61.03231049","63.04369354","65.01004791","69.00894928","66.3979187","64.46092224","62.5468483","63.91168976","75.50152588","67.13490295","","",
"Denmark","DNK","Domestic general government health expenditure (% of current health expenditure)","SH.XPD.GHED.CH.ZS","","","","","","","","","","","","","","","","","","","","","","","","","","","","","","","","","","","","","","","","","83.10736847","83.40568542","83.80578613","83.90985107","83.5490799","83.74406433","83.87025452","83.70829773","84.01986694","84.45875549","84.26644897","83.93601227","84.36649323","84.46157074","84.44359589","84.25540924","84.18164825","83.95671082","83.74980927","83.70944214","84.34255981","84.50714111","84.42984009","83.28481293","83.43415833","",
"Dominican Republic","DOM","Domestic general government health expenditure (% of current health expenditure)","SH.XPD.GHED.CH.ZS","","","","","","","","","","","","","","","","","","","","","","","","","","","","","","","","","","","","","","","","","35.02082062","34.89286041","33.68210983","26.42828751","26.76638222","31.99626732","35.09866333","41.19946289","46.49457932","48.91817474","51.10910797","54.09334564","54.73807526","56.51301956","51.29445648","50.14593124","58.22329712","58.67300797","61.14429474","61.00006485","65.56341553","66.10131073","60.61355209","64.09429169","","",
"Algeria","DZA","Domestic general government health expenditure (% of current health expenditure)","SH.XPD.GHED.CH.ZS","","","","","","","","","","","","","","","","","","","","","","","","","","","","","","","","","","","","","","","","","71.96343231","76.22702026","75.27867126","76.69419861","71.35350037","69.29087067","68.46268463","69.78764343","71.99542236","70.88406372","69.48218536","70.61742401","71.45678711","69.36454773","70.13742065","68.50349426","65.71144104","64.63082886","64.80882263","60.47232819","58.73853683","57.21630859","47.229702","53.07563782","","",
"East Asia & Pacific (excluding high income)","EAP","Domestic general government health expenditure (% of current health expenditure)","SH.XPD.GHED.CH.ZS","","","","","","","","","","","","","","","","","","","","","","","","","","","","","","","","","","","","","","","","","26.6519428207641","27.268265688563","29.6451943734558","32.1370018562281","33.4887629690392","34.8104522256223","37.3758195493329","40.7728428944998","44.8887676180773","48.677418945555","49.8198625687974","51.235593554835","53.4658558386007","54.9722844300275","56.6958474731606","58.5100637592601","56.8261454021377","55.7066391606488","55.5951668867049","55.2386140368156","54.4909929339574","54.1347308052675","57.1165857890532","56.6585729840164","","",
"Early-demographic dividend","EAR","Domestic general government health expenditure (% of current health expenditure)","SH.XPD.GHED.CH.ZS","","","","","","","","","","","","","","","","","","","","","","","","","","","","","","","","","","","","","","","","","45.8906943403065","44.9162606895982","43.7873847248253","43.9765104196544","43.6527812148002","43.3820135959857","44.9305025548775","45.447502615492","46.309679650005","48.2274862148013","47.15330044936","48.1579866051975","48.9778070784992","49.2601997961797","50.6263174260357","50.9237971196344","51.0497407662172","52.9226171985758","51.4825118606778","51.5730380698631","54.5025270391952","54.2554051297624","52.6463951951595","52.8471249468898","","",
"East Asia & Pacific","EAS","Domestic general government health expenditure (% of current health expenditure)","SH.XPD.GHED.CH.ZS","","","","","","","","","","","","","","","","","","","","","","","","","","","","","","","","","","","","","","","","","70.3856808901962","69.8973267326148","69.1859233772356","68.4243962023172","68.6911613269009","68.3924951681796","67.0471437470499","67.4540768169015","67.6387947645915","68.7657916059234","68.9977678168317","70.4839223636195","70.2703695401225","68.5901133726815","68.5407319646973","68.4290648742439","68.1578218608267","67.1162885640285","66.342834079039","66.2879184571568","66.2389245853769","66.1775071779179","66.4768557346639","64.8225443953155","","",
"Europe & Central Asia (excluding high income)","ECA","Domestic general government health expenditure (% of current health expenditure)","SH.XPD.GHED.CH.ZS","","","","","","","","","","","","","","","","","","","","","","","","","","","","","","","","","","","","","","","","","57.4419482566286","60.115121719915","62.5462290753547","63.9685106902967","63.7069144557772","62.1535680796234","62.838774802519","63.097977373289","64.9175928118331","69.4843081894472","66.6897287426062","65.6626357521416","65.4005625192231","64.0151291892069","64.343312055643","63.6061324482617","64.1263591273787","62.95395594786","61.4526996724774","60.9636830632529","62.9422933962829","62.51477308569","60.1178873399374","62.8732875336002","","",
"Europe & Central Asia","ECS","Domestic general government health expenditure (% of current health expenditure)","SH.XPD.GHED.CH.ZS","","","","","","","","","","","","","","","","","","","","","","","","","","","","","","","","","","","","","","","","","72.9490701323695","73.1361283029689","73.3424192520324","73.4689921012883","73.3304097754365","73.5802354908003","73.3450069631184","73.0225712070552","73.195956227769","73.7200061572137","73.3178263828556","72.8354778774719","72.5026847578537","72.3436722462688","72.416900110316","72.4522001397337","72.9801232095586","72.7617955448359","72.9611798421892","72.8659647600022","75.595987282624","75.3171430657164","74.8880666776976","73.3661732106743","","",
"Ecuador","ECU","Domestic general government health expenditure (% of current health expenditure)","SH.XPD.GHED.CH.ZS","","","","","","","","","","","","","","","","","","","","","","","","","","","","","","","","","","","","","","","","","28.10047913","32.67710876","30.96992302","30.16291618","30.62799263","29.59635162","31.36296654","39.21026611","39.65284348","42.39567947","47.03132629","47.77166367","51.28704071","56.95405197","61.43726349","57.91783524","60.94324875","61.65792084","63.76177979","62.90171814","61.34441757","63.45764542","62.05701828","61.9509697","","",
"Egypt, Arab Rep.","EGY","Domestic general government health expenditure (% of current health expenditure)","SH.XPD.GHED.CH.ZS","","","","","","","","","","","","","","","","","","","","","","","","","","","","","","","","","","","","","","","","","35.18718338","34.22034454","34.46139908","31.92203712","32.51028824","32.28804016","36.02454758","35.28871155","34.39305496","35.04710007","32.93099594","33.84382629","28.70971107","29.26489449","29.54225349","31.24345398","30.86659813","30.97197151","28.46597481","28.20387077","31.92633438","37.67822266","35.69905853","32.24971008","","",
"Euro area","EMU","Domestic general government health expenditure (% of current health expenditure)","SH.XPD.GHED.CH.ZS","","","","","","","","","","","","","","","","","","","","","","","","","","","","","","","","","","","","","","","","","74.3043441427466","74.6037658521855","74.5208546833035","74.2622740901601","73.7595040993077","73.9237777096639","73.2805911601727","73.1772959340071","73.4815954086957","73.8459962937275","73.6270571859082","73.0704306222909","72.6674778443038","72.9946564907868","72.9240513100267","73.2193164717041","74.0499149075929","74.0227099864857","74.030783268022","73.8765847197499","75.8740662767587","75.7863218553202","75.7396882241073","73.4718786058745","","",
"Eritrea","ERI","Domestic general government health expenditure (% of current health expenditure)","SH.XPD.GHED.CH.ZS","","","","","","","","","","","","","","","","","","","","","","","","","","","","","","","","","","","","","","","","","35.59143448","30.2729435","31.68899155","22.7474041","22.24495316","12.42664433","11.93233871","23.01511383","25.03151131","19.66172409","20.90106773","14.82379341","21.12677574","15.63080978","13.0929985","16.36176491","19.63583755","24.274786","14.72434044","15.95634937","19.51922417","21.23057175","23.2354126","23.05821609","","",
"Spain","ESP","Domestic general government health expenditure (% of current health expenditure)","SH.XPD.GHED.CH.ZS","","","","","","","","","","","","","","","","","","","","","","","","","","","","","","","","","","","","","","","","","71.35790253","71.02932739","71.04043579","70.79586029","70.95294952","71.17264557","71.63575745","71.7721405","72.68768311","74.44467926","73.72585297","72.75214386","71.28530121","70.11689758","69.34916687","70.33087921","71.55826569","69.47534943","69.18390656","69.43850708","72.08792877","72.61148834","72.93547058","73.18374634","","",
"Estonia","EST","Domestic general government health expenditure (% of current health expenditure)","SH.XPD.GHED.CH.ZS","","","","","","","","","","","","","","","","","","","","","","","","","","","","","","","","","","","","","","","","","75.83829498","77.98720551","76.11225891","75.57096863","73.50166321","73.71082306","74.33226776","74.76808929","75.64805603","76.34546661","73.40018463","74.11393738","75.15532684","74.44730377","74.51786041","74.43005371","74.41002655","73.49200439","73.58968353","74.36911011","77.02276611","76.05378723","74.78225708","75.76696777","","",
"Ethiopia","ETH","Domestic general government health expenditure (% of current health expenditure)","SH.XPD.GHED.CH.ZS","","","","","","","","","","","","","","","","","","","","","","","","","","","","","","","","","","","","","","","","","41.22506332","42.67130661","44.16259384","46.4588623","30.73785019","42.14082718","25.12865639","26.65450859","12.01337624","19.50697136","17.26854897","8.52936459","23.4961834","26.98538589","17.72078896","25.25154305","24.99847794","24.93995667","23.19889832","22.53820801","28.23314095","30.52753067","25.26483917","21.91303253","","",
"European Union","EUU","Domestic general government health expenditure (% of current health expenditure)","SH.XPD.GHED.CH.ZS","","","","","","","","","","","","","","","","","","","","","","","","","","","","","","","","","","","","","","","","","74.8247766337683","74.9943127797396","74.9656656179594","74.7529148320182","74.218735466819","74.3837896346312","73.8192339166177","73.7245298289659","74.0036174215974","74.3571116333335","74.1960525930254","73.8109761795811","73.4586147278367","73.7789646706712","73.6877450460498","73.9260978278312","74.6690584772085","74.6613315086147","74.7276313691173","74.5993207118367","76.5178056437872","76.4034527945889","76.3735613683685","74.4263577858569","","",
"Finland","FIN","Domestic general government health expenditure (% of current health expenditure)","SH.XPD.GHED.CH.ZS","","","","","","","","","","","","","","","","","","","","","","","","","","","","","","","","","","","","","","","","","75.72886658","76.21708679","76.82076263","77.31451416","77.83822632","77.80792999","78.74399567","78.62154388","78.82754517","79.02602386","78.54332733","79.16613007","79.80427551","79.46150208","79.55601501","78.56343842","77.83334351","78.01247406","78.55683136","80.19264984","81.3332901","81.34672546","81.72774506","81.14877319","","",
"Fiji","FJI","Domestic general government health expenditure (% of current health expenditure)","SH.XPD.GHED.CH.ZS","","","","","","","","","","","","","","","","","","","","","","","","","","","","","","","","","","","","","","","","","76.84042358","71.81423187","73.79863739","74.782341","68.07650757","74.21461487","73.94041443","72.27155304","69.44023895","62.0036087","63.89648819","60.13539886","58.61301041","58.48069","61.334198","63.11803055","63.90228271","66.230896","60.06458664","61.70609665","56.7137413","51.79610825","79.55296326","74.75609589","","",
"France","FRA","Domestic general government health expenditure (% of current health expenditure)","SH.XPD.GHED.CH.ZS","","","","","","","","","","","","","","","","","","","","","","","","","","","","","","","","","","","","","","","","","72.7290802","72.75836945","73.0019989","72.63542175","72.64557648","72.54794312","71.27339935","71.09663391","70.62645721","70.67966461","69.64768219","69.47281647","69.60797882","70.22323608","69.77742004","71.59706116","74.41910553","75.24732971","75.15599823","74.57907867","76.32157135","75.52132416","75.2919693","67.71356964","68.4274826","",
"Faroe Islands","FRO","Domestic general government health expenditure (% of current health expenditure)","SH.XPD.GHED.CH.ZS","","","","","","","","","","","","","","","","","","","","","","","","","","","","","","","","","","","","","","","","","","","","","","","","","","","","","","","","","","","","","","","","","","",
"Micronesia, Fed. Sts.","FSM","Domestic general government health expenditure (% of current health expenditure)","SH.XPD.GHED.CH.ZS","","","","","","","","","","","","","","","","","","","","","","","","","","","","","","","","","","","","","","","","","22.51299095","21.58382225","21.49479294","22.01756477","9.35393333","6.19453192","9.85777664","9.12832355","13.22357941","7.86139107","9.11360073","14.32578659","11.37715626","12.72928047","17.06872368","15.00065613","15.04407406","12.34457779","11.78992462","14.72969437","14.71454811","10.13988018","12.31001282","14.23240566","","",
"Gabon","GAB","Domestic general government health expenditure (% of current health expenditure)","SH.XPD.GHED.CH.ZS","","","","","","","","","","","","","","","","","","","","","","","","","","","","","","","","","","","","","","","","","36.62456894","40.07006454","36.02732849","40.58511734","40.40345764","36.08563232","38.69322968","40.00331116","37.31105804","40.75016022","63.55134583","61.99216843","61.25044632","64.17147064","59.88135529","58.90986633","64.69581604","63.28516006","58.59864807","60.31093597","55.13716507","59.26211548","65.20687866","65.685112","","",
"United Kingdom","GBR","Domestic general government health expenditure (% of current health expenditure)","SH.XPD.GHED.CH.ZS","","","","","","","","","","","","","","","","","","","","","","","","","","","","","","","","","","","","","","","","","75.83666229","75.91822052","76.83502197","78.34863281","80.15559387","81.27152252","82.38786316","80.44386292","81.2829895","82.74412537","82.04014587","81.80342865","81.00857544","79.47072601","79.5734024","79.54771423","80.12525177","79.68148041","79.44651031","79.73165131","84.10111237","83.74863434","82.08061218","81.77081299","","",
"Georgia","GEO","Domestic general government health expenditure (% of current health expenditure)","SH.XPD.GHED.CH.ZS","","","","","","","","","","","","","","","","","","","","","","","","","","","","","","","","","","","","","","","","","11.40939617","15.83655262","14.35726166","14.28571415","14.56548309","14.92227936","15.52680206","14.70361805","18.17632866","21.42453384","21.11991692","17.35379791","19.20404243","22.76318359","25.80719376","29.94813347","31.66175842","29.76438332","35.57680511","36.80368423","39.66067505","42.11391068","36.88676453","33.67455673","","",
"Ghana","GHA","Domestic general government health expenditure (% of current health expenditure)","SH.XPD.GHED.CH.ZS","","","","","","","","","","","","","","","","","","","","","","","","","","","","","","","","","","","","","","","","","43.93872833","45.01968765","33.39795685","43.89484787","40.1300354","53.6696701","44.9966774","44.11686707","44.0992775","49.00728607","49.969841","52.7411232","50.34551239","40.46256256","35.07660675","35.0822258","38.35555267","60.66459656","56.41261673","60.59480667","57.02891159","54.3833847","55.43715668","63.22566223","","",
"Gibraltar","GIB","Domestic general government health expenditure (% of current health expenditure)","SH.XPD.GHED.CH.ZS","","","","","","","","","","","","","","","","","","","","","","","","","","","","","","","","","","","","","","","","","","","","","","","","","","","","","","","","","","","","","","","","","","",
"Guinea","GIN","Domestic general government health expenditure (% of current health expenditure)","SH.XPD.GHED.CH.ZS","","","","","","","","","","","","","","","","","","","","","","","","","","","","","","","","","","","","","","","","","6.35501289","7.59716654","11.95022106","8.84566975","5.05914974","6.47636604","6.86967373","6.91051579","8.25550079","7.26660919","10.58919907","13.46775627","14.67796898","14.11661434","12.7720232","7.39020205","12.29850578","15.34208107","16.51498604","22.52398682","19.92493629","18.32088852","19.01326942","21.83618927","","",
"Gambia, The","GMB","Domestic general government health expenditure (% of current health expenditure)","SH.XPD.GHED.CH.ZS","","","","","","","","","","","","","","","","","","","","","","","","","","","","","","","","","","","","","","","","","5.5772953","7.35725832","8.69856262","11.07966232","14.40615463","15.16502285","16.26914406","14.25210476","15.64256668","20.28476715","22.29020309","23.88619232","28.25725174","27.69123077","35.78516769","31.4310894","40.36533356","31.62859344","32.90354156","40.93360901","48.61000824","34.36719513","43.62124634","44.92813492","","",
"Guinea-Bissau","GNB","Domestic general government health expenditure (% of current health expenditure)","SH.XPD.GHED.CH.ZS","","","","","","","","","","","","","","","","","","","","","","","","","","","","","","","","","","","","","","","","","14.163517","11.65789032","9.15798092","12.27336311","13.57424831","11.22275257","9.8428297","12.13637257","10.25666904","11.2787981","9.6087513","7.02833176","8.49044514","7.83588552","5.98356056","6.613132","5.81887054","7.11933374","6.93900108","6.42007589","13.35508537","13.55809212","12.45195293","10.63656521","","",
"Equatorial Guinea","GNQ","Domestic general government health expenditure (% of current health expenditure)","SH.XPD.GHED.CH.ZS","","","","","","","","","","","","","","","","","","","","","","","","","","","","","","","","","","","","","","","","","42.77947617","29.55694771","12.46860695","20.18289948","22.30190659","28.23262405","32.42312622","33.83382416","39.21321487","41.04825211","37.21363449","38.38985825","43.29838181","35.18232346","34.84746552","30.2524147","29.11745644","27.61057663","27.89110756","24.54846001","27.89965248","32.58996201","30.57910538","32.25142288","","",
"Greece","GRC","Domestic general government health expenditure (% of current health expenditure)","SH.XPD.GHED.CH.ZS","","","","","","","","","","","","","","","","","","","","","","","","","","","","","","","","","","","","","","","","","61.62267685","63.20638275","60.45768738","59.86405945","58.62460327","60.83423615","61.60876846","63.33696365","65.33537292","68.3194046","68.9058609","65.70303345","63.60369873","61.39307785","56.87389755","57.66665268","52.42841721","52.94457245","51.72071838","48.77410126","53.98300934","59.61593628","54.0853157","50.62671661","","",
"Grenada","GRD","Domestic general government health expenditure (% of current health expenditure)","SH.XPD.GHED.CH.ZS","","","","","","","","","","","","","","","","","","","","","","","","","","","","","","","","","","","","","","","","","34.71628189","38.21508408","43.90823364","40.89669418","48.35805893","47.05685425","39.97494125","38.34368896","36.44338226","39.93026733","37.95495605","41.62673187","40.99620438","40.49073792","43.84893417","41.6405983","39.77635193","40.54024887","40.6926384","41.39058304","43.12189102","41.06472778","39.98027039","45.187397","","",
"Greenland","GRL","Domestic general government health expenditure (% of current health expenditure)","SH.XPD.GHED.CH.ZS","","","","","","","","","","","","","","","","","","","","","","","","","","","","","","","","","","","","","","","","","","","","","","","","","","","","","","","","","","","","","","","","","","",
"Guatemala","GTM","Domestic general government health expenditure (% of current health expenditure)","SH.XPD.GHED.CH.ZS","","","","","","","","","","","","","","","","","","","","","","","","","","","","","","","","","","","","","","","","","35.44107819","32.64358139","32.3414917","33.17713928","32.32017899","30.5962677","32.47478104","31.9587822","33.77882004","35.6460495","33.65649033","33.43029022","33.36420059","38.37311554","38.00521469","37.93196106","37.6868515","35.84476852","36.00881195","38.4250946","38.27503586","36.1903801","34.49873734","35.81219101","","",
"Guam","GUM","Domestic general government health expenditure (% of current health expenditure)","SH.XPD.GHED.CH.ZS","","","","","","","","","","","","","","","","","","","","","","","","","","","","","","","","","","","","","","","","","","","","","","","","","","","","","","","","","","","","","","","","","","",
"Guyana","GUY","Domestic general government health expenditure (% of current health expenditure)","SH.XPD.GHED.CH.ZS","","","","","","","","","","","","","","","","","","","","","","","","","","","","","","","","","","","","","","","","","56.10593033","53.42674255","54.34016418","52.89592743","50.60943985","46.93005371","42.01935196","39.3272934","40.33197403","43.21623611","43.12285614","48.58451462","48.46244431","49.65709686","55.0999527","58.58772659","63.00772858","64.63814545","60.1740303","59.22204971","73.93962097","68.81934357","68.81958771","70.1448822","","",
"High income","HIC","Domestic general government health expenditure (% of current health expenditure)","SH.XPD.GHED.CH.ZS","","","","","","","","","","","","","","","","","","","","","","","","","","","","","","","","","","","","","","","","","59.4295079775758","59.3038313675912","59.101647802636","59.619497812943","60.3041482321863","60.3796554678147","60.3817835374655","60.7404487979041","61.8351303317265","62.3552504809397","62.4313279203175","63.2265980288549","62.675518225944","62.5092563555177","62.8441448554987","62.1616114755745","62.2208900739113","62.0991842211384","62.3605492582501","62.4334966646741","66.0495744615777","65.6683644771203","64.6425415412023","62.9547309347985","","",
"Hong Kong SAR, China","HKG","Domestic general government health expenditure (% of current health expenditure)","SH.XPD.GHED.CH.ZS","","","","","","","","","","","","","","","","","","","","","","","","","","","","","","","","","","","","","","","","","","","","","","","","","","","","","","","","","","","","","","","","","","",
"Honduras","HND","Domestic general government health expenditure (% of current health expenditure)","SH.XPD.GHED.CH.ZS","","","","","","","","","","","","","","","","","","","","","","","","","","","","","","","","","","","","","","","","","48.22546768","42.01053238","40.67726517","37.92595291","35.75970459","38.92585754","41.63787079","41.23646164","38.57394028","44.10110474","42.35993195","44.28755569","39.08074951","41.21319962","40.34410095","39.39133835","40.1210289","40.73265076","39.41397476","39.44809341","38.04241943","37.51784134","39.25800705","31.92416763","","",
"Heavily indebted poor countries (HIPC)","HPC","Domestic general government health expenditure (% of current health expenditure)","SH.XPD.GHED.CH.ZS","","","","","","","","","","","","","","","","","","","","","","","","","","","","","","","","","","","","","","","","","27.8524408516035","30.39857941122","28.3897853493275","28.7996485360065","27.8093229965036","29.270897516455","27.7089845719696","28.2290182333325","27.5303768576156","28.5366005601638","27.632557183097","26.1398505321829","26.8359065780777","25.9040635621988","26.7347756574957","26.5211365709578","28.266030609936","30.1718643349198","30.4853732364227","30.9022780595168","33.4519792225026","32.4653002071847","31.1036443857618","30.5453393277894","","",
"Croatia","HRV","Domestic general government health expenditure (% of current health expenditure)","SH.XPD.GHED.CH.ZS","","","","","","","","","","","","","","","","","","","","","","","","","","","","","","","","","","","","","","","","","85.02520752","82.19972992","79.01168823","81.33018494","79.81884003","84.98887634","84.65945435","86.43177032","83.83042908","82.83022308","83.40901947","81.97130585","82.65220642","85.50038147","84.03917694","83.11493683","82.84736633","82.85181427","82.45063782","81.54315948","81.77723694","84.10276031","84.46141052","84.0160675","","",
"Haiti","HTI","Domestic general government health expenditure (% of current health expenditure)","SH.XPD.GHED.CH.ZS","","","","","","","","","","","","","","","","","","","","","","","","","","","","","","","","","","","","","","","","","21.8201313","19.3897686","14.24369812","14.61649895","17.09963417","17.65004158","8.32102966","21.72797203","22.15389252","22.33143044","17.86717796","7.13250399","8.22239304","11.58277035","10.36076069","11.05177689","11.0194788","12.17581844","12.19812393","10.4180212","12.81229115","11.43876934","10.66379547","9.34003258","","",
"Hungary","HUN","Domestic general government health expenditure (% of current health expenditure)","SH.XPD.GHED.CH.ZS","","","","","","","","","","","","","","","","","","","","","","","","","","","","","","","","","","","","","","","","","68.84632111","66.90216064","69.24012756","69.98189545","69.62472534","70.15788269","70.35378265","67.78857422","67.74672699","67.98168182","66.6255722","66.21702576","64.8403244","66.20976257","66.72171021","67.78527832","67.71111298","68.46105957","69.22134399","68.32543945","70.47328949","72.22007751","72.67948914","73.36637115","","",
"IBRD only","IBD","Domestic general government health expenditure (% of current health expenditure)","SH.XPD.GHED.CH.ZS","","","","","","","","","","","","","","","","","","","","","","","","","","","","","","","","","","","","","","","","","41.9545644449292","41.9046348306833","42.2022207559155","43.3170994958932","43.8650767679929","44.6841382805475","46.4894066967593","47.9272208294636","50.1768039145453","51.4681151364361","51.4810318007137","52.1807356878483","52.9340127361245","53.6217045405381","54.4375400345697","55.098112987209","54.3540005444473","54.0710551615699","54.0287839493784","53.8864502770151","55.7124175772422","55.1931765753079","56.6514189212489","56.1993427070191","","",
"IDA & IBRD total","IBT","Domestic general government health expenditure (% of current health expenditure)","SH.XPD.GHED.CH.ZS","","","","","","","","","","","","","","","","","","","","","","","","","","","","","","","","","","","","","","","","","41.3213773676389","41.3747806929411","41.5500741479476","42.3144946197863","42.9111172755527","43.6681583753839","45.1483853779186","46.5551530321198","48.6765902090699","49.9456659763166","49.9643507468045","50.6806606166182","51.4879144066915","52.0500510586429","52.76528690691","53.3493720553829","52.6810268722203","52.6181634580783","52.6374618770824","52.5569055452408","54.3337586366776","53.7897396336364","55.2253491561377","54.8994914132023","","",
"IDA total","IDA","Domestic general government health expenditure (% of current health expenditure)","SH.XPD.GHED.CH.ZS","","","","","","","","","","","","","","","","","","","","","","","","","","","","","","","","","","","","","","","","","30.6912936875364","32.2302183255979","31.2973916513828","28.1905652891207","29.2804233991714","29.1205556044946","26.6399054002433","26.6286545769477","25.7028477758603","26.2417048880952","25.4061495832546","24.7925554933566","26.1958126882444","25.2299561994959","25.1971126871328","25.4867516003119","25.5634837788342","26.8624736720424","27.4053352618092","27.7999071595124","29.4562785721333","28.6757958974979","27.3421378763375","27.2735765414237","","",
"IDA blend","IDB","Domestic general government health expenditure (% of current health expenditure)","SH.XPD.GHED.CH.ZS","","","","","","","","","","","","","","","","","","","","","","","","","","","","","","","","","","","","","","","","","29.1924745038808","31.1037583655586","30.1710355679384","23.2773219673188","27.175999392322","26.0464642339787","22.7224577490161","22.3922905223019","21.7394181587817","22.3722556110112","21.9936652516549","22.0289804715863","25.1144083440614","23.9888700173078","24.1192885231384","26.3780616555037","25.3297835242368","27.0470292278743","28.7776211953561","28.902429068053","30.6898081876705","29.5645823823718","28.8990790632682","29.8463650827305","","",
"Indonesia","IDN","Domestic general government health expenditure (% of current health expenditure)","SH.XPD.GHED.CH.ZS","","","","","","","","","","","","","","","","","","","","","","","","","","","","","","","","","","","","","","","","","29.66810608","36.45111847","34.0422821","36.37522888","35.34217453","28.91632652","31.71795845","36.07460022","35.23408508","35.13375854","23.68755341","23.47972488","26.32730865","28.4687748","33.48835373","39.59934235","45.52692032","46.47950745","48.67710495","48.56188965","55.17206192","59.41187668","51.76071167","53.61269379","","",
"IDA only","IDX","Domestic general government health expenditure (% of current health expenditure)","SH.XPD.GHED.CH.ZS","","","","","","","","","","","","","","","","","","","","","","","","","","","","","","","","","","","","","","","","","31.8126035931122","33.0525459845709","32.0550099271692","32.3526600591245","31.0136012435994","31.7399338538617","30.0892155651291","30.126009186105","28.8597324983649","29.0134503520125","28.0465745885441","26.9244471908848","27.0970622822313","26.2649083475206","26.112032799208","24.7761246615337","25.7380983780394","26.7311880957168","26.4980765135947","27.055756928842","28.6287707220977","28.0481385288071","26.151954150121","25.5673952835906","","",
"Isle of Man","IMN","Domestic general government health expenditure (% of current health expenditure)","SH.XPD.GHED.CH.ZS","","","","","","","","","","","","","","","","","","","","","","","","","","","","","","","","","","","","","","","","","","","","","","","","","","","","","","","","","","","","","","","","","","",
"India","IND","Domestic general government health expenditure (% of current health expenditure)","SH.XPD.GHED.CH.ZS","","","","","","","","","","","","","","","","","","","","","","","","","","","","","","","","","","","","","","","","","20.68014336","18.87691307","18.1644249","18.71640396","17.98241234","20.12672806","20.50615883","20.89888573","22.62734604","25.6102047","26.20631409","28.87308502","27.98948097","23.0712204","23.66404152","25.64012909","26.83841324","32.94804382","34.29247284","35.0661087","36.25336838","40.39885712","40.3965683","39.02440643","","",
"Not classified","INX","Domestic general government health expenditure (% of current health expenditure)","SH.XPD.GHED.CH.ZS","","","","","","","","","","","","","","","","","","","","","","","","","","","","","","","","","","","","","","","","","","","","","","","","","","","","","","","","","","","","","","","","","","",
"Ireland","IRL","Domestic general government health expenditure (% of current health expenditure)","SH.XPD.GHED.CH.ZS","","","","","","","","","","","","","","","","","","","","","","","","","","","","","","","","","","","","","","","","","77.51446533","78.43862152","78.99121094","78.76317596","78.9164505","78.86785126","77.82533264","79.23339081","79.3214798","77.07170868","76.17775726","72.1672287","72.23596191","71.04251862","71.28594971","71.79472351","72.15575409","72.57151794","73.59607697","73.82551575","77.611763","76.68099213","76.50776672","76.59344482","","",
"Iran, Islamic Rep.","IRN","Domestic general government health expenditure (% of current health expenditure)","SH.XPD.GHED.CH.ZS","","","","","","","","","","","","","","","","","","","","","","","","","","","","","","","","","","","","","","","","","37.70975113","38.25937271","39.26384735","39.40636063","36.43323898","36.86399078","41.67243958","39.82310104","37.07612228","36.65011978","32.35562897","33.31314087","33.5519104","37.90558624","48.08059692","50.31786728","52.8751564","54.3501091","47.77267075","44.1107254","49.89759827","46.86421967","46.72981644","46.72418594","","",
"Iraq","IRQ","Domestic general government health expenditure (% of current health expenditure)","SH.XPD.GHED.CH.ZS","","","","","","","","","","","","","","","","","","","","","","","","","","","","","","","","","","","","","","","","","","","","45.25849152","69.86952972","66.96305084","61.48527145","63.38371277","77.38848877","76.67063141","73.49710846","74.24197388","37.45703125","40.81427765","37.21397781","23.15503693","55.45582581","41.44437027","49.10993195","49.36284256","45.03430557","49.34173965","45.76101685","46.0176239","","",
"Iceland","ISL","Domestic general government health expenditure (% of current health expenditure)","SH.XPD.GHED.CH.ZS","","","","","","","","","","","","","","","","","","","","","","","","","","","","","","","","","","","","","","","","","80.77707672","80.64186859","81.37903595","81.27565765","80.94917297","81.00183868","81.58273315","82.01760101","82.21313477","81.63837433","79.86060333","80.13246918","80.04199219","80.35533905","80.63890076","80.95484924","81.64149475","81.9998703","82.50614166","82.92933655","83.4431839","83.78192139","84.68106842","83.62537384","","",
"Israel","ISR","Domestic general government health expenditure (% of current health expenditure)","SH.XPD.GHED.CH.ZS","","","","","","","","","","","","","","","","","","","","","","","","","","","","","","","","","","","","","","","","","63.10085297","62.68158722","64.01110077","62.51268387","61.777668","59.93183517","62.32134628","60.59378815","61.28447342","61.21595764","62.80175781","62.58883667","62.60700607","63.4185791","63.13245392","63.4168129","63.31613159","63.88255692","64.66484833","64.81515503","67.88335419","71.4715271","62.08139801","65.24039459","","",
"Italy","ITA","Domestic general government health expenditure (% of current health expenditure)","SH.XPD.GHED.CH.ZS","","","","","","","","","","","","","","","","","","","","","","","","","","","","","","","","","","","","","","","","","72.63814545","74.62194061","74.95858002","75.33364868","76.2440033","77.4885788","77.75046539","77.48770905","77.67528534","78.30512238","78.45359039","77.01277924","75.35707092","75.18122101","74.93444824","74.01602936","73.93843079","73.32312775","73.36440277","73.24338531","75.82595062","74.52562714","73.71037292","73.07653809","","",
"Jamaica","JAM","Domestic general government health expenditure (% of current health expenditure)","SH.XPD.GHED.CH.ZS","","","","","","","","","","","","","","","","","","","","","","","","","","","","","","","","","","","","","","","","","53.31233978","46.55213165","49.49063873","40.99585724","42.36965942","38.37163925","36.30531311","43.0337677","44.34565353","46.27419281","47.28671265","47.47025299","44.9799118","47.29389191","48.69320679","53.8014679","55.01438141","58.20155716","56.86345673","57.08646393","60.49911118","63.92341232","68.50052643","64.34702301","","",
"Jordan","JOR","Domestic general government health expenditure (% of current health expenditure)","SH.XPD.GHED.CH.ZS","","","","","","","","","","","","","","","","","","","","","","","","","","","","","","","","","","","","","","","","","44.98270035","45.62797928","47.408535","46.58573532","39.31506729","51.70669937","51.27906799","56.70307922","60.5128212","67.08152008","66.70902252","67.44730377","64.40774536","61.5516243","64.4750824","53.54001617","45.77644348","44.80283356","42.96430969","42.94781876","45.26340103","43.27261734","44.14997864","45.00594711","","",
"Japan","JPN","Domestic general government health expenditure (% of current health expenditure)","SH.XPD.GHED.CH.ZS","","","","","","","","","","","","","","","","","","","","","","","","","","","","","","","","","","","","","","","","","80.43052673","80.96408081","80.75297546","79.96381378","80.27420044","81.16796112","80.3215332","81.24928284","81.17062378","81.29418182","81.92724609","83.74062347","83.93068695","84.26091003","84.11785889","84.08298492","84.03720856","84.21469116","83.77095032","83.96395111","85.3972702","86.26395416","86.02036285","84.8254776","","",
"Kazakhstan","KAZ","Domestic general government health expenditure (% of current health expenditure)","SH.XPD.GHED.CH.ZS","","","","","","","","","","","","","","","","","","","","","","","","","","","","","","","","","","","","","","","","","50.9475174","56.64579391","53.49605942","54.8608284","58.40933228","65.03177643","68.28931427","66.4360733","75.26647949","76.78112793","67.38729858","70.79852295","68.14989471","69.36116028","71.71561432","63.14421844","59.61541748","62.00507736","60.83679199","59.93826294","65.80332184","65.33066559","61.46427917","65.83128357","","",
"Kenya","KEN","Domestic general government health expenditure (% of current health expenditure)","SH.XPD.GHED.CH.ZS","","","","","","","","","","","","","","","","","","","","","","","","","","","","","","","","","","","","","","","","","27.5660038","28.31727982","29.03210449","27.87888336","25.63690376","26.55578232","23.52347374","24.83516884","26.13231087","27.58823776","28.96219444","30.8654747","32.40784454","33.68307114","37.40696716","40.38045883","42.80955124","42.93966675","43.10948181","45.97900772","49.19530487","48.77993393","46.35469818","44.90883636","","",
"Kyrgyz Republic","KGZ","Domestic general government health expenditure (% of current health expenditure)","SH.XPD.GHED.CH.ZS","","","","","","","","","","","","","","","","","","","","","","","","","","","","","","","","","","","","","","","","","48.35355377","46.83544159","48.33863068","38.91859055","37.67674637","50.99052429","50.67200089","44.50760651","44.38030624","50.45440674","49.13737106","51.96281815","49.60250473","48.20622635","37.36301804","37.92853165","38.94332886","37.95225525","48.3945961","51.421772","44.83549881","55.27406693","52.35812378","53.33329391","","",
"Cambodia","KHM","Domestic general government health expenditure (% of current health expenditure)","SH.XPD.GHED.CH.ZS","","","","","","","","","","","","","","","","","","","","","","","","","","","","","","","","","","","","","","","","","19.7270298","16.84443855","19.26538277","21.22889519","19.20490837","17.67419624","15.5885458","18.72865486","15.51730919","16.05349731","19.71776199","17.0569191","18.73249435","22.27449989","23.0286541","22.11950302","23.22853661","26.51512527","26.89064026","24.30771637","27.3026638","47.38274765","26.37075615","26.8850174","","",
"Kiribati","KIR","Domestic general government health expenditure (% of current health expenditure)","SH.XPD.GHED.CH.ZS","","","","","","","","","","","","","","","","","","","","","","","","","","","","","","","","","","","","","","","","","96.68035889","96.30434418","95.84044647","96.13912201","97.121315","96.42111206","83.09328461","80.48626709","74.43775177","63.77962112","90.79120636","94.0425415","88.65327454","81.71276093","82.50756836","84.20456696","85.12814331","85.56938171","80.62759399","90.80039215","69.73468018","74.95104218","80.85797119","78.46235657","","",
"St. Kitts and Nevis","KNA","Domestic general government health expenditure (% of current health expenditure)","SH.XPD.GHED.CH.ZS","","","","","","","","","","","","","","","","","","","","","","","","","","","","","","","","","","","","","","","","","41.9220047","43.65345001","43.34912109","44.12151718","48.11813736","46.98352814","44.77465057","43.42341995","33.88892365","37.32194519","37.63154221","37.11148834","39.22016907","38.08625412","40.95048523","37.85388184","40.13845444","41.59750366","45.972229","49.27016449","53.85012054","57.53030014","52.56438446","54.25442505","","",
"Korea, Rep.","KOR","Domestic general government health expenditure (% of current health expenditure)","SH.XPD.GHED.CH.ZS","","","","","","","","","","","","","","","","","","","","","","","","","","","","","","","","","","","","","","","","","50.6124382","54.16914368","54.77650833","50.29701996","50.76687241","51.24449158","53.13978958","54.94232941","53.40441895","54.99868774","55.29446411","54.54003143","54.34591675","54.66819763","54.54628372","54.28751755","55.02378845","55.71164703","56.50457764","57.6076889","58.18780136","60.84796143","62.34436417","58.5876236","56.60574722","",
"Kuwait","KWT","Domestic general government health expenditure (% of current health expenditure)","SH.XPD.GHED.CH.ZS","","","","","","","","","","","","","","","","","","","","","","","","","","","","","","","","","","","","","","","","","72.54471588","78.88748932","76.80326843","76.89358521","76.26428986","76.21052551","76.52494812","76.42373657","78.0923233","81.58335114","84.20078278","84.47299194","83.46147919","83.9683609","84.58882904","84.85922241","85.31620789","85.70923615","88.22940826","88.14811707","88.50325012","88.9475174","88.11378479","88.54973602","","",
"Latin America & Caribbean (excluding high income)","LAC","Domestic general government health expenditure (% of current health expenditure)","SH.XPD.GHED.CH.ZS","","","","","","","","","","","","","","","","","","","","","","","","","","","","","","","","","","","","","","","","","47.3693769523625","46.7013812860042","45.6833466360243","45.4707198524584","45.4712772142806","45.1807375059963","46.1022681162987","46.8519555379456","48.0963180758836","49.7131225159822","50.4308615467412","50.8709228368062","50.8792661307221","52.2606067884794","52.1133592741005","53.244758711315","52.4782557872014","51.4550344538624","50.29754234296","50.015154390133","53.9029874211687","51.6577768062753","51.7558120007038","50.351415551006","","",
"Lao PDR","LAO","Domestic general government health expenditure (% of current health expenditure)","SH.XPD.GHED.CH.ZS","","","","","","","","","","","","","","","","","","","","","","","","","","","","","","","","","","","","","","","","","28.8425827","30.98994255","27.55243874","24.47424316","22.43296623","27.17383575","21.90361023","18.84051514","18.54986191","33.11112213","20.73246765","18.86988258","21.03191948","29.69613647","29.7475071","35.209095","32.4010582","35.18819809","38.69595718","36.93346786","38.45669556","26.21234703","31.03856277","39.79618073","","",
"Lebanon","LBN","Domestic general government health expenditure (% of current health expenditure)","SH.XPD.GHED.CH.ZS","","","","","","","","","","","","","","","","","","","","","","","","","","","","","","","","","","","","","","","","","29.8194313","32.68748093","32.85642242","33.90073776","37.12298584","38.41324997","41.0092659","41.04162979","39.34031296","38.19932938","40.30947113","43.7142067","43.50121689","44.15641022","47.48551178","45.5106163","47.00899887","47.11582947","46.73417664","49.29297256","44.43261719","26.89803314","30.83833122","37.90446472","","",
"Liberia","LBR","Domestic general government health expenditure (% of current health expenditure)","SH.XPD.GHED.CH.ZS","","","","","","","","","","","","","","","","","","","","","","","","","","","","","","","","","","","","","","","","","23.99118805","24.67121887","26.05589294","16.56354904","8.75584793","8.14621162","8.1727457","16.96709061","15.32684326","13.33346748","15.08782768","17.68749809","20.32496643","4.43601942","10.16997051","11.59850502","14.09346581","13.99934006","16.16875839","16.17847824","10.2520752","8.37021542","9.4937067","10.00271988","","",
"Libya","LBY","Domestic general government health expenditure (% of current health expenditure)","SH.XPD.GHED.CH.ZS","","","","","","","","","","","","","","","","","","","","","","","","","","","","","","","","","","","","","","","","","48.70888901","54.47205734","66.91075897","66.24486542","65.78649139","64.65328217","65.3585968","66.52918243","67.65815735","68.7928009","69.93810272","63.29393005","73.7844162","73.39673615","66.22792816","69.26644135","67.48332214","66.1840744","71.54103851","71.29649353","78.61562347","73.86416626","66.36248779","80.14811707","","",
"St. Lucia","LCA","Domestic general government health expenditure (% of current health expenditure)","SH.XPD.GHED.CH.ZS","","","","","","","","","","","","","","","","","","","","","","","","","","","","","","","","","","","","","","","","","34.41186905","34.90360641","33.95426559","31.34615898","32.91966629","32.98304749","30.42996407","28.1127224","31.53466606","34.6420784","35.93708801","35.88047409","41.4034996","40.91891098","40.87939835","43.50433731","43.44386673","45.72827911","46.3572998","48.46842575","43.19232178","43.95924759","47.5651474","50.39321136","","",
"Latin America & Caribbean","LCN","Domestic general government health expenditure (% of current health expenditure)","SH.XPD.GHED.CH.ZS","","","","","","","","","","","","","","","","","","","","","","","","","","","","","","","","","","","","","","","","","47.0201385067833","46.5304609763191","45.6920579313927","45.5605774108294","45.5650554974108","45.1625085914236","46.1415322469256","46.9278446412322","48.2444911043191","49.9550191580932","50.6439487644998","51.040499709061","51.1145116621589","52.4337750263246","52.3194456641358","53.420176326849","52.8490923262629","51.9527539259729","50.9306077620196","50.6447169547516","54.5262172440678","52.3502549058771","52.143510705573","50.9342283731557","","",
"Least developed countries: UN classification","LDC","Domestic general government health expenditure (% of current health expenditure)","SH.XPD.GHED.CH.ZS","","","","","","","","","","","","","","","","","","","","","","","","","","","","","","","","","","","","","","","","","27.2442618548645","29.0300038133778","27.5173639750464","28.1850945093109","27.6970649071642","27.3873521426889","26.9978003055308","28.0093550788216","28.3927964770428","27.954102426619","25.4434889503701","24.4392576710969","25.463399116003","24.746476516379","24.426484629056","21.8261819328096","22.4514212737072","23.4578385448829","22.2729771781833","21.9083754240717","23.6943445634118","24.1570027125894","23.3711150543955","22.1287249790238","","",
"Low income","LIC","Domestic general government health expenditure (% of current health expenditure)","SH.XPD.GHED.CH.ZS","","","","","","","","","","","","","","","","","","","","","","","","","","","","","","","","","","","","","","","","","29.1033561718967","34.4247178802999","32.8230614156134","33.4154277052689","30.797261257397","29.9307420469619","26.8267009150715","27.47700983404","24.7689630015784","25.9390201061611","24.0945095440659","21.1319081492571","22.2673545295077","20.3716326489574","20.4261422789432","17.9010922548018","19.5849340298868","18.6657449764218","18.4971528410281","19.5232995678949","21.9582074762288","21.5407704233095","20.0472984409763","19.3512702714249","","",
"Liechtenstein","LIE","Domestic general government health expenditure (% of current health expenditure)","SH.XPD.GHED.CH.ZS","","","","","","","","","","","","","","","","","","","","","","","","","","","","","","","","","","","","","","","","","","","","","","","","","","","","","","66.63146973","65.63621521","65.69172668","64.93090057","63.16424942","63.7201004","64.9977951","68.63522339","68.60512543","67.84233856","69.04470825","","",
"Sri Lanka","LKA","Domestic general government health expenditure (% of current health expenditure)","SH.XPD.GHED.CH.ZS","","","","","","","","","","","","","","","","","","","","","","","","","","","","","","","","","","","","","","","","","53.62960815","52.56715012","53.45138168","55.08138275","52.70340347","52.63922119","50.96377945","48.49552155","43.21922684","40.6007843","40.43683624","42.54272079","42.22399521","45.41758728","44.72919846","43.95829391","43.12142181","41.00520325","45.69159317","46.85599518","50.43810272","43.52697372","38.30737686","33.57352066","","",
"Lower middle income","LMC","Domestic general government health expenditure (% of current health expenditure)","SH.XPD.GHED.CH.ZS","","","","","","","","","","","","","","","","","","","","","","","","","","","","","","","","","","","","","","","","","26.9950112115607","26.1139421296503","25.4625169263106","24.1981995246989","24.707232823804","25.8280409754578","25.9030411978411","26.0870415140356","27.3403646141457","28.976961512854","28.5235235550329","30.1633461265308","29.8520290123864","27.4636653109656","27.8383047501847","28.8507197363619","29.11567007249","32.9755708303335","34.0195285546436","34.015348037705","35.2618888627164","37.0305259105699","37.0912246401439","36.5398260111866","","",
"Low & middle income","LMY","Domestic general government health expenditure (% of current health expenditure)","SH.XPD.GHED.CH.ZS","","","","","","","","","","","","","","","","","","","","","","","","","","","","","","","","","","","","","","","","","39.2637455174163","38.8971834030686","38.6897226053399","39.4791184689289","40.0862191917773","40.6269104666077","42.154620985029","43.5521672100116","45.5994389844833","47.7642153409401","47.9548427263246","48.8343285402755","49.7003113106744","50.4496557826532","51.5027654374602","52.6857190290935","52.0092187370014","51.8419281863223","51.5887963751359","51.4000193640896","52.3255918957372","51.8260100098991","53.303092064641","52.8991464433462","","",
"Lesotho","LSO","Domestic general government health expenditure (% of current health expenditure)","SH.XPD.GHED.CH.ZS","","","","","","","","","","","","","","","","","","","","","","","","","","","","","","","","","","","","","","","","","56.40678406","54.71739578","54.32662964","58.90995407","57.04291534","48.2519455","56.40363693","64.23986053","56.99589539","54.34389114","53.77038574","54.84946823","56.33465958","55.7409668","58.14888","60.73954773","60.81415176","57.35503006","50.28984833","30.80852509","46.80822372","41.12204742","50.79642105","46.33968353","","",
"Late-demographic dividend","LTE","Domestic general government health expenditure (% of current health expenditure)","SH.XPD.GHED.CH.ZS","","","","","","","","","","","","","","","","","","","","","","","","","","","","","","","","","","","","","","","","","42.4591337587115","43.615269675456","45.2038062128534","46.6895607366036","47.3734471169237","48.5107046714983","49.8266122816384","51.3719854615378","53.6140444476617","54.453506116952","54.8111189410572","55.2519453293436","56.1042994650615","56.9379443767182","57.4370050458605","58.2453502376051","57.0304343510581","55.600217035731","55.9627667761807","55.9316187504291","57.6482347372281","56.9696484979472","59.1149153623614","58.6500719125469","","",
"Lithuania","LTU","Domestic general government health expenditure (% of current health expenditure)","SH.XPD.GHED.CH.ZS","","","","","","","","","","","","","","","","","","","","","","","","","","","","","","","","","","","","","","","","","67.25701141","70.20442963","72.81347656","74.31488037","62.62706757","60.70454025","62.42897034","65.83148956","70.72186279","71.87563324","71.08982086","70.33172607","66.61579895","65.59049988","66.57397461","66.08770752","65.75756073","65.46350098","65.99188232","65.08876801","68.69542694","67.40434265","65.35279846","65.02508545","","",
"Luxembourg","LUX","Domestic general government health expenditure (% of current health expenditure)","SH.XPD.GHED.CH.ZS","","","","","","","","","","","","","","","","","","","","","","","","","","","","","","","","","","","","","","","","","83.24607086","84.04717255","83.96315002","83.86483765","84.49659729","84.14559174","83.77575684","85.3579483","87.64614105","86.7148056","85.93012238","83.41192627","83.63431549","83.86051178","84.26283264","84.50590515","84.4362793","84.78167725","84.92115021","85.87232971","87.36024475","87.04403687","87.08268738","86.60796356","86.92134857","",
"Latvia","LVA","Domestic general government health expenditure (% of current health expenditure)","SH.XPD.GHED.CH.ZS","","","","","","","","","","","","","","","","","","","","","","","","","","","","","","","","","","","","","","","","","50.75323105","48.73086166","49.57962036","49.82992554","56.17494583","55.69818497","61.53559875","60.89078522","60.32690048","59.6487999","60.18484116","63.49742889","60.34782791","60.01409149","59.67239761","58.67530441","55.84832764","57.16551208","59.7159729","59.85708237","63.4407692","69.32985687","64.72911835","59.45503235","","",
"Macao SAR, China","MAC","Domestic general government health expenditure (% of current health expenditure)","SH.XPD.GHED.CH.ZS","","","","","","","","","","","","","","","","","","","","","","","","","","","","","","","","","","","","","","","","","","","","","","","","","","","","","","","","","","","","","","","","","","",
"St. Martin (French part)","MAF","Domestic general government health expenditure (% of current health expenditure)","SH.XPD.GHED.CH.ZS","","","","","","","","","","","","","","","","","","","","","","","","","","","","","","","","","","","","","","","","","","","","","","","","","","","","","","","","","","","","","","","","","","",
"Morocco","MAR","Domestic general government health expenditure (% of current health expenditure)","SH.XPD.GHED.CH.ZS","","","","","","","","","","","","","","","","","","","","","","","","","","","","","","","","","","","","","","","","","25.35758781","26.27703476","26.62359238","24.45622253","23.88543892","25.20932388","28.51291847","29.45763969","31.03666687","32.63605118","32.13038635","33.68819046","34.34552383","34.77407074","38.73244095","38.83265686","39.37893295","39.70824814","40.19128036","40.30397415","42.58678818","41.36471176","50.50930405","56.53299713","","",
"Monaco","MCO","Domestic general government health expenditure (% of current health expenditure)","SH.XPD.GHED.CH.ZS","","","","","","","","","","","","","","","","","","","","","","","","","","","","","","","","","","","","","","","","","80.03048706","80.09191132","80.18914032","80.99350739","81.11724091","81.06963348","80.82076263","80.17048645","80.52770233","81.32544708","81.43565369","81.14603424","81.28581238","81.10883331","80.98216248","80.85055542","86.60324097","86.87052155","86.77493286","86.12072754","87.99599457","89.7226944","86.56619263","85.65138245","","",
"Moldova","MDA","Domestic general government health expenditure (% of current health expenditure)","SH.XPD.GHED.CH.ZS","","","","","","","","","","","","","","","","","","","","","","","","","","","","","","","","","","","","","","","","","48.95383835","45.96244049","47.90952301","45.76942444","59.17273712","52.72468567","49.26407242","51.08501434","48.21476746","42.64822769","45.86203384","46.66718292","48.52949142","46.70035172","49.34556198","45.53878021","48.79284286","50.61460495","56.52601624","59.67400742","64.81729126","65.2525177","64.82569885","69.56813812","","",
"Madagascar","MDG","Domestic general government health expenditure (% of current health expenditure)","SH.XPD.GHED.CH.ZS","","","","","","","","","","","","","","","","","","","","","","","","","","","","","","","","","","","","","","","","","46.24232864","44.54079819","35.44763184","43.43172073","41.38931274","37.09082031","37.32504272","41.32165146","34.5580864","29.78115273","39.76138687","37.11377335","38.09178162","34.7657547","39.17490768","39.75247574","44.48103333","46.77280045","35.45464325","22.01306152","18.52955818","21.03363609","28.44349289","28.81880569","","",
"Maldives","MDV","Domestic general government health expenditure (% of current health expenditure)","SH.XPD.GHED.CH.ZS","","","","","","","","","","","","","","","","","","","","","","","","","","","","","","","","","","","","","","","","","33.1465416","32.60015488","29.02598763","31.69123459","30.88129616","33.61769485","36.77770233","47.13253784","55.7701416","57.70215607","52.96121216","46.41235733","48.53068542","52.72491455","61.97496414","71.81314087","72.05833435","71.24165344","77.28492737","78.3404007","79.9908371","66.46688843","74.32872772","78.90460968","","",
"Middle East, North Africa, Afghanistan & Pakistan","MEA","Domestic general government health expenditure (% of current health expenditure)","SH.XPD.GHED.CH.ZS","","","","","","","","","","","","","","","","","","","","","","","","","","","","","","","","","","","","","","","","","53.5480915605529","54.7757477099555","53.902462979107","53.4420594757299","52.3417663965176","51.8542682132372","52.989747231241","52.3041047181542","52.2341064579258","53.0862213920188","51.0753049600487","52.4824570311986","52.4069484608829","54.9739341724067","57.3826189763891","56.2537320175073","58.2999169334285","57.3366509240737","56.2838091613781","57.0248531045084","60.7632441396583","61.2425804288328","59.3140513577486","61.1240686943034","","",
"Mexico","MEX","Domestic general government health expenditure (% of current health expenditure)","SH.XPD.GHED.CH.ZS","","","","","","","","","","","","","","","","","","","","","","","","","","","","","","","","","","","","","","","","","45.21740723","43.75762177","42.68946838","41.50918961","43.45798111","42.23654556","42.8270874","43.81832123","45.91357803","46.66847229","50.21874619","52.8038826","53.0821228","53.75115967","52.08169937","52.20096588","51.27971649","50.53536606","49.62833023","49.16729355","52.88224792","50.09624481","51.89233017","48.62679672","","",
"Marshall Islands","MHL","Domestic general government health expenditure (% of current health expenditure)","SH.XPD.GHED.CH.ZS","","","","","","","","","","","","","","","","","","","","","","","","","","","","","","","","","","","","","","","","","60.57263947","57.17614365","62.92361069","63.18002701","40.86508179","29.95524788","29.28521729","38.27091217","31.64396477","33.10401154","27.20491219","45.7146492","45.57160187","50.47799683","41.82448959","40.73860931","44.24685287","40.61857605","44.98931885","44.466362","43.32521057","41.67832565","42.97138977","75.04546356","","",
"Middle income","MIC","Domestic general government health expenditure (% of current health expenditure)","SH.XPD.GHED.CH.ZS","","","","","","","","","","","","","","","","","","","","","","","","","","","","","","","","","","","","","","","","","39.4373258211868","38.9681292411454","38.7997408300211","39.5955910341528","40.2697022992197","40.8389016603621","42.476439478769","43.9040785889027","46.0417687478617","48.222306135109","48.3999381792817","49.299289220267","50.1229564586349","50.9209568431088","52.0094649756099","53.2548316356282","52.525864217203","52.3371736836431","52.091326720237","51.8439378534282","52.7642584691961","52.224007437573","53.7286065076597","53.3237700708086","","",
"North Macedonia","MKD","Domestic general government health expenditure (% of current health expenditure)","SH.XPD.GHED.CH.ZS","","","","","","","","","","","","","","","","","","","","","","","","","","","","","","","","","","","","","","","","","53.12498474","54.38128281","52.6941452","54.99277115","55.75329208","56.98302841","57.09085083","61.48728561","64.58731842","62.67918015","60.57292557","62.23397064","62.51174164","65.64761353","63.89248657","64.94879913","63.65433121","58.34281921","58.18969727","60.24808502","60.3956871","54.48571014","56.88064957","57.57066345","","",
"Mali","MLI","Domestic general government health expenditure (% of current health expenditure)","SH.XPD.GHED.CH.ZS","","","","","","","","","","","","","","","","","","","","","","","","","","","","","","","","","","","","","","","","","23.65786362","23.32226753","22.20675087","27.96567535","30.44479561","26.89435768","22.43549156","18.97407722","14.19835377","12.77154732","14.29746628","15.06320953","11.02084827","20.58074379","19.89782524","22.35896111","32.03073883","32.04769135","30.84214592","29.22816658","40.00576401","38.2531929","36.69517517","35.38718414","","",
"Malta","MLT","Domestic general government health expenditure (% of current health expenditure)","SH.XPD.GHED.CH.ZS","","","","","","","","","","","","","","","","","","","","","","","","","","","","","","","","","","","","","","","","","71.79486847","68.66666412","70.40229797","69.84127045","69.54314423","69.1275177","68.48739624","66.80760956","64.75409698","64.9193573","64.57564545","64.44444275","65.64019775","67.55555725","61.61485672","60.83222961","63.0282402","62.89699936","63.47786331","62.51036835","66.6924057","67.36936951","67.01004028","66.01847839","","",
"Myanmar","MMR","Domestic general government health expenditure (% of current health expenditure)","SH.XPD.GHED.CH.ZS","","","","","","","","","","","","","","","","","","","","","","","","","","","","","","","","","","","","","","","","","13.15911674","11.26913166","13.91563702","10.20589352","10.88051987","7.29122162","11.94776058","10.04284286","8.10600185","8.66210079","9.8407793","11.95902157","17.21872711","18.87417984","24.1849556","21.99240685","13.98528004","14.79479122","14.82879257","15.95957279","16.65261078","16.61196899","11.05190277","11.11042404","","",
"Middle East, North Africa, Afghanistan & Pakistan (excluding high income)","MNA","Domestic general government health expenditure (% of current health expenditure)","SH.XPD.GHED.CH.ZS","","","","","","","","","","","","","","","","","","","","","","","","","","","","","","","","","","","","","","","","","39.8377936112782","41.1243576663094","41.473133834807","40.64988931962","40.6109684736382","39.926282110189","41.122658429404","41.83764577724","43.0723864931483","42.9667131809643","40.6498797200604","41.2672787282716","40.3646651346911","42.13253104416","44.8529901373277","43.6938617511252","46.18800990701","46.2268839476876","42.7727472176473","42.0683661161037","43.0839236469842","42.7061855296016","41.5540985773961","44.107320147157","","",
"Montenegro","MNE","Domestic general government health expenditure (% of current health expenditure)","SH.XPD.GHED.CH.ZS","","","","","","","","","","","","","","","","","","","","","","","","","","","","","","","","","","","","","","","","","","","","","","","","","","","","60.97185898","63.94952393","57.8139801","60.70047379","59.80591202","60.11718369","57.39429474","59.55122757","60.83509064","62.46549606","61.17606354","71.10889435","69.33267212","","",
"Mongolia","MNG","Domestic general government health expenditure (% of current health expenditure)","SH.XPD.GHED.CH.ZS","","","","","","","","","","","","","","","","","","","","","","","","","","","","","","","","","","","","","","","","","75.89134979","71.44558716","70.48804474","69.39044952","65.10826111","61.63596344","66.44078064","70.71641541","70.62197876","69.54904938","65.3796463","59.44941711","60.78548813","55.87151337","57.14994431","56.92871475","55.98025894","52.07557678","46.20794296","47.15842438","55.06032181","58.41748047","35.24628448","44.95745087","","",
"Northern Mariana Islands","MNP","Domestic general government health expenditure (% of current health expenditure)","SH.XPD.GHED.CH.ZS","","","","","","","","","","","","","","","","","","","","","","","","","","","","","","","","","","","","","","","","","","","","","","","","","","","","","","","","","","","","","","","","","","",
"Mozambique","MOZ","Domestic general government health expenditure (% of current health expenditure)","SH.XPD.GHED.CH.ZS","","","","","","","","","","","","","","","","","","","","","","","","","","","","","","","","","","","","","","","","","50.6898613","46.83467865","36.9034462","36.15470123","31.78746223","33.83922195","28.95491028","30.85032272","29.19126129","25.23112679","23.49941826","25.5083828","24.03585434","24.79130363","27.48989487","27.03023148","23.88256073","22.25120735","22.38803291","23.10848618","31.67119217","26.41790009","27.74772072","26.45714378","","",
"Mauritania","MRT","Domestic general government health expenditure (% of current health expenditure)","SH.XPD.GHED.CH.ZS","","","","","","","","","","","","","","","","","","","","","","","","","","","","","","","","","","","","","","","","","13.90349865","15.26105499","21.81937218","19.14415169","19.07376862","24.08251953","25.02090454","26.55638123","29.46074867","28.25592041","27.74844933","30.30716324","33.88728333","37.75722885","36.1193161","38.62218857","37.63259888","36.00644684","31.5909462","35.61848068","33.44326782","39.60084915","36.52983856","34.15849304","","",
"Mauritius","MUS","Domestic general government health expenditure (% of current health expenditure)","SH.XPD.GHED.CH.ZS","","","","","","","","","","","","","","","","","","","","","","","","","","","","","","","","","","","","","","","","","53.52764893","53.78347397","52.89988327","52.44577026","54.3626976","48.18608093","44.88021851","41.81178284","35.28038025","37.88376999","44.14370346","41.1276741","44.44336319","41.80387115","45.07291031","41.67557907","44.11246109","44.20399475","44.29703903","43.97513962","48.1141777","50.75102997","43.20814133","44.32892609","","",
"Malawi","MWI","Domestic general government health expenditure (% of current health expenditure)","SH.XPD.GHED.CH.ZS","","","","","","","","","","","","","","","","","","","","","","","","","","","","","","","","","","","","","","","","","43.16402435","40.60341263","36.14543533","35.3936348","21.06389999","24.47987747","19.21144295","13.49691677","22.39311028","17.97539139","22.00963974","21.6523304","15.88224602","18.02148628","22.73353958","28.64990425","24.73157692","22.66757011","24.53699684","24.06981468","22.19541931","18.11316109","13.23682499","12.81832027","","",
"Malaysia","MYS","Domestic general government health expenditure (% of current health expenditure)","SH.XPD.GHED.CH.ZS","","","","","","","","","","","","","","","","","","","","","","","","","","","","","","","","","","","","","","","","","46.65708542","50.51286697","51.21377563","51.94099045","50.93671799","48.89989853","53.87238312","52.91726685","53.12097549","55.55441284","53.05662537","53.24521255","53.93135071","53.90561295","54.73529434","53.20423126","51.03430176","51.74508286","51.25687408","52.33452988","53.29985046","56.21326447","50.5895462","50.02873993","","",
"North America","NAC","Domestic general government health expenditure (% of current health expenditure)","SH.XPD.GHED.CH.ZS","","","","","","","","","","","","","","","","","","","","","","","","","","","","","","","","","","","","","","","","","45.6808651487168","46.5257292855194","46.3491631631382","46.2790292801128","46.7974458141481","46.9321010273088","47.633748746705","47.7480688907386","48.8821713080285","49.8734134265754","50.3508109367761","50.5951146999799","50.3352660118825","50.9501933051902","52.0174853816585","52.4325699226397","52.2209338014425","52.2303959146164","52.5472264803403","52.8624733811834","57.801850719916","56.4431442362604","56.0207844102605","54.7701578982063","","",
"Namibia","NAM","Domestic general government health expenditure (% of current health expenditure)","SH.XPD.GHED.CH.ZS","","","","","","","","","","","","","","","","","","","","","","","","","","","","","","","","","","","","","","","","","55.93955994","54.76859665","56.54034424","56.41642761","52.33807373","48.46566772","44.63063812","47.19188309","45.8026619","43.54033279","45.96377182","47.15034485","47.11606598","51.59753418","59.47442627","54.04222107","61.83322525","61.29664612","59.87144852","59.48091888","68.13513947","63.9325943","60.34287643","58.50912857","","",
"New Caledonia","NCL","Domestic general government health expenditure (% of current health expenditure)","SH.XPD.GHED.CH.ZS","","","","","","","","","","","","","","","","","","","","","","","","","","","","","","","","","","","","","","","","","","","","","","","","","","","","","","","","","","","","","","","","","","",
"Niger","NER","Domestic general government health expenditure (% of current health expenditure)","SH.XPD.GHED.CH.ZS","","","","","","","","","","","","","","","","","","","","","","","","","","","","","","","","","","","","","","","","","24.25454521","24.24101639","25.01191521","22.55856323","23.72384262","32.67007065","34.34486771","27.64998817","29.55328178","28.80542183","26.44500732","26.10781479","24.14341927","30.01208878","28.67515373","20.7880249","24.28881836","33.80760956","33.3120842","35.69034195","37.49778366","36.49679565","35.28834152","24.00525284","","",
"Nigeria","NGA","Domestic general government health expenditure (% of current health expenditure)","SH.XPD.GHED.CH.ZS","","","","","","","","","","","","","","","","","","","","","","","","","","","","","","","","","","","","","","","","","18.31479263","26.89140511","21.33314896","18.39930725","25.94121552","25.55648804","21.18177032","19.91349602","17.87425423","15.92125893","13.60430336","14.43568802","16.20215034","14.30348778","13.3177433","16.44574738","13.0209322","14.2133503","16.09827423","15.73634243","14.96697235","13.27266693","14.71478939","14.33912182","","",
"Nicaragua","NIC","Domestic general government health expenditure (% of current health expenditure)","SH.XPD.GHED.CH.ZS","","","","","","","","","","","","","","","","","","","","","","","","","","","","","","","","","","","","","","","","","49.00287628","44.83742142","42.93980026","42.03562164","37.53733826","40.2927475","45.02325439","45.32595444","44.5170784","49.61494827","46.10338593","47.3896904","50.06705093","50.64857101","52.12518311","56.08240509","57.7879715","58.32678604","60.91954041","61.56835938","61.83810425","63.3996315","57.59611511","57.42655945","","",
"Netherlands","NLD","Domestic general government health expenditure (% of current health expenditure)","SH.XPD.GHED.CH.ZS","","","","","","","","","","","","","","","","","","","","","","","","","","","","","","","","","","","","","","","","","68.9057312","69.50331116","69.83896637","70.04069519","68.4666748","68.29701233","65.99661255","65.87336731","67.56720734","68.05413055","68.41934967","68.37503052","68.46227264","69.00616455","67.83157349","66.05368042","66.05368042","64.32305145","65.72924042","65.99391174","68.93029785","69.14801788","67.72928619","68.36824799","","",
"Norway","NOR","Domestic general government health expenditure (% of current health expenditure)","SH.XPD.GHED.CH.ZS","","","","","","","","","","","","","","","","","","","","","","","","","","","","","","","","","","","","","","","","","81.68249512","82.80008698","82.8849411","83.16679382","83.0172348","83.05115509","83.34159851","83.70109558","84.13493347","84.43603516","84.68054962","84.42308044","84.75522614","85.02293396","85.28894043","85.51459503","85.37944794","85.1206665","85.70349884","85.71699524","85.96683502","85.90119171","85.6782074","86.10611725","","",
"Nepal","NPL","Domestic general government health expenditure (% of current health expenditure)","SH.XPD.GHED.CH.ZS","","","","","","","","","","","","","","","","","","","","","","","","","","","","","","","","","","","","","","","","","15.510355","15.32424831","20.12696648","17.12200737","15.9880228","19.06447411","23.90191078","18.46653366","18.62998962","20.41424179","18.12849426","17.89261246","17.51914024","16.34459686","17.2130394","16.63467979","18.57956314","22.56427383","23.56681824","24.80925369","30.05291367","31.93045998","31.95241928","31.30563164","","",
"Naoero","NRU","Domestic general government health expenditure (% of current health expenditure)","SH.XPD.GHED.CH.ZS","","","","","","","","","","","","","","","","","","","","","","","","","","","","","","","","","","","","","","","","","87.88237762","79.89173126","71.12905884","74.91121674","71.08334351","89.87303925","87.56684875","69.41305542","54.77898788","51.32403564","59.79455185","56.90003586","45.5038414","55.91991425","75.94509125","60.63063431","90.12328339","73.37230682","88.17636871","89.48764801","85.49394226","86.71341705","86.90709686","83.6470871","","",
"New Zealand","NZL","Domestic general government health expenditure (% of current health expenditure)","SH.XPD.GHED.CH.ZS","","","","","","","","","","","","","","","","","","","","","","","","","","","","","","","","","","","","","","","","","74.48747253","73.18119049","74.93328094","75.49771118","77.03676605","76.9478302","77.2213974","79.29507446","77.88816833","77.74506378","78.03401947","78.71206665","78.55409241","77.79145813","77.10297394","73.99864197","73.10440826","74.34125519","72.73352814","72.16235352","74.23471069","74.40124512","81.91218567","77.68591309","","",
"OECD members","OED","Domestic general government health expenditure (% of current health expenditure)","SH.XPD.GHED.CH.ZS","","","","","","","","","","","","","","","","","","","","","","","","","","","","","","","","","","","","","","","","","59.2589595162572","59.1119039462209","58.9224586862237","59.4264608908189","60.1564079661555","60.153663645687","60.1593909925393","60.5225796478893","61.6822946410429","62.2959395808388","62.4209326520059","63.2272877415517","62.6230228371597","62.446552816116","62.7429387607937","62.1005284922629","62.1641042735591","62.0690197883264","62.2813140093729","62.2988644922269","65.753967894299","65.4046416707618","64.2863168472737","62.5577621805188","","",
"Oman","OMN","Domestic general government health expenditure (% of current health expenditure)","SH.XPD.GHED.CH.ZS","","","","","","","","","","","","","","","","","","","","","","","","","","","","","","","","","","","","","","","","","81.7517395","82.02848816","83.46998596","82.8730011","81.91400909","82.34389496","80.68894958","81.14011383","78.83358002","81.29703522","82.71356201","81.82298279","82.73907471","87.54677582","89.93782043","90.21833801","89.86612701","89.19998169","86.43023682","87.54851532","89.12306213","88.57686615","85.58184052","85.34009552","","",
"Other small states","OSS","Domestic general government health expenditure (% of current health expenditure)","SH.XPD.GHED.CH.ZS","","","","","","","","","","","","","","","","","","","","","","","","","","","","","","","","","","","","","","","","","66.237276505256","65.1647667949769","66.0337503645673","65.722290386076","64.7999445706764","65.1506874746312","64.7165998763928","65.6492339933584","63.4168264078102","62.8281973240326","62.6239529016337","62.7914069160328","63.3671815743223","63.2390634125031","62.7559368419755","63.5077448418916","64.5611632304214","64.8277130555267","65.3280554413465","67.3288122625286","72.1804052580055","72.7361405195286","72.5074927284381","72.9143262785026","","",
"Pakistan","PAK","Domestic general government health expenditure (% of current health expenditure)","SH.XPD.GHED.CH.ZS","","","","","","","","","","","","","","","","","","","","","","","","","","","","","","","","","","","","","","","","","34.87243652","34.9044075","37.16574478","24.3276825","26.8621006","21.71752167","17.0002346","17.33283615","15.61449051","20.50619125","21.784832","20.42888832","27.7246418","26.22901154","24.29839897","27.52150345","27.28943253","32.75943756","33.0989418","33.12983322","35.21339035","37.17347717","38.15021515","35.71940231","","",
"Panama","PAN","Domestic general government health expenditure (% of current health expenditure)","SH.XPD.GHED.CH.ZS","","","","","","","","","","","","","","","","","","","","","","","","","","","","","","","","","","","","","","","","","64.54045868","63.43083954","62.68090057","62.00148392","63.27493668","59.34191132","62.07464981","66.02394104","67.00431061","66.5533371","64.42053986","61.9981842","60.0283432","62.52510834","61.2506485","60.76750946","61.06046295","61.60212708","58.00348282","56.74044037","54.25771332","55.55649948","52.60510635","51.21797943","","",
"Peru","PER","Domestic general government health expenditure (% of current health expenditure)","SH.XPD.GHED.CH.ZS","","","","","","","","","","","","","","","","","","","","","","","","","","","","","","","","","","","","","","","","","53.02311325","52.43683243","51.07707214","50.92121124","52.00289536","54.9895668","50.25803757","48.6721344","48.09112167","50.36184692","51.89738464","50.9587326","52.48008347","56.08006287","59.86446381","61.22719955","62.12892532","62.73590088","62.03504562","63.24930573","68.51417542","66.85507965","64.14378357","63.57583237","","",
"Philippines","PHL","Domestic general government health expenditure (% of current health expenditure)","SH.XPD.GHED.CH.ZS","","","","","","","","","","","","","","","","","","","","","","","","","","","","","","","","","","","","","","","","","44.39830017","40.60162354","37.04242325","36.21556473","35.72317123","33.09892654","32.09132767","31.31670761","30.13813972","30.64958763","31.90242386","26.38143921","26.28685188","26.21487999","34.11355209","37.6732254","37.26403046","37.43834305","38.85680771","40.60421753","45.19945526","44.70307541","45.0671196","42.39336395","","",
"Palau","PLW","Domestic general government health expenditure (% of current health expenditure)","SH.XPD.GHED.CH.ZS","","","","","","","","","","","","","","","","","","","","","","","","","","","","","","","","","","","","","","","","","53.12785721","50.80759811","49.1569252","48.77856064","45.41376114","40.24184418","41.602005","38.48397064","36.13521194","41.49195099","38.01047134","43.17053223","47.05464554","50.15936279","51.97119141","50.6335907","52.25631714","51.88550568","54.14365005","57.86076736","51.69872665","52.08986664","51.84830856","60.85806656","","",
"Papua New Guinea","PNG","Domestic general government health expenditure (% of current health expenditure)","SH.XPD.GHED.CH.ZS","","","","","","","","","","","","","","","","","","","","","","","","","","","","","","","","","","","","","","","","","84.29892731","72.48248291","63.56960297","58.09656906","65.54499054","65.86605072","67.14328003","67.50900269","70.90849304","66.83551788","61.69794846","65.26032257","68.32616425","66.21203613","61.77156067","75.75406647","71.99608612","75.41253662","70.2098465","58.32541275","68.72771454","50","58.51639175","73.25162506","","",
"Poland","POL","Domestic general government health expenditure (% of current health expenditure)","SH.XPD.GHED.CH.ZS","","","","","","","","","","","","","","","","","","","","","","","","","","","","","","","","","","","","","","","","","68.21466827","70.34227753","69.95567322","68.57601929","67.46142578","68.52230835","68.97801971","69.6861496","71.20513153","71.74530792","71.35003662","71.02577209","69.8283844","70.29511261","69.93572235","69.33325958","68.64382935","68.82284546","71.08643341","71.38498688","71.89422607","72.1026535","73.80671692","77.10754395","","",
"Pre-demographic dividend","PRE","Domestic general government health expenditure (% of current health expenditure)","SH.XPD.GHED.CH.ZS","","","","","","","","","","","","","","","","","","","","","","","","","","","","","","","","","","","","","","","","","22.2615364621049","27.2143132907407","24.525907540496","24.1769031071531","29.7206340864313","29.0047675533806","26.8992584105142","28.5211664742972","31.1177985126927","31.0837750824318","28.3677834735966","28.5387056009216","25.2766924189283","24.3647961419565","23.9858235335404","22.1676827978266","27.1398390744419","26.0392935225097","28.2883364676876","28.3468761672635","28.916162177813","28.2469371220248","28.0540387786448","28.6704461114363","","",
"Puerto Rico (US)","PRI","Domestic general government health expenditure (% of current health expenditure)","SH.XPD.GHED.CH.ZS","","","","","","","","","","","","","","","","","","","","","","","","","","","","","","","","","","","","","","","","","","","","","","","","","","","","","","","","","","","","","","","","","","",
"Korea, Dem. People's Rep.","PRK","Domestic general government health expenditure (% of current health expenditure)","SH.XPD.GHED.CH.ZS","","","","","","","","","","","","","","","","","","","","","","","","","","","","","","","","","","","","","","","","","","","","","","","","","","","","","","","","","","","","","","","","","","",
"Portugal","PRT","Domestic general government health expenditure (% of current health expenditure)","SH.XPD.GHED.CH.ZS","","","","","","","","","","","","","","","","","","","","","","","","","","","","","","","","","","","","","","","","","69.73743439","70.17098999","71.991539","70.60460663","70.5631485","70.90158081","63.43972778","62.71010971","62.50145721","63.80487061","66.51553345","64.50564575","61.27985764","62.28905106","61.74032974","61.66935349","61.57459641","61.1379509","61.15868759","60.77597809","64.22454834","62.4219017","62.32359314","61.43894577","","",
"Paraguay","PRY","Domestic general government health expenditure (% of current health expenditure)","SH.XPD.GHED.CH.ZS","","","","","","","","","","","","","","","","","","","","","","","","","","","","","","","","","","","","","","","","","38.62810516","34.72915649","30.839571","33.21828079","32.39444351","32.83646393","35.10884476","34.57382202","32.16811752","38.40326691","38.98971558","42.27583694","46.43540955","43.74411774","47.70785522","47.17183685","47.15675354","45.79688644","44.91922379","46.34746552","53.8502121","55.598526","52.80329514","55.41991043","","",
"West Bank and Gaza","PSE","Domestic general government health expenditure (% of current health expenditure)","SH.XPD.GHED.CH.ZS","","","","","","","","","","","","","","","","","","","","","","","","","","","","","","","","","","","","","","","","","28.76147079","24.81854248","28.4297924","32.19182968","31.68868637","36.03815079","31.13947296","35.78736496","34.88579559","33.98893738","36.14625931","28.96015167","28.73475838","30.87297249","31.77269745","33.59162903","29.56827927","34.98143005","29.51343346","39.86502075","37.50418472","40.89227676","40.34555054","41.43405914","","",
"Pacific island small states","PSS","Domestic general government health expenditure (% of current health expenditure)","SH.XPD.GHED.CH.ZS","","","","","","","","","","","","","","","","","","","","","","","","","","","","","","","","","","","","","","","","","71.3758014650185","68.3754381195987","63.5855823098413","66.245269607855","58.1959809596541","58.0565661575175","59.4081496247282","61.7897182970103","57.6052654781021","52.6828562763768","54.7959741295026","55.9793937164711","54.0992967211761","55.2846008022669","55.9533562435374","57.5377594767969","58.8000788293203","60.5449817217047","59.6764016543535","60.6330794523156","58.286466253918","52.5277271844431","63.2029655079466","63.8891865568631","","",
"Post-demographic dividend","PST","Domestic general government health expenditure (% of current health expenditure)","SH.XPD.GHED.CH.ZS","","","","","","","","","","","","","","","","","","","","","","","","","","","","","","","","","","","","","","","","","59.3340313538656","59.1681323096935","58.9553787612513","59.4810190276063","60.1921476278064","60.2415786770056","60.2225536743517","60.5686961274617","61.6510961667264","62.2123665811253","62.3130518597037","63.1153075974","62.5119750768434","62.3215856232449","62.6724460412914","62.0307741297166","62.0890889137424","61.9948798575824","62.215262424955","62.2329575319368","65.7203115098227","65.339004502328","64.2781801367802","62.4599732624984","","",
"French Polynesia","PYF","Domestic general government health expenditure (% of current health expenditure)","SH.XPD.GHED.CH.ZS","","","","","","","","","","","","","","","","","","","","","","","","","","","","","","","","","","","","","","","","","","","","","","","","","","","","","","","","","","","","","","","","","","",
"Qatar","QAT","Domestic general government health expenditure (% of current health expenditure)","SH.XPD.GHED.CH.ZS","","","","","","","","","","","","","","","","","","","","","","","","","","","","","","","","","","","","","","","","","59.51539612","63.04549408","62.91417694","75.02135468","74.98792267","74.91226959","74.8364563","74.76049805","74.68438721","71.01411438","70.99030304","73.54415894","79.14241791","84.17029572","86.74364471","87.8764267","85.80706787","84.43958282","84.66618347","85.47602081","86.67664337","85.02615356","82.19351959","83.0215683","","",
"Romania","ROU","Domestic general government health expenditure (% of current health expenditure)","SH.XPD.GHED.CH.ZS","","","","","","","","","","","","","","","","","","","","","","","","","","","","","","","","","","","","","","","","","79.25977325","79.7513504","80.39749146","83.06890869","73.8094101","79.77540588","79.29033661","81.45111084","81.09467316","78.66156769","79.89113617","74.97605133","76.86502838","78.95140839","78.88207245","77.94290924","78.18263245","78.58639526","79.69070435","80.13863373","80.07714844","75.64733124","77.66529846","75.86407471","","",
"Russian Federation","RUS","Domestic general government health expenditure (% of current health expenditure)","SH.XPD.GHED.CH.ZS","","","","","","","","","","","","","","","","","","","","","","","","","","","","","","","","","","","","","","","","","59.35673141","58.04123306","58.29951859","58.09910583","58.76708984","61.14411545","61.72977448","62.05422592","62.62738037","62.06686401","61.37906647","62.65058899","63.70746231","62.38064194","61.7865448","58.71852493","56.95004654","57.08874893","59.45658112","61.1519165","73.57527161","69.56104279","70.7603302","70.04312897","","",
"Rwanda","RWA","Domestic general government health expenditure (% of current health expenditure)","SH.XPD.GHED.CH.ZS","","","","","","","","","","","","","","","","","","","","","","","","","","","","","","","","","","","","","","","","","18.07324982","21.05078506","24.23161316","33.24933624","25.68474579","20.91047287","19.48763275","22.20989227","23.99348259","24.11780167","25.23202515","27.70176506","25.36256409","32.06259155","31.4009037","31.64703369","26.23595428","29.07775879","30.11151695","36.01250076","36.88010406","42.30331039","41.02936554","47.02923203","","",
"South Asia","SAS","Domestic general government health expenditure (% of current health expenditure)","SH.XPD.GHED.CH.ZS","","","","","","","","","","","","","","","","","","","","","","","","","","","","","","","","","","","","","","","","","22.3419610542703","20.1758757205777","19.7565648693614","20.1796740668616","19.4395426586767","21.3155909040546","21.7614256195285","21.9400440215927","23.473244502965","26.0271538449306","26.4508386751762","28.8665263231868","28.0170036452737","23.7053160882912","24.1768131816604","25.8760163577449","27.0673206615382","32.3954258889117","33.7109361307113","34.146427309542","35.2943109781418","38.7088104010474","38.4992223518232","37.3255631989754","","",
"Saudi Arabia","SAU","Domestic general government health expenditure (% of current health expenditure)","SH.XPD.GHED.CH.ZS","","","","","","","","","","","","","","","","","","","","","","","","","","","","","","","","","","","","","","","","","72.05238342","72.5404892","72.31415558","72.37438965","71.47950745","72.49501038","72.98228455","70.38717651","63.59476471","64.98739624","61.93257141","67.06874847","68.28318787","69.59436035","71.36855316","68.47387695","69.59158325","71.84702301","70.29850006","73.78594971","78.2905426","76.9837265","77.13733673","77.76662445","","",
"Sudan","SDN","Domestic general government health expenditure (% of current health expenditure)","SH.XPD.GHED.CH.ZS","","","","","","","","","","","","","","","","","","","","","","","","","","","","","","","","","","","","","","","","","33.82594299","33.33333206","34.20050812","32.46046829","37.85013962","39.070961","36.38067627","36.19216156","31.93631744","41.11616135","32.54711533","22.84302902","26.2535038","16.53942871","25.27283669","14.19444275","22.69012833","18.02452278","23.28133202","22.55283356","34.17627716","26.06090164","21.76585197","20.74396706","","",
"Senegal","SEN","Domestic general government health expenditure (% of current health expenditure)","SH.XPD.GHED.CH.ZS","","","","","","","","","","","","","","","","","","","","","","","","","","","","","","","","","","","","","","","","","35.28704834","38.45635605","33.89720917","35.94266891","35.61400986","43.40821457","46.75199127","38.61841202","39.55493164","36.61406708","28.84072113","31.05285454","28.5742054","26.69496155","24.60432434","24.62842751","25.09403038","24.27260017","25.24784088","23.52870941","33.42175674","27.03209496","26.87982178","27.57372856","","",
"Singapore","SGP","Domestic general government health expenditure (% of current health expenditure)","SH.XPD.GHED.CH.ZS","","","","","","","","","","","","","","","","","","","","","","","","","","","","","","","","","","","","","","","","","36.332901","27.88504791","31.32804871","37.07473373","32.46378708","32.98620605","33.92041016","33.49145508","37.30626678","34.92969131","35.92908478","37.16472244","39.34716415","41.7399025","45.03998947","47.07828522","47.38230133","48.36637115","50.12003708","51.83863831","59.91770172","60.8534317","60.11515045","58.46056747","","",
"Solomon Islands","SLB","Domestic general government health expenditure (% of current health expenditure)","SH.XPD.GHED.CH.ZS","","","","","","","","","","","","","","","","","","","","","","","","","","","","","","","","","","","","","","","","","92.01057434","91.14984131","56.74871445","73.98970032","63.26498032","70.95864868","65.55998993","69.04299164","57.29962158","46.96801376","63.1596756","57.06526947","60.3810463","60.5449791","60.4597702","68.913414","69.62559509","74.30667877","76.66639709","73.44326782","74.02816772","69.74744415","68.85449982","62.90795135","","",
"Sierra Leone","SLE","Domestic general government health expenditure (% of current health expenditure)","SH.XPD.GHED.CH.ZS","","","","","","","","","","","","","","","","","","","","","","","","","","","","","","","","","","","","","","","","","10.5874157","12.52323341","12.34443092","12.61056805","11.59654999","11.32313061","10.25626755","8.30856419","8.14180183","10.10137081","14.41973495","10.68683147","10.78726959","6.95602989","6.7925539","6.54666138","6.6034174","9.05301762","9.27250576","13.61179066","14.62678528","22.63207436","18.11058998","16.71863747","","",
"El Salvador","SLV","Domestic general government health expenditure (% of current health expenditure)","SH.XPD.GHED.CH.ZS","","","","","","","","","","","","","","","","","","","","","","","","","","","","","","","","","","","","","","","","","50.27327728","48.61013412","50.76636505","50.04221725","49.40224075","46.17370224","52.000103","48.41637802","48.12924194","46.45065308","49.10432816","54.06352234","51.75871658","52.61891556","54.51475143","54.90639496","55.62371826","54.41042709","54.59584427","53.52661896","64.75831604","63.39575195","62.33252716","60.54508972","","",
"San Marino","SMR","Domestic general government health expenditure (% of current health expenditure)","SH.XPD.GHED.CH.ZS","","","","","","","","","","","","","","","","","","","","","","","","","","","","","","","","","","","","","","","","","74.39484406","75.60094452","74.80620575","76.23789215","77.02443695","78.13009644","78.90351868","79.97353363","80.30082703","80.85256195","86.26647186","88.75460052","88.66449738","89.05861664","88.02320099","86.39781189","87.63438416","87.61370087","88.88764954","88.77916718","89.74449158","88.14421082","88.56434631","86.90821075","","",
"Somalia, Fed. Rep.","SOM","Domestic general government health expenditure (% of current health expenditure)","SH.XPD.GHED.CH.ZS","","","","","","","","","","","","","","","","","","","","","","","","","","","","","","","","","","","","","","","","","","","","","","","","","","","","","","4.06708956","3.49229646","3.36820459","4.68713045","5.57883167","5.54088736","6.23689413","9.33015728","12.6338501","10.95618725","14.16550159","","",
"Serbia","SRB","Domestic general government health expenditure (% of current health expenditure)","SH.XPD.GHED.CH.ZS","","","","","","","","","","","","","","","","","","","","","","","","","","","","","","","","","","","","","","","","","65.41431427","66.8332901","72.1732254","69.85958099","67.85735321","65.45954132","62.49607849","61.0190506","61.87797165","61.65007782","61.00416946","61.12112045","62.11659622","59.86000443","58.25764465","57.68479919","57.57844543","57.47877121","59.36805725","58.33224487","60.96116638","65.4201889","67.26334381","65.54528046","","",
"Sub-Saharan Africa (excluding high income)","SSA","Domestic general government health expenditure (% of current health expenditure)","SH.XPD.GHED.CH.ZS","","","","","","","","","","","","","","","","","","","","","","","","","","","","","","","","","","","","","","","","","31.977190708378","32.3428365992927","31.5215126244976","33.2365637733676","34.4665041535581","34.6711665664669","35.8576157178028","36.2132451461796","35.1464545909133","36.7493216529376","37.3286922287717","37.6226729695389","37.5595806021378","35.2753820906264","35.7643407140978","35.9980782160134","36.1419666984437","38.8739490863839","39.7958222916783","39.7582868055007","42.6198792540395","41.9388614280779","40.261430926024","39.9291875507863","","",
"South Sudan","SSD","Domestic general government health expenditure (% of current health expenditure)","SH.XPD.GHED.CH.ZS","","","","","","","","","","","","","","","","","","","","","","","","","","","","","","","","","","","","","","","","","","","","","","","","","","","","","","","","","","8.44199562","10.15416908","10.94831944","7.55221653","14.74540997","9.5185461","4.31647301","","",
"Sub-Saharan Africa","SSF","Domestic general government health expenditure (% of current health expenditure)","SH.XPD.GHED.CH.ZS","","","","","","","","","","","","","","","","","","","","","","","","","","","","","","","","","","","","","","","","","32.0439039696726","32.4135702935571","31.6028430438357","33.2955781923315","34.5159888554745","34.7153451182887","35.8962899289022","36.2436342167279","35.164608395607","36.7642295268599","37.3474915591328","37.6393282414677","37.5849784478613","35.3011125993029","35.7891974727435","36.0253399127166","36.172851573451","38.9046987380335","39.8254719766288","39.7875414702594","42.6513980569908","41.9614541679528","40.2851830073534","39.958936935428","","",
"Small states","SST","Domestic general government health expenditure (% of current health expenditure)","SH.XPD.GHED.CH.ZS","","","","","","","","","","","","","","","","","","","","","","","","","","","","","","","","","","","","","","","","","59.5377457943408","59.2513120182376","59.5487482432297","60.6128210871455","59.7535673364294","60.2862814479592","59.3563117127223","60.4592755819289","59.0743037061251","58.4116568396218","58.2358658676943","58.7251964085367","58.930435342664","59.2708804343208","58.8164005160536","59.6120240797136","60.7199392127779","61.6467696156171","61.6080931366319","63.0736129807937","67.3977193754479","67.5236923176991","67.4050880702328","67.9533904239644","","",
"Sao Tome and Principe","STP","Domestic general government health expenditure (% of current health expenditure)","SH.XPD.GHED.CH.ZS","","","","","","","","","","","","","","","","","","","","","","","","","","","","","","","","","","","","","","","","","37.69311142","38.46185303","39.75645065","52.81119919","48.38832474","48.60289383","7.73022127","23.75437355","20.48526192","27.65089035","36.48712921","40.67567444","32.59884262","33.51394653","35.33302307","31.43018913","40.31388092","46.02723694","44.3321991","40.73101044","40.54506683","42.87030411","40.03856277","36.96479034","","",
"Suriname","SUR","Domestic general government health expenditure (% of current health expenditure)","SH.XPD.GHED.CH.ZS","","","","","","","","","","","","","","","","","","","","","","","","","","","","","","","","","","","","","","","","","48.38562012","48.61003494","46.13042068","43.72706985","44.50475311","45.05426788","46.40096664","49.49171066","44.19250488","45.95678711","42.37413788","40.63019562","40.9983902","42.10774994","41.50100327","54.47964859","61.90745544","58.2266655","67.81251526","72.68489075","66.82447815","65.19638062","69.94896698","62.00385666","","",
"Slovak Republic","SVK","Domestic general government health expenditure (% of current health expenditure)","SH.XPD.GHED.CH.ZS","","","","","","","","","","","","","","","","","","","","","","","","","","","","","","","","","","","","","","","","","87.48220825","88.13977814","87.94211578","86.99961853","78.71553802","75.13739014","69.67163849","68.71968842","74.72305298","71.63835144","70.99603271","72.10746765","71.12427521","73.31342316","79.33296204","78.74036407","79.96457672","79.0446701","79.21431732","78.81660461","80.2713623","79.73459625","79.87896729","78.94538116","","",
"Slovenia","SVN","Domestic general government health expenditure (% of current health expenditure)","SH.XPD.GHED.CH.ZS","","","","","","","","","","","","","","","","","","","","","","","","","","","","","","","","","","","","","","","","","71.39096069","70.56112671","72.42923737","71.96819305","71.98925018","72.22161865","71.74246216","70.23893738","72.16070557","72.01541901","72.36493683","72.26573944","70.85123444","70.30366516","70.52433014","71.35445404","72.33666992","71.79818726","72.40888214","72.37037659","72.57459259","73.24479675","73.45202637","73.1528244","","",
"Sweden","SWE","Domestic general government health expenditure (% of current health expenditure)","SH.XPD.GHED.CH.ZS","","","","","","","","","","","","","","","","","","","","","","","","","","","","","","","","","","","","","","","","","85.53752136","81.83478546","82.29798889","82.90788269","82.44363403","82.06915283","82.14154816","82.22441101","82.34773254","82.34804535","82.35190582","84.51451111","84.23254395","84.02632904","84.00871277","83.80768585","84.08118439","84.54151154","84.48118591","84.87624359","86.05833435","85.7720108","85.86493683","86.0816803","","",
"Eswatini","SWZ","Domestic general government health expenditure (% of current health expenditure)","SH.XPD.GHED.CH.ZS","","","","","","","","","","","","","","","","","","","","","","","","","","","","","","","","","","","","","","","","","52.30070877","46.39696884","43.86367035","45.73135757","44.37629318","49.35586929","44.20730209","47.34028244","50.28171921","51.67996216","49.213871","42.63955688","43.64648819","44.58774567","37.75821304","41.75714874","41.72721863","50.74531937","46.43029022","52.47699356","49.82730865","49.28821182","44.77531433","42.73051453","","",
"Sint Maarten (Dutch part)","SXM","Domestic general government health expenditure (% of current health expenditure)","SH.XPD.GHED.CH.ZS","","","","","","","","","","","","","","","","","","","","","","","","","","","","","","","","","","","","","","","","","","","","","","","","","","","","","","","","","","","","","","","","","","",
"Seychelles","SYC","Domestic general government health expenditure (% of current health expenditure)","SH.XPD.GHED.CH.ZS","","","","","","","","","","","","","","","","","","","","","","","","","","","","","","","","","","","","","","","","","82.11167908","82.64809418","86.68162537","85.29311371","81.70999146","81.42430878","79.48935699","80.22377014","68.35558319","69.47577667","70.56751251","69.19358063","76.00039673","76.47386169","71.77159119","73.53218079","69.14846802","73.04444122","71.64505005","71.5357132","76.69721222","71.44548035","68.18779755","70.26874542","","",
"Syrian Arab Republic","SYR","Domestic general government health expenditure (% of current health expenditure)","SH.XPD.GHED.CH.ZS","","","","","","","","","","","","","","","","","","","","","","","","","","","","","","","","","","","","","","","","","35.39102173","41.26078796","45.24237442","47.76618958","47.4990387","50.1341362","46.73829269","47.12129974","45.93069839","44.51843262","43.11271667","42.94044495","42.84819031","48.20150375","46.89239502","47.89605713","47.12694931","48.89894104","47.82302856","49.73830795","40.64048004","31.23952866","24.37976265","14.93860626","","",
"Turks and Caicos Islands","TCA","Domestic general government health expenditure (% of current health expenditure)","SH.XPD.GHED.CH.ZS","","","","","","","","","","","","","","","","","","","","","","","","","","","","","","","","","","","","","","","","","","","","","","","","","","","","","","","","","","","","","","","","","","",
"Chad","TCD","Domestic general government health expenditure (% of current health expenditure)","SH.XPD.GHED.CH.ZS","","","","","","","","","","","","","","","","","","","","","","","","","","","","","","","","","","","","","","","","","38.03084564","34.86682892","28.84228134","31.53383446","34.87210083","29.53806877","20.45419693","23.54964256","19.59093285","20.85106277","20.98161697","21.09589958","24.55139542","28.24672318","28.53781509","21.26423645","17.37352562","14.97930717","14.23211384","15.17106056","12.67602348","18.54059792","22.26643753","25.24867439","","",
"East Asia & Pacific (IDA & IBRD countries)","TEA","Domestic general government health expenditure (% of current health expenditure)","SH.XPD.GHED.CH.ZS","","","","","","","","","","","","","","","","","","","","","","","","","","","","","","","","","","","","","","","","","26.6610713754081","27.2749105244252","29.6496036412925","32.140505673362","33.491246907463","34.8126523057168","37.377610666672","40.7735967398605","44.8884725165876","48.6770035129769","49.8193079005429","51.2352965581009","53.4654004955701","54.9720763373991","56.6958957089168","58.5097543697517","56.8264931508201","55.7067858822932","55.5956696035315","55.2392685535661","54.4913765715929","54.1352375315931","57.1170859958321","56.6592822719284","","",
"Europe & Central Asia (IDA & IBRD countries)","TEC","Domestic general government health expenditure (% of current health expenditure)","SH.XPD.GHED.CH.ZS","","","","","","","","","","","","","","","","","","","","","","","","","","","","","","","","","","","","","","","","","61.9338824807945","62.9751030480721","63.6417812834597","64.146794243915","63.5382959326042","64.293585572853","64.5639619328544","65.1212997840563","66.1257193082662","67.4112371267398","66.084782723469","65.6340877832843","65.6601621357462","64.8786020023865","64.8232754746718","63.5253542322056","63.1460233778045","62.5594507554331","63.7182651172667","64.298000898717","70.3469718379337","68.2215495942223","68.9772849656119","69.6209027182392","","",
"Togo","TGO","Domestic general government health expenditure (% of current health expenditure)","SH.XPD.GHED.CH.ZS","","","","","","","","","","","","","","","","","","","","","","","","","","","","","","","","","","","","","","","","","8.72661877","9.44253635","9.90344906","10.93865013","12.75706005","12.64623165","13.09746265","16.17987823","16.04459","17.3802681","25.92962646","23.51516342","25.1240921","20.06999588","20.35354614","14.79642868","14.81063557","16.14229012","16.74621964","15.077075","14.74263954","9.93372917","10.66107464","11.14169788","","",
"Thailand","THA","Domestic general government health expenditure (% of current health expenditure)","SH.XPD.GHED.CH.ZS","","","","","","","","","","","","","","","","","","","","","","","","","","","","","","","","","","","","","","","","","55.18834305","55.01472473","62.26510239","63.07395935","64.11597443","63.71009064","71.95246124","75.60999298","75.36881256","73.12874603","73.77249908","76.42584229","76.07963562","75.95276642","75.68395233","71.35247803","72.38878632","72.03818512","70.86565399","71.65908051","70.36411285","70.36208344","72.69755554","77.88262939","","",
"Tajikistan","TJK","Domestic general government health expenditure (% of current health expenditure)","SH.XPD.GHED.CH.ZS","","","","","","","","","","","","","","","","","","","","","","","","","","","","","","","","","","","","","","","","","20.75226974","19.13043404","18.19407082","16.36119843","18.6463623","18.97654533","18.60265732","19.44640541","23.16780281","18.5160656","20.58013916","22.27582359","26.88271523","29.09111595","31.16981316","29.60548019","28.57442474","29.00391769","27.04555511","27.31528473","24.19561386","23.17321777","23.4203434","25.61055756","","",
"Turkmenistan","TKM","Domestic general government health expenditure (% of current health expenditure)","SH.XPD.GHED.CH.ZS","","","","","","","","","","","","","","","","","","","","","","","","","","","","","","","","","","","","","","","","","46.64530563","34.58095551","34.62670135","31.81945801","22.89224815","21.14559174","18.36457825","26.2300148","16.02517891","24.25165367","24.05106735","25.97605133","26.72743416","28.53607368","26.96157074","23.94773293","18.57905197","21.96619606","17.82183838","18.15363503","18.37001038","17.1723938","14.87223053","17.13752747","","",
"Latin America & the Caribbean (IDA & IBRD countries)","TLA","Domestic general government health expenditure (% of current health expenditure)","SH.XPD.GHED.CH.ZS","","","","","","","","","","","","","","","","","","","","","","","","","","","","","","","","","","","","","","","","","46.4958309922391","45.9734584460362","44.9965342578469","44.8748548272495","44.9475914005568","44.3241756210529","45.3187876744572","45.8141413767271","47.2293035231855","48.8506287494563","49.8565120021351","50.3015540546015","50.5261479966188","51.7794725818572","51.4700541364501","52.3684676233702","51.7634899700806","50.9828454550346","49.936329418115","49.5710828238396","53.1769719324335","52.3512311409959","52.1344981398631","50.9348763017278","","",
"Timor-Leste","TLS","Domestic general government health expenditure (% of current health expenditure)","SH.XPD.GHED.CH.ZS","","","","","","","","","","","","","","","","","","","","","","","","","","","","","","","","","","","","","","","","","","","","45.85970306","39.22464371","40.22533798","39.9300499","17.11181068","48.78695679","44.40435791","50.81837845","51.97389603","59.33763123","52.10222244","54.27018738","57.43521118","49.64116287","65.98954773","61.74252701","57.67988586","55.2783699","63.44329834","71.77742767","77.70168304","","",
"Middle East, North Africa, Afghanistan & Pakistan (IDA & IBRD)","TMN","Domestic general government health expenditure (% of current health expenditure)","SH.XPD.GHED.CH.ZS","","","","","","","","","","","","","","","","","","","","","","","","","","","","","","","","","","","","","","","","","40.0375168376836","41.404859986194","41.6753655678374","40.7682565774565","40.7586489784116","39.9860589284797","41.2550321893471","41.9027594222441","43.1719718228633","43.0765135337249","40.6993088504046","41.4362812111167","40.5114160632679","42.2988576403476","45.0352398787622","43.8245430926374","46.4163929065651","46.3873560294436","42.9991735052189","42.1064638217581","43.1879925147053","42.7435333185552","41.5773905785011","44.1570900855577","","",
"Tonga","TON","Domestic general government health expenditure (% of current health expenditure)","SH.XPD.GHED.CH.ZS","","","","","","","","","","","","","","","","","","","","","","","","","","","","","","","","","","","","","","","","","79.31558228","71.43016815","72.21504974","70.52729797","54.48614502","59.5497551","52.09039307","67.18393707","47.8044548","76.56907654","59.33605957","57.9010582","34.24758911","66.59246826","55.47050476","57.76368332","57.15693283","51.69089127","52.25830841","52.17618179","53.71821594","46.44569397","48.26197815","46.25782394","","",
"South Asia (IDA & IBRD)","TSA","Domestic general government health expenditure (% of current health expenditure)","SH.XPD.GHED.CH.ZS","","","","","","","","","","","","","","","","","","","","","","","","","","","","","","","","","","","","","","","","","22.3419610542703","20.1758757205777","19.7565648693614","20.1796740668616","19.4395426586767","21.3155909040546","21.7614256195285","21.9400440215927","23.473244502965","26.0271538449306","26.4508386751762","28.8665263231868","28.0170036452737","23.7053160882912","24.1768131816604","25.8760163577449","27.0673206615382","32.3954258889117","33.7109361307113","34.146427309542","35.2943109781418","38.7088104010474","38.4992223518232","37.3255631989754","","",
"Sub-Saharan Africa (IDA & IBRD countries)","TSS","Domestic general government health expenditure (% of current health expenditure)","SH.XPD.GHED.CH.ZS","","","","","","","","","","","","","","","","","","","","","","","","","","","","","","","","","","","","","","","","","32.0439039696726","32.4135702935571","31.6028430438357","33.2955781923315","34.5159888554745","34.7153451182887","35.8962899289022","36.2436342167279","35.164608395607","36.7642295268599","37.3474915591328","37.6393282414677","37.5849784478613","35.3011125993029","35.7891974727435","36.0253399127166","36.172851573451","38.9046987380335","39.8254719766288","39.7875414702594","42.6513980569908","41.9614541679528","40.2851830073534","39.958936935428","","",
"Trinidad and Tobago","TTO","Domestic general government health expenditure (% of current health expenditure)","SH.XPD.GHED.CH.ZS","","","","","","","","","","","","","","","","","","","","","","","","","","","","","","","","","","","","","","","","","37.00175476","43.19249344","41.62577438","45.47566605","43.1184845","48.39988327","44.87060547","46.1815033","47.78621292","47.59867859","48.16002274","49.87123108","48.80482864","51.51268768","50.27154541","51.4764328","50.11699295","52.29129028","48.43599319","45.97862244","46.08156967","46.65592957","45.46346283","48.38174057","","",
"Tunisia","TUN","Domestic general government health expenditure (% of current health expenditure)","SH.XPD.GHED.CH.ZS","","","","","","","","","","","","","","","","","","","","","","","","","","","","","","","","","","","","","","","","","52.6692276","52.18519592","51.7647171","51.411026","51.12685013","50.8209343","52.26226425","53.38171768","54.27530289","55.0338707","55.75389099","56.41347122","56.96455765","59.0912056","58.13360596","53.79585648","54.51217651","53.68983078","52.09613037","59.20934677","61.1117897","56.01768494","52.65161133","54.08564377","","",
"Turkiye","TUR","Domestic general government health expenditure (% of current health expenditure)","SH.XPD.GHED.CH.ZS","","","","","","","","","","","","","","","","","","","","","","","","","","","","","","","","","","","","","","","","","61.67596436","67.25136566","69.9743576","71.20713043","71.70464325","67.74803925","68.85150146","68.78373718","72.69304657","80.49878693","77.99839783","79.12835693","79.17140961","78.34962463","77.60512543","78.13336182","78.44212341","77.71027374","77.38227081","77.68532562","78.84537506","78.80183411","75.15867615","75.92346191","","",
"Tuvalu","TUV","Domestic general government health expenditure (% of current health expenditure)","SH.XPD.GHED.CH.ZS","","","","","","","","","","","","","","","","","","","","","","","","","","","","","","","","","","","","","","","","","99.87667084","94.64600372","92.86857605","90.80140686","94.89930725","95.81416321","81.19152069","90.32975769","90.2571106","77.09048462","81.36870575","80.66776276","85.32546234","71.63793945","83.16120911","75.45120239","83.56433868","78.39130402","84.23830414","77.25670624","83.69886017","53.28163147","77.3429184","72.80529022","","",
"Tanzania","TZA","Domestic general government health expenditure (% of current health expenditure)","SH.XPD.GHED.CH.ZS","","","","","","","","","","","","","","","","","","","","","","","","","","","","","","","","","","","","","","","","","21.83891106","25.71310616","28.40931129","27.92020607","34.27978897","36.55279922","31.32273102","28.19549561","40.63019562","29.327034","27.75649071","25.45134735","23.43128014","25.50709915","29.87491035","34.44834518","40.6240921","38.69478226","37.58666992","40.54405212","28.24632072","27.23568726","31.31947899","31.67225456","","",
"Uganda","UGA","Domestic general government health expenditure (% of current health expenditure)","SH.XPD.GHED.CH.ZS","","","","","","","","","","","","","","","","","","","","","","","","","","","","","","","","","","","","","","","","","24.96060944","26.72364807","30.7310257","34.26340485","29.08561325","17.78688622","15.17296886","16.86806297","17.20915985","14.28393459","16.11455917","13.56997776","15.1402874","16.84941292","17.81628418","15.15355301","15.6786232","15.97236347","16.77466774","15.11674786","22.73633385","20.95950127","22.09959221","21.79863739","","",
"Ukraine","UKR","Domestic general government health expenditure (% of current health expenditure)","SH.XPD.GHED.CH.ZS","","","","","","","","","","","","","","","","","","","","","","","","","","","","","","","","","","","","","","","","","47.32231903","48.90678024","51.24788284","55.74951935","55.19610596","58.71865082","60.42613602","59.20172119","58.06835556","58.24970627","54.1032753","50.23309326","52.56739807","48.11698914","48.03525543","47.38779449","48.27387619","47.27104568","46.55949783","44.79043961","49.28601456","52.12297821","","","","",
"Upper middle income","UMC","Domestic general government health expenditure (% of current health expenditure)","SH.XPD.GHED.CH.ZS","","","","","","","","","","","","","","","","","","","","","","","","","","","","","","","","","","","","","","","","","41.6733721871306","41.4210927128277","41.4937187171715","42.7086188996344","43.3507727136683","43.6720125218713","45.5354990594107","47.110286762115","49.1699058605936","51.3001788434079","51.5056219146008","52.1029770040969","53.030385079183","54.4059029806237","55.612985214881","57.0031381615446","56.1094774436595","54.9298972687456","54.5181364754852","54.2564267308524","55.2063049109143","54.4129401816771","56.0500898890349","55.5320524588638","","",
"Uruguay","URY","Domestic general government health expenditure (% of current health expenditure)","SH.XPD.GHED.CH.ZS","","","","","","","","","","","","","","","","","","","","","","","","","","","","","","","","","","","","","","","","","41.5463028","44.90390778","47.93470764","52.36624527","52.31037521","45.17630768","47.68718719","48.53245926","56.31472397","59.33254623","60.00210953","61.49155045","64.22066498","66.44005585","68.12014008","68.40409851","69.52642059","69.29585266","69.11999512","66.60055542","71.58508301","73.42716217","70.66775513","72.35817719","","",
"United States","USA","Domestic general government health expenditure (% of current health expenditure)","SH.XPD.GHED.CH.ZS","","","","","","","","","","","","","","","","","","","","","","","","","","","","","","","","","","","","","","","","","44.377491","45.32390976","45.2008667","44.97462082","45.42254257","45.47619629","46.30744171","46.34019089","47.49167633","48.59147644","48.96047211","49.13611603","48.84740448","49.51837158","50.79076767","51.40190506","51.26996994","51.26831436","51.60387802","51.96105957","56.92621231","55.45219421","55.1751709","53.95373535","","",
"Uzbekistan","UZB","Domestic general government health expenditure (% of current health expenditure)","SH.XPD.GHED.CH.ZS","","","","","","","","","","","","","","","","","","","","","","","","","","","","","","","","","","","","","","","","","39.09733963","38.84144974","37.60974884","36.53923798","37.28559875","37.96368027","40.57534027","39.57130051","40.72805023","41.63732529","40.05787659","39.69395065","42.10529709","41.9860878","52.20277786","49.78010941","43.59277344","41.49798203","38.16909409","41.58654022","46.15740204","39.1982193","33.76481628","35.36053848","","",
"St. Vincent and the Grenadines","VCT","Domestic general government health expenditure (% of current health expenditure)","SH.XPD.GHED.CH.ZS","","","","","","","","","","","","","","","","","","","","","","","","","","","","","","","","","","","","","","","","","69.88700104","68.41692352","68.58496094","66.40290833","63.84764481","62.75797272","59.48319626","55.8681488","59.46895981","61.08785629","59.227108","56.6443634","62.02176666","63.07372665","60.64696503","61.38366318","63.1363678","63.62914658","65.82598114","67.42266846","67.3024826","67.71557617","69.15919495","69.08777618","","",
"Venezuela, RB","VEN","Domestic general government health expenditure (% of current health expenditure)","SH.XPD.GHED.CH.ZS","","","","","","","","","","","","","","","","","","","","","","","","","","","","","","","","","","","","","","","","","","","","","","","","","","","","","","","","","","","51.53811264","37.1403389","37.28844833","33.52462387","45.38235855","31.73043251","","",
"British Virgin Islands","VGB","Domestic general government health expenditure (% of current health expenditure)","SH.XPD.GHED.CH.ZS","","","","","","","","","","","","","","","","","","","","","","","","","","","","","","","","","","","","","","","","","","","","","","","","","","","","","","","","","","","","","","","","","","",
"Virgin Islands (U.S.)","VIR","Domestic general government health expenditure (% of current health expenditure)","SH.XPD.GHED.CH.ZS","","","","","","","","","","","","","","","","","","","","","","","","","","","","","","","","","","","","","","","","","","","","","","","","","","","","","","","","","","","","","","","","","","",
"Viet Nam","VNM","Domestic general government health expenditure (% of current health expenditure)","SH.XPD.GHED.CH.ZS","","","","","","","","","","","","","","","","","","","","","","","","","","","","","","","","","","","","","","","","","41.06440353","32.78746033","43.97586823","40.31432724","41.32279587","41.40763474","39.39339447","38.22848892","39.81760406","38.16083908","40.25131989","38.85466385","44.64095306","45.23662567","44.25667953","43.58078766","43.80716324","43.54589462","41.62820816","40.6199913","41.33344269","43.19807816","43.42373276","44.30301285","","",
"Vanuatu","VUT","Domestic general government health expenditure (% of current health expenditure)","SH.XPD.GHED.CH.ZS","","","","","","","","","","","","","","","","","","","","","","","","","","","","","","","","","","","","","","","","","74.67657471","74.27940369","67.19437408","70.99656677","65.66696167","64.79663086","64.58204651","71.53284454","72.43214417","61.5945549","55.01745224","65.63130188","58.41584015","51.12734222","16.13021278","48.56230164","43.13802338","51.06322098","62.2148819","54.46388626","62.41287613","26.86016083","39.93941879","56.58071136","","",
"World","WLD","Domestic general government health expenditure (% of current health expenditure)","SH.XPD.GHED.CH.ZS","","","","","","","","","","","","","","","","","","","","","","","","","","","","","","","","","","","","","","","","","57.4334246232985","57.3523877061932","57.3077343577081","57.8522257569786","58.4474573499979","58.3744492976663","58.3815233896224","58.6880677647409","59.7161491559619","60.3768849817883","60.2565269249204","60.908816862665","60.4730209670063","60.3392257094785","60.7814081779985","60.40129663339","60.3770150738247","60.178563329051","60.3460220740399","60.3447348897523","63.5898331121025","63.055924874456","62.3569989958443","60.9400775511878","","",
"Samoa","WSM","Domestic general government health expenditure (% of current health expenditure)","SH.XPD.GHED.CH.ZS","","","","","","","","","","","","","","","","","","","","","","","","","","","","","","","","","","","","","","","","","83.6565094","81.70815277","76.05282593","67.51974487","66.7490921","68.5847168","70.46975708","69.10444641","76.50863647","77.69191742","75.41436768","68.11889648","78.45153809","64.80596924","76.67655182","69.914711","67.56536102","76.00930786","77.40837097","76.55202484","72.95055389","70.59082031","69.92170715","69.23589325","","",
"Kosovo","XKX","Domestic general government health expenditure (% of current health expenditure)","SH.XPD.GHED.CH.ZS","","","","","","","","","","","","","","","","","","","","","","","","","","","","","","","","","","","","","","","","","","","","","","","","","","","","","","","","","","","","","","","","","","",
"Yemen, Rep.","YEM","Domestic general government health expenditure (% of current health expenditure)","SH.XPD.GHED.CH.ZS","","","","","","","","","","","","","","","","","","","","","","","","","","","","","","","","","","","","","","","","","50.83430862","50.10915756","48.23685074","41.75507736","35.41623306","31.79182625","29.40259361","26.86841393","27.81732178","21.86180878","22.5256176","22.89780807","23.8901062","19.74684525","13.42100811","6.67231369","7.00993538","3.77876925","8.4618082","8.30503654","7.37977695","7.50885725","10.41638088","8.44428062","","",
"South Africa","ZAF","Domestic general government health expenditure (% of current health expenditure)","SH.XPD.GHED.CH.ZS","","","","","","","","","","","","","","","","","","","","","","","","","","","","","","","","","","","","","","","","","36.59454346","33.73316193","34.52814102","39.63604355","39.36867523","40.00241852","46.9732132","47.79261017","47.35287857","49.73912811","51.32851791","51.8671875","51.72668076","51.15374756","55.56298065","57.07562637","56.59904099","57.23299026","57.04347992","58.20708084","64.78907776","63.41923904","61.55566025","61.61361313","","",
"Zambia","ZMB","Domestic general government health expenditure (% of current health expenditure)","SH.XPD.GHED.CH.ZS","","","","","","","","","","","","","","","","","","","","","","","","","","","","","","","","","","","","","","","","","35.77278137","40.28491211","32.23574066","24.24751854","24.06642342","19.63957977","23.82091522","32.62834549","35.27698517","31.91394424","37.72855377","39.74438477","38.12258911","28.63796806","49.45684052","47.19329453","38.35799026","52.50148773","43.77412415","33.44005203","56.98109055","42.51919937","48.11394882","40.71538925","","",
"Zimbabwe","ZWE","Domestic general government health expenditure (% of current health expenditure)","SH.XPD.GHED.CH.ZS","","","","","","","","","","","","","","","","","","","","","","","","","","","","","","","","","","","","","","","","","","","","","","","","","","","26.28292847","26.22769737","28.89102173","28.38295746","33.5840416","20.81796074","18.90559006","25.11919403","34.13588333","14.2652998","22.09209633","32.9379158","29.99233055","32.35212708","","",
