"Data Source","World Development Indicators",

"Last Updated Date","2026-07-13",

"Country Name","Country Code","Indicator Name","Indicator Code","1960","1961","1962","1963","1964","1965","1966","1967","1968","1969","1970","1971","1972","1973","1974","1975","1976","1977","1978","1979","1980","1981","1982","1983","1984","1985","1986","1987","1988","1989","1990","1991","1992","1993","1994","1995","1996","1997","1998","1999","2000","2001","2002","2003","2004","2005","2006","2007","2008","2009","2010","2011","2012","2013","2014","2015","2016","2017","2018","2019","2020","2021","2022","2023","2024","2025",
"Aruba","ABW","Mortality from CVD, cancer, diabetes or CRD between exact ages 30 and 70 (%)","SH.DYN.NCOM.ZS","","","","","","","","","","","","","","","","","","","","","","","","","","","","","","","","","","","","","","","","","","","","","","","","","","","","","","","","","","","","","","","","","","",
"Africa Eastern and Southern","AFE","Mortality from CVD, cancer, diabetes or CRD between exact ages 30 and 70 (%)","SH.DYN.NCOM.ZS","","","","","","","","","","","","","","","","","","","","","","","","","","","","","","","","","","","","","","","","","24.8597588745123","24.4469943002537","24.3855197692332","24.3472969748242","24.175574538923","23.754091937822","23.7074134782469","23.5405328557643","23.4713386640475","23.233973172667","23.302758178897","22.9897797209735","22.5791631456209","22.4387537758658","22.4107105058646","22.4905527837396","22.4201125188432","22.300512624368","22.3811164645277","22.1814939357203","22.541459201984","21.9502793265639","","","","",
"Afghanistan","AFG","Mortality from CVD, cancer, diabetes or CRD between exact ages 30 and 70 (%)","SH.DYN.NCOM.ZS","","","","","","","","","","","","","","","","","","","","","","","","","","","","","","","","","","","","","","","","","43.2","43.5","43.1","42.5","42.3","41.9","41.1","40.5","39.6","38.3","37.6","37.2","36.5","36","35.4","35","34.9","35","34.6","34.4","34.8","32.7","","","","",
"Africa Western and Central","AFW","Mortality from CVD, cancer, diabetes or CRD between exact ages 30 and 70 (%)","SH.DYN.NCOM.ZS","","","","","","","","","","","","","","","","","","","","","","","","","","","","","","","","","","","","","","","","","23.0260046221508","23.1958226162636","22.9586490878201","22.6868005123768","22.4647465059645","22.1032252127887","21.9549256597222","21.8532985888353","21.7819262814671","21.8866168176865","21.7539832962711","21.7073415090015","21.6329106865746","21.500695519764","21.3073698504961","21.1262132039568","20.9611801381161","20.7385383936104","20.6287902100429","20.5131980677984","20.9459482424293","20.3984316738258","","","","",
"Angola","AGO","Mortality from CVD, cancer, diabetes or CRD between exact ages 30 and 70 (%)","SH.DYN.NCOM.ZS","","","","","","","","","","","","","","","","","","","","","","","","","","","","","","","","","","","","","","","","","30.5","29.7","29.4","29.3","29","27.8","27.9","26.6","26","25.6","24.8","24.7","24.3","24.2","23.1","23.2","23","22.9","24","24.6","25.3","24.7","","","","",
"Albania","ALB","Mortality from CVD, cancer, diabetes or CRD between exact ages 30 and 70 (%)","SH.DYN.NCOM.ZS","","","","","","","","","","","","","","","","","","","","","","","","","","","","","","","","","","","","","","","","","18","15","15.8","16.6","16.1","19.4","20.5","20.4","20","19.5","18.9","18.7","14","13.5","13.2","13.3","12.5","12","11.6","11.3","10.4","10","","","","",
"Andorra","AND","Mortality from CVD, cancer, diabetes or CRD between exact ages 30 and 70 (%)","SH.DYN.NCOM.ZS","","","","","","","","","","","","","","","","","","","","","","","","","","","","","","","","","","","","","","","","","","","","","","","","","","","","","","","","","","","","","","","","","","",
"Arab World","ARB","Mortality from CVD, cancer, diabetes or CRD between exact ages 30 and 70 (%)","SH.DYN.NCOM.ZS","","","","","","","","","","","","","","","","","","","","","","","","","","","","","","","","","","","","","","","","","24.8239875596701","24.8413592210918","24.7089972754492","24.6065584634736","24.3300760659618","23.9974908243367","23.784598699187","23.4564421214995","23.2724663160732","23.0272568311244","22.6956322592647","22.24092133369","22.0938235200213","21.5105749049956","21.4449220007484","21.6262996727592","21.1895885249652","20.8641443540089","20.9843329248905","20.8891406176307","20.6099712003165","20.1364438303813","","","","",
"United Arab Emirates","ARE","Mortality from CVD, cancer, diabetes or CRD between exact ages 30 and 70 (%)","SH.DYN.NCOM.ZS","","","","","","","","","","","","","","","","","","","","","","","","","","","","","","","","","","","","","","","","","11.6","11.2","11.5","10.7","10.4","9.8","9.3","8.5","7.7","7.6","8","8.3","8.3","8.3","8.4","8.4","8.4","8.6","8.7","8.7","9.6","11.6","","","","",
"Argentina","ARG","Mortality from CVD, cancer, diabetes or CRD between exact ages 30 and 70 (%)","SH.DYN.NCOM.ZS","","","","","","","","","","","","","","","","","","","","","","","","","","","","","","","","","","","","","","","","","20","19.7","19.8","19.5","18.8","18.3","17.8","18.2","17.4","17.3","17.3","17.1","16.9","16.6","16","16.2","16.5","15.9","15.7","15.6","14.7","13.4","","","","",
"Armenia","ARM","Mortality from CVD, cancer, diabetes or CRD between exact ages 30 and 70 (%)","SH.DYN.NCOM.ZS","","","","","","","","","","","","","","","","","","","","","","","","","","","","","","","","","","","","","","","","","27.5","27.3","27.3","27.1","26.8","26.5","26.5","25.6","26.2","25.7","24.8","23.7","23.7","22.7","22.3","22.2","21.6","21.3","20.1","20.2","21.3","20.6","","","","",
"American Samoa","ASM","Mortality from CVD, cancer, diabetes or CRD between exact ages 30 and 70 (%)","SH.DYN.NCOM.ZS","","","","","","","","","","","","","","","","","","","","","","","","","","","","","","","","","","","","","","","","","","","","","","","","","","","","","","","","","","","","","","","","","","",
"Antigua and Barbuda","ATG","Mortality from CVD, cancer, diabetes or CRD between exact ages 30 and 70 (%)","SH.DYN.NCOM.ZS","","","","","","","","","","","","","","","","","","","","","","","","","","","","","","","","","","","","","","","","","19","18.2","19","18.5","18.2","17.3","17.4","19.8","19.3","17.8","17","16.3","16.6","17.1","17.9","18.2","18.1","17.7","17.9","18.5","15","12.1","","","","",
"Australia","AUS","Mortality from CVD, cancer, diabetes or CRD between exact ages 30 and 70 (%)","SH.DYN.NCOM.ZS","","","","","","","","","","","","","","","","","","","","","","","","","","","","","","","","","","","","","","","","","13","12.6","12.3","11.8","11.5","11.4","10.9","10.7","10.5","10.1","9.9","9.8","9.4","9.4","9.3","9.3","9","8.7","8.7","9","8.3","8.3","","","","",
"Austria","AUT","Mortality from CVD, cancer, diabetes or CRD between exact ages 30 and 70 (%)","SH.DYN.NCOM.ZS","","","","","","","","","","","","","","","","","","","","","","","","","","","","","","","","","","","","","","","","","15.3","14.7","13.9","13.7","13.2","12.8","12.5","12.3","12.1","12.4","12.4","12.2","12","11.8","11.7","11.6","11.2","10.8","10.9","10.3","10.1","9.9","","","","",
"Azerbaijan","AZE","Mortality from CVD, cancer, diabetes or CRD between exact ages 30 and 70 (%)","SH.DYN.NCOM.ZS","","","","","","","","","","","","","","","","","","","","","","","","","","","","","","","","","","","","","","","","","34.5","32.7","32.2","32.9","31.9","32.7","32.6","29","30.4","28.7","27.5","26.2","25.2","23.6","22.7","21.3","21.1","20.9","19.9","19.3","21.6","17.4","","","","",
"Burundi","BDI","Mortality from CVD, cancer, diabetes or CRD between exact ages 30 and 70 (%)","SH.DYN.NCOM.ZS","","","","","","","","","","","","","","","","","","","","","","","","","","","","","","","","","","","","","","","","","34.1","32.7","31.4","30.4","29.7","28.4","27.3","26.1","25.3","25.1","25","24.7","24.6","24.5","24.5","24.1","24.1","24.1","23.9","23.9","24.1","24.8","","","","",
"Belgium","BEL","Mortality from CVD, cancer, diabetes or CRD between exact ages 30 and 70 (%)","SH.DYN.NCOM.ZS","","","","","","","","","","","","","","","","","","","","","","","","","","","","","","","","","","","","","","","","","15.4","15.1","15","14.5","13.7","13.7","13.4","13.1","13.2","12.9","13","12.6","12.2","11.9","11.5","11.5","11.1","10.6","10.4","10","9.1","9.2","","","","",
"Benin","BEN","Mortality from CVD, cancer, diabetes or CRD between exact ages 30 and 70 (%)","SH.DYN.NCOM.ZS","","","","","","","","","","","","","","","","","","","","","","","","","","","","","","","","","","","","","","","","","23.2","23","22.8","22.4","22.2","22.1","22","22.1","22.1","22.2","22.4","22.5","22.7","22.4","22.3","22.5","22.2","21.9","21.6","21.3","21.8","20.8","","","","",
"Burkina Faso","BFA","Mortality from CVD, cancer, diabetes or CRD between exact ages 30 and 70 (%)","SH.DYN.NCOM.ZS","","","","","","","","","","","","","","","","","","","","","","","","","","","","","","","","","","","","","","","","","26","26","25.9","25.6","25.4","25.2","25.3","25.2","25.2","25.3","25.3","25.4","25.5","25.4","25.3","25.3","25.2","24.9","24.5","24.1","24.2","23.4","","","","",
"Bangladesh","BGD","Mortality from CVD, cancer, diabetes or CRD between exact ages 30 and 70 (%)","SH.DYN.NCOM.ZS","","","","","","","","","","","","","","","","","","","","","","","","","","","","","","","","","","","","","","","","","24.7","24.1","24","23.7","23.2","23.4","23.9","23.8","23.2","22.6","22","20.8","20.1","19.7","19.3","19.1","19.1","19.3","19.3","19.2","18.9","18.1","","","","",
"Bulgaria","BGR","Mortality from CVD, cancer, diabetes or CRD between exact ages 30 and 70 (%)","SH.DYN.NCOM.ZS","","","","","","","","","","","","","","","","","","","","","","","","","","","","","","","","","","","","","","","","","28.5","28.1","27.9","27.9","27.6","27.6","27.5","26.6","25.7","25.8","25.6","25.1","24.3","23.9","24.7","24.3","24.4","24.4","24.3","24","25.1","25.6","","","","",
"Bahrain","BHR","Mortality from CVD, cancer, diabetes or CRD between exact ages 30 and 70 (%)","SH.DYN.NCOM.ZS","","","","","","","","","","","","","","","","","","","","","","","","","","","","","","","","","","","","","","","","","29.8","28.9","27.8","27.5","26.3","24.8","23.2","22","20.9","19.9","19.5","18.9","18","16.6","14.9","14.3","14.5","14.5","14.4","14.5","15.1","14.8","","","","",
"Bahamas, The","BHS","Mortality from CVD, cancer, diabetes or CRD between exact ages 30 and 70 (%)","SH.DYN.NCOM.ZS","","","","","","","","","","","","","","","","","","","","","","","","","","","","","","","","","","","","","","","","","22.8","22.8","22.1","22.2","22.5","21.3","21.6","21.2","21.4","21.6","21.9","21.3","20.8","20.3","21","20.2","20.5","20.4","20.3","20.3","20","20.4","","","","",
"Bosnia and Herzegovina","BIH","Mortality from CVD, cancer, diabetes or CRD between exact ages 30 and 70 (%)","SH.DYN.NCOM.ZS","","","","","","","","","","","","","","","","","","","","","","","","","","","","","","","","","","","","","","","","","21.7","21.4","21.2","20.9","20.7","21.2","20.8","21.8","20.6","20.4","19.8","19.6","18.9","18.9","18.7","19","18.9","18.8","18.7","19.2","17.9","17.2","","","","",
"Belarus","BLR","Mortality from CVD, cancer, diabetes or CRD between exact ages 30 and 70 (%)","SH.DYN.NCOM.ZS","","","","","","","","","","","","","","","","","","","","","","","","","","","","","","","","","","","","","","","","","33.7","35.1","36.1","35.1","34.2","34.6","33.2","31.4","31.5","31.2","31.2","31","27.9","27.1","26.4","25.3","25.3","24.9","25.1","24.4","24.6","23.8","","","","",
"Belize","BLZ","Mortality from CVD, cancer, diabetes or CRD between exact ages 30 and 70 (%)","SH.DYN.NCOM.ZS","","","","","","","","","","","","","","","","","","","","","","","","","","","","","","","","","","","","","","","","","24.2","21.2","20.1","19.6","19.7","18.9","18.9","18.1","16.8","17.8","17.6","17.2","16.9","16.9","16.9","16.9","16.6","16.7","16.6","16.1","16.4","15.4","","","","",
"Bermuda","BMU","Mortality from CVD, cancer, diabetes or CRD between exact ages 30 and 70 (%)","SH.DYN.NCOM.ZS","","","","","","","","","","","","","","","","","","","","","","","","","","","","","","","","","","","","","","","","","","","","","","","","","","","","","","","","","","","","","","","","","","",
"Bolivia","BOL","Mortality from CVD, cancer, diabetes or CRD between exact ages 30 and 70 (%)","SH.DYN.NCOM.ZS","","","","","","","","","","","","","","","","","","","","","","","","","","","","","","","","","","","","","","","","","20.6","20","19.7","19.3","18.8","18.6","18.2","18.2","18.1","18","17.8","17.7","17.5","17.3","17.2","17.1","17","16.9","16.7","16.6","19.8","19.9","","","","",
"Brazil","BRA","Mortality from CVD, cancer, diabetes or CRD between exact ages 30 and 70 (%)","SH.DYN.NCOM.ZS","","","","","","","","","","","","","","","","","","","","","","","","","","","","","","","","","","","","","","","","","20.8","20.4","19.9","19.7","19.6","18.7","18.4","18.1","18","17.6","17.4","17.3","16.8","16.6","16.1","16.1","16.2","15.7","15.4","15.1","14.7","14.5","","","","",
"Barbados","BRB","Mortality from CVD, cancer, diabetes or CRD between exact ages 30 and 70 (%)","SH.DYN.NCOM.ZS","","","","","","","","","","","","","","","","","","","","","","","","","","","","","","","","","","","","","","","","","19.3","18.5","18.8","19.4","19.3","19","18.8","18.5","18.3","17.9","17.8","17.7","17.3","17.4","17.5","17.3","17.5","17.2","17.4","17.8","16.7","14","","","","",
"Brunei Darussalam","BRN","Mortality from CVD, cancer, diabetes or CRD between exact ages 30 and 70 (%)","SH.DYN.NCOM.ZS","","","","","","","","","","","","","","","","","","","","","","","","","","","","","","","","","","","","","","","","","18.9","18.7","18.5","18.5","17.8","17.9","17.9","17.6","17.4","16.4","16.1","15.4","15.2","15.1","15.1","15.1","15.1","15.3","15.4","15.2","15.2","14.9","","","","",
"Bhutan","BTN","Mortality from CVD, cancer, diabetes or CRD between exact ages 30 and 70 (%)","SH.DYN.NCOM.ZS","","","","","","","","","","","","","","","","","","","","","","","","","","","","","","","","","","","","","","","","","22.1","21.7","21","20.8","20.4","20","19.6","19.2","18.8","18.4","18","17.8","17.8","17.7","17.8","17.7","17.4","17.5","17.2","16.7","16.5","15.9","","","","",
"Botswana","BWA","Mortality from CVD, cancer, diabetes or CRD between exact ages 30 and 70 (%)","SH.DYN.NCOM.ZS","","","","","","","","","","","","","","","","","","","","","","","","","","","","","","","","","","","","","","","","","22.8","23.1","22.6","21.5","19.6","20.3","18.8","20.4","23.9","25.5","25.2","25.3","25.6","25.7","24.6","23.1","22.8","22.1","20.9","19.5","21.2","19","","","","",
"Central African Republic","CAF","Mortality from CVD, cancer, diabetes or CRD between exact ages 30 and 70 (%)","SH.DYN.NCOM.ZS","","","","","","","","","","","","","","","","","","","","","","","","","","","","","","","","","","","","","","","","","36.2","35.3","36.1","34.4","34","32.5","33.8","32.8","32.5","33.3","32.1","34.9","32","32.4","33.1","33","33.2","32.7","32.8","32.5","32.7","30.8","","","","",
"Canada","CAN","Mortality from CVD, cancer, diabetes or CRD between exact ages 30 and 70 (%)","SH.DYN.NCOM.ZS","","","","","","","","","","","","","","","","","","","","","","","","","","","","","","","","","","","","","","","","","14.4","14","13.8","13.5","13.1","12.7","12.3","12.2","11.9","11.5","11.1","10.9","10.8","10.6","10.5","10.4","10.4","10","9.8","9.6","10","9.7","","","","",
"Central Europe and the Baltics","CEB","Mortality from CVD, cancer, diabetes or CRD between exact ages 30 and 70 (%)","SH.DYN.NCOM.ZS","","","","","","","","","","","","","","","","","","","","","","","","","","","","","","","","","","","","","","","","","25.5719401682794","25.1052696014303","24.7647931210503","24.4946283798041","23.9401459357154","23.6734317499478","23.328587783228","22.9517359875054","22.3172027118415","22.1404958645883","21.4833003491894","20.9014327108876","20.6590414041289","20.2186011824466","19.8362513440969","19.9842070043077","19.4718991126918","19.2652494600049","19.2175593975712","18.6472055748226","18.8006347990982","18.5565280846706","","","","",
"Switzerland","CHE","Mortality from CVD, cancer, diabetes or CRD between exact ages 30 and 70 (%)","SH.DYN.NCOM.ZS","","","","","","","","","","","","","","","","","","","","","","","","","","","","","","","","","","","","","","","","","12.6","12","11.4","11.5","11","10.8","10.4","10.4","10.1","9.8","9.7","9.4","9.4","9.1","8.9","8.8","8.5","8.2","8.2","7.9","7.6","7.5","","","","",
"Channel Islands","CHI","Mortality from CVD, cancer, diabetes or CRD between exact ages 30 and 70 (%)","SH.DYN.NCOM.ZS","","","","","","","","","","","","","","","","","","","","","","","","","","","","","","","","","","","","","","","","","","","","","","","","","","","","","","","","","","","","","","","","","","",
"Chile","CHL","Mortality from CVD, cancer, diabetes or CRD between exact ages 30 and 70 (%)","SH.DYN.NCOM.ZS","","","","","","","","","","","","","","","","","","","","","","","","","","","","","","","","","","","","","","","","","14","14.4","13.9","14.1","13.7","13.5","13.2","13.3","12.8","13","12.9","12.6","12.4","12.1","11.8","11.5","11","10.6","10.4","10.2","9.9","9.4","","","","",
"China","CHN","Mortality from CVD, cancer, diabetes or CRD between exact ages 30 and 70 (%)","SH.DYN.NCOM.ZS","","","","","","","","","","","","","","","","","","","","","","","","","","","","","","","","","","","","","","","","","24.1","23.8","23.6","23.5","23.3","22.5","21.2","20.3","20","19.7","19.4","19","18.7","18.1","17.5","17.1","16.8","16.5","16.2","16","15.8","15.9","","","","",
"Cote d'Ivoire","CIV","Mortality from CVD, cancer, diabetes or CRD between exact ages 30 and 70 (%)","SH.DYN.NCOM.ZS","","","","","","","","","","","","","","","","","","","","","","","","","","","","","","","","","","","","","","","","","21.8","22.1","21.8","22.1","21.2","21.2","21","21.5","22.3","23.4","24.6","25.1","25.3","25.1","24.5","24.1","23.8","23.6","23.5","23.3","23.8","22.7","","","","",
"Cameroon","CMR","Mortality from CVD, cancer, diabetes or CRD between exact ages 30 and 70 (%)","SH.DYN.NCOM.ZS","","","","","","","","","","","","","","","","","","","","","","","","","","","","","","","","","","","","","","","","","26.2","27.1","27.2","27.7","27.4","27.5","27.3","27.3","27.3","27.1","27","26.8","27","27","27.2","26.8","26.3","25.7","25.2","24.9","25.3","24.3","","","","",
"Congo, Dem. Rep.","COD","Mortality from CVD, cancer, diabetes or CRD between exact ages 30 and 70 (%)","SH.DYN.NCOM.ZS","","","","","","","","","","","","","","","","","","","","","","","","","","","","","","","","","","","","","","","","","26.8","26.9","26.6","27","26.9","26.5","26.2","26.4","26.5","26.1","26","25.7","25.5","25.3","25.2","25.2","25.1","25.2","25.1","24.7","25.5","25.1","","","","",
"Congo, Rep.","COG","Mortality from CVD, cancer, diabetes or CRD between exact ages 30 and 70 (%)","SH.DYN.NCOM.ZS","","","","","","","","","","","","","","","","","","","","","","","","","","","","","","","","","","","","","","","","","36.5","34.1","32.1","30.1","30.3","29.4","27.5","27.2","26.7","26.7","26.2","25.9","25.8","25.2","24.4","23.4","22.4","21.9","22.4","23","21.9","21.2","","","","",
"Colombia","COL","Mortality from CVD, cancer, diabetes or CRD between exact ages 30 and 70 (%)","SH.DYN.NCOM.ZS","","","","","","","","","","","","","","","","","","","","","","","","","","","","","","","","","","","","","","","","","16.6","15.9","15.3","15.3","14.9","14.4","14.1","13.3","12.7","11.8","11.5","10.9","10.6","10.5","10.4","10.5","10.5","10.3","10.5","10.3","10.4","10.3","","","","",
"Comoros","COM","Mortality from CVD, cancer, diabetes or CRD between exact ages 30 and 70 (%)","SH.DYN.NCOM.ZS","","","","","","","","","","","","","","","","","","","","","","","","","","","","","","","","","","","","","","","","","26.3","25.5","24.7","23.8","23","22.7","22.2","22.1","22.1","21.4","21.3","21.3","21.1","20.9","21.3","21.2","21.1","20.8","20.5","20.3","21","20.2","","","","",
"Cabo Verde","CPV","Mortality from CVD, cancer, diabetes or CRD between exact ages 30 and 70 (%)","SH.DYN.NCOM.ZS","","","","","","","","","","","","","","","","","","","","","","","","","","","","","","","","","","","","","","","","","16.6","16.4","16.3","16.2","16.1","16.2","15.1","14.7","14.7","14.6","14.3","14.4","14.7","14.7","14.5","14.6","14.7","14.9","17.3","17.3","17.4","17.2","","","","",
"Costa Rica","CRI","Mortality from CVD, cancer, diabetes or CRD between exact ages 30 and 70 (%)","SH.DYN.NCOM.ZS","","","","","","","","","","","","","","","","","","","","","","","","","","","","","","","","","","","","","","","","","12.5","12.5","11.6","11.6","11.8","10.8","11","9.9","9.8","9.6","10.9","10.1","10.1","9.9","9.6","9.6","9.8","10","9.9","9.9","10.1","9.9","","","","",
"Caribbean small states","CSS","Mortality from CVD, cancer, diabetes or CRD between exact ages 30 and 70 (%)","SH.DYN.NCOM.ZS","","","","","","","","","","","","","","","","","","","","","","","","","","","","","","","","","","","","","","","","","26.0812505141044","25.3246292835458","24.7390151604363","24.7025684771344","24.3120976537102","23.5787119086938","22.8780026431438","22.3681891464451","22.4412840722763","21.8824418681584","21.6679040318138","21.2558291388402","20.7327490069156","21.1070016735988","21.2900545960432","21.1992602838059","21.3317313759264","21.0408202961819","20.9271619431183","21.0729361033974","21.1863240451597","19.6645546616456","","","","",
"Cuba","CUB","Mortality from CVD, cancer, diabetes or CRD between exact ages 30 and 70 (%)","SH.DYN.NCOM.ZS","","","","","","","","","","","","","","","","","","","","","","","","","","","","","","","","","","","","","","","","","17.9","18.3","17.2","17.5","17.2","17.3","17.1","17.2","17.1","17","17.2","16.2","16.2","16.4","16.5","16.6","16.3","16.9","16.6","16.8","16.9","17.6","","","","",
"Curacao","CUW","Mortality from CVD, cancer, diabetes or CRD between exact ages 30 and 70 (%)","SH.DYN.NCOM.ZS","","","","","","","","","","","","","","","","","","","","","","","","","","","","","","","","","","","","","","","","","","","","","","","","","","","","","","","","","","","","","","","","","","",
"Cayman Islands","CYM","Mortality from CVD, cancer, diabetes or CRD between exact ages 30 and 70 (%)","SH.DYN.NCOM.ZS","","","","","","","","","","","","","","","","","","","","","","","","","","","","","","","","","","","","","","","","","","","","","","","","","","","","","","","","","","","","","","","","","","",
"Cyprus","CYP","Mortality from CVD, cancer, diabetes or CRD between exact ages 30 and 70 (%)","SH.DYN.NCOM.ZS","","","","","","","","","","","","","","","","","","","","","","","","","","","","","","","","","","","","","","","","","12.8","13.1","13.3","13.1","13.2","12.5","12.3","11.6","11","10.6","10.4","9.9","10","9.6","9.9","9.9","9.7","9.6","9.2","9","9.2","8.5","","","","",
"Czechia","CZE","Mortality from CVD, cancer, diabetes or CRD between exact ages 30 and 70 (%)","SH.DYN.NCOM.ZS","","","","","","","","","","","","","","","","","","","","","","","","","","","","","","","","","","","","","","","","","22.5","21.7","21.4","21.2","20.5","19.7","19.1","18.7","18.3","18.1","17.8","17.4","16.9","16.8","15.7","15.6","15","14.9","14.8","14.3","14.4","14.2","","","","",
"Germany","DEU","Mortality from CVD, cancer, diabetes or CRD between exact ages 30 and 70 (%)","SH.DYN.NCOM.ZS","","","","","","","","","","","","","","","","","","","","","","","","","","","","","","","","","","","","","","","","","16.1","15.5","15.3","15","14.4","14","13.6","13.5","13.3","13.2","13","12.8","12.5","12.8","12.3","12.5","12.4","12.1","12.1","11.8","11.7","11.6","","","","",
"Djibouti","DJI","Mortality from CVD, cancer, diabetes or CRD between exact ages 30 and 70 (%)","SH.DYN.NCOM.ZS","","","","","","","","","","","","","","","","","","","","","","","","","","","","","","","","","","","","","","","","","21.6","21.5","22.3","22.4","22.7","22.2","21.8","21.8","21.2","21","20.3","20.8","20.9","21","21.5","21.5","21.7","21.9","21.8","21.5","21.5","20.6","","","","",
"Dominica","DMA","Mortality from CVD, cancer, diabetes or CRD between exact ages 30 and 70 (%)","SH.DYN.NCOM.ZS","","","","","","","","","","","","","","","","","","","","","","","","","","","","","","","","","","","","","","","","","","","","","","","","","","","","","","","","","","","","","","","","","","",
"Denmark","DNK","Mortality from CVD, cancer, diabetes or CRD between exact ages 30 and 70 (%)","SH.DYN.NCOM.ZS","","","","","","","","","","","","","","","","","","","","","","","","","","","","","","","","","","","","","","","","","18.4","17.9","17.3","16.5","15.8","15.1","15.1","14.7","14.2","13.9","13.5","12.9","12.7","12.3","12.3","11.9","11.8","11.2","11.3","11.1","10.6","10.7","","","","",
"Dominican Republic","DOM","Mortality from CVD, cancer, diabetes or CRD between exact ages 30 and 70 (%)","SH.DYN.NCOM.ZS","","","","","","","","","","","","","","","","","","","","","","","","","","","","","","","","","","","","","","","","","15.8","15.3","15.3","15.2","15.7","16.6","17","16.9","16.8","16.8","16.3","16.4","17.4","18.4","19","19.2","19.3","19.4","19.2","18.6","19.1","17.4","","","","",
"Algeria","DZA","Mortality from CVD, cancer, diabetes or CRD between exact ages 30 and 70 (%)","SH.DYN.NCOM.ZS","","","","","","","","","","","","","","","","","","","","","","","","","","","","","","","","","","","","","","","","","18","17.7","17.4","17.4","17.1","16.8","16.5","16.2","15.9","15.6","15.2","15.1","14.8","14.5","14.3","14.2","14.1","14.1","14","14","12.7","13.3","","","","",
"East Asia & Pacific (excluding high income)","EAP","Mortality from CVD, cancer, diabetes or CRD between exact ages 30 and 70 (%)","SH.DYN.NCOM.ZS","","","","","","","","","","","","","","","","","","","","","","","","","","","","","","","","","","","","","","","","","24.0853387287169","23.85962389934","23.7465854113658","23.6885163615081","23.5716784500049","22.9611002760983","22.0036498729734","21.3249377290028","21.1038528086757","20.8614384011612","20.6285129372989","20.2788431583396","20.0139046396974","19.534491875136","19.1104865198785","18.8405514209094","18.6205481942835","18.306521146894","18.074276859646","17.9450576905199","17.650605683817","17.8139500657651","","","","",
"Early-demographic dividend","EAR","Mortality from CVD, cancer, diabetes or CRD between exact ages 30 and 70 (%)","SH.DYN.NCOM.ZS","","","","","","","","","","","","","","","","","","","","","","","","","","","","","","","","","","","","","","","","","23.5441229597071","23.2963304315578","23.2500317301087","23.13006026433","22.666954099954","22.578392060229","22.6498495229241","22.613401020808","22.6001675482434","22.4854305241831","22.5871297553123","22.4739372182898","22.3690308767713","21.926273221937","21.7747668928522","22.0204596641822","22.0328296913163","21.9358107896556","22.1188800254848","22.0985559113195","21.8636001060881","21.7794880371978","","","","",
"East Asia & Pacific","EAS","Mortality from CVD, cancer, diabetes or CRD between exact ages 30 and 70 (%)","SH.DYN.NCOM.ZS","","","","","","","","","","","","","","","","","","","","","","","","","","","","","","","","","","","","","","","","","22.7669267097244","22.5433074344739","22.4261759238103","22.3474821668107","22.2342865166107","21.674469687651","20.7886611530509","20.1692197050154","19.9537694127611","19.703872081135","19.50089846996","19.1852044632479","18.9312639932498","18.4852672042781","18.0934856207435","17.8302639882389","17.6369394404241","17.3502263416317","17.1394367076022","17.0292084188052","16.7565803924673","16.909825883813","","","","",
"Europe & Central Asia (excluding high income)","ECA","Mortality from CVD, cancer, diabetes or CRD between exact ages 30 and 70 (%)","SH.DYN.NCOM.ZS","","","","","","","","","","","","","","","","","","","","","","","","","","","","","","","","","","","","","","","","","31.1034746675074","30.1831149448997","30.1531492157394","29.9067829065322","29.4654931683917","29.7971600896826","28.8964922758156","28.3332546867651","27.7194327825711","26.770129281771","26.1719074349669","25.3607794607403","24.6963255227169","23.8919980597341","23.8006009103346","23.0291864853795","22.6610304429737","22.1195146558559","21.9120323292768","21.4742219208735","21.0240366805227","20.1962734237314","","","","",
"Europe & Central Asia","ECS","Mortality from CVD, cancer, diabetes or CRD between exact ages 30 and 70 (%)","SH.DYN.NCOM.ZS","","","","","","","","","","","","","","","","","","","","","","","","","","","","","","","","","","","","","","","","","23.6993098592719","23.2837084870297","23.1938138252369","22.9485702525333","22.3273688807913","22.2448876332139","21.350572234961","20.779713130633","20.4093751220447","19.8636661056653","19.4626622260306","18.8146450556446","18.3288218860704","17.8822367828183","17.9556229315757","17.4960244780486","17.3180910038692","16.9048621412606","16.8534480225195","16.3680351226615","15.8811540587117","15.7463704538914","","","","",
"Ecuador","ECU","Mortality from CVD, cancer, diabetes or CRD between exact ages 30 and 70 (%)","SH.DYN.NCOM.ZS","","","","","","","","","","","","","","","","","","","","","","","","","","","","","","","","","","","","","","","","","15.4","15.3","15.3","14.5","14.1","14.5","14.4","14.2","14","13.9","13.1","12.9","12.9","12.4","12","11.9","12.1","11.9","11.7","11.5","14","13.2","","","","",
"Egypt, Arab Rep.","EGY","Mortality from CVD, cancer, diabetes or CRD between exact ages 30 and 70 (%)","SH.DYN.NCOM.ZS","","","","","","","","","","","","","","","","","","","","","","","","","","","","","","","","","","","","","","","","","28.2","29.5","29.8","30.3","30","29.7","29.9","29.5","29.6","29.9","29.9","29.1","29.7","28.4","28.8","30.1","28.9","27.5","27.8","27.4","26","26","","","","",
"Euro area","EMU","Mortality from CVD, cancer, diabetes or CRD between exact ages 30 and 70 (%)","SH.DYN.NCOM.ZS","","","","","","","","","","","","","","","","","","","","","","","","","","","","","","","","","","","","","","","","","15.7000885652181","15.2813314964098","14.9732858018902","14.725250625102","14.1275337303372","13.8912510646796","13.5094258353722","13.3144035502534","13.0049112811878","12.8537240555482","12.6220006516664","12.4367196069694","12.2027702870599","12.0285311889335","11.7288526111725","11.755532569524","11.5416195344383","11.3838295822028","11.2278495923324","10.9106791268231","10.7794897849348","10.8393007208041","","","","",
"Eritrea","ERI","Mortality from CVD, cancer, diabetes or CRD between exact ages 30 and 70 (%)","SH.DYN.NCOM.ZS","","","","","","","","","","","","","","","","","","","","","","","","","","","","","","","","","","","","","","","","","33.8","32.5","32.1","30.6","30.7","30.6","30.5","30","30.2","30.3","30","29.5","29","28.9","28.5","28.4","28","27.8","27.7","27.3","27.9","27.3","","","","",
"Spain","ESP","Mortality from CVD, cancer, diabetes or CRD between exact ages 30 and 70 (%)","SH.DYN.NCOM.ZS","","","","","","","","","","","","","","","","","","","","","","","","","","","","","","","","","","","","","","","","","13.7","13.4","13.1","13","12.5","12.4","12","11.8","11.4","11.3","11.1","10.9","10.7","10.4","10.2","10.3","10.1","10","9.9","9.6","9.4","9.3","","","","",
"Estonia","EST","Mortality from CVD, cancer, diabetes or CRD between exact ages 30 and 70 (%)","SH.DYN.NCOM.ZS","","","","","","","","","","","","","","","","","","","","","","","","","","","","","","","","","","","","","","","","","27.1","26.9","26.2","25.5","24.9","23.7","24.1","23.4","22.1","20.7","19.9","19.2","18.9","18.2","18","17.1","17.2","16.5","16.5","15.1","15.4","15.5","","","","",
"Ethiopia","ETH","Mortality from CVD, cancer, diabetes or CRD between exact ages 30 and 70 (%)","SH.DYN.NCOM.ZS","","","","","","","","","","","","","","","","","","","","","","","","","","","","","","","","","","","","","","","","","25.3","24.4","23.7","23","22.5","21.8","21","20.3","19.9","19.3","18.8","18.4","17.9","17.2","16.9","17.2","17.1","17.1","17.1","17.2","17.3","16.8","","","","",
"European Union","EUU","Mortality from CVD, cancer, diabetes or CRD between exact ages 30 and 70 (%)","SH.DYN.NCOM.ZS","","","","","","","","","","","","","","","","","","","","","","","","","","","","","","","","","","","","","","","","","17.4669197135768","17.0106263679717","16.6871241481778","16.4146543859738","15.8267161213587","15.5644558138232","15.1885226806137","14.9550291060439","14.6046190778778","14.4640716303705","14.1441071566465","13.8844407400922","13.6764959592527","13.4557311992118","13.1351376536004","13.1842502427963","12.9153337426893","12.7451306027777","12.6160081681801","12.2486732873773","12.1378040238022","12.1014360579722","","","","",
"Finland","FIN","Mortality from CVD, cancer, diabetes or CRD between exact ages 30 and 70 (%)","SH.DYN.NCOM.ZS","","","","","","","","","","","","","","","","","","","","","","","","","","","","","","","","","","","","","","","","","14.7","13.8","13.6","13.4","13.4","13","12.5","12.5","12.2","12.2","12","11.7","11.4","11.1","10.7","10.7","10.4","10.3","10","9.6","9.7","9.6","","","","",
"Fiji","FJI","Mortality from CVD, cancer, diabetes or CRD between exact ages 30 and 70 (%)","SH.DYN.NCOM.ZS","","","","","","","","","","","","","","","","","","","","","","","","","","","","","","","","","","","","","","","","","44","42.6","41.4","41.5","40.2","40.8","41.2","41.4","41.9","41.6","41.3","40.8","40.4","40.2","40","39.7","39.4","39.3","39","38.8","38.6","37.9","","","","",
"France","FRA","Mortality from CVD, cancer, diabetes or CRD between exact ages 30 and 70 (%)","SH.DYN.NCOM.ZS","","","","","","","","","","","","","","","","","","","","","","","","","","","","","","","","","","","","","","","","","14.1","13.8","13.6","13.4","12.8","12.7","12.4","12.2","12","11.9","11.8","11.5","11.4","11.2","11","10.8","10.8","10.7","10.3","10.1","10","10.2","","","","",
"Faroe Islands","FRO","Mortality from CVD, cancer, diabetes or CRD between exact ages 30 and 70 (%)","SH.DYN.NCOM.ZS","","","","","","","","","","","","","","","","","","","","","","","","","","","","","","","","","","","","","","","","","","","","","","","","","","","","","","","","","","","","","","","","","","",
"Micronesia, Fed. Sts.","FSM","Mortality from CVD, cancer, diabetes or CRD between exact ages 30 and 70 (%)","SH.DYN.NCOM.ZS","","","","","","","","","","","","","","","","","","","","","","","","","","","","","","","","","","","","","","","","","41.6","41.4","41.1","41","41.1","41.2","40.9","40.5","40.3","40.2","40.1","40","39.9","39.7","39","39.7","39.2","39.1","39.2","39.1","40.7","40.5","","","","",
"Gabon","GAB","Mortality from CVD, cancer, diabetes or CRD between exact ages 30 and 70 (%)","SH.DYN.NCOM.ZS","","","","","","","","","","","","","","","","","","","","","","","","","","","","","","","","","","","","","","","","","24.7","24.4","22.8","23.1","22.6","24.1","24.1","22.7","22.5","23.2","22.9","22.7","21.9","22","23.5","23.5","22.8","22.2","21.9","21.5","19.2","18.1","","","","",
"United Kingdom","GBR","Mortality from CVD, cancer, diabetes or CRD between exact ages 30 and 70 (%)","SH.DYN.NCOM.ZS","","","","","","","","","","","","","","","","","","","","","","","","","","","","","","","","","","","","","","","","","16.5","16.1","15.7","15.3","14.6","14.2","13.8","13.5","13.2","12.6","12.4","11.9","11.7","11.5","11.3","11.3","11.3","11","11.3","10.7","10.8","11","","","","",
"Georgia","GEO","Mortality from CVD, cancer, diabetes or CRD between exact ages 30 and 70 (%)","SH.DYN.NCOM.ZS","","","","","","","","","","","","","","","","","","","","","","","","","","","","","","","","","","","","","","","","","26","25.4","29","27.7","27","25.8","26.5","26.3","27","31.4","28.2","25.9","25.3","24.3","24.2","24.4","24.5","22.9","22.8","22.4","22.6","22.1","","","","",
"Ghana","GHA","Mortality from CVD, cancer, diabetes or CRD between exact ages 30 and 70 (%)","SH.DYN.NCOM.ZS","","","","","","","","","","","","","","","","","","","","","","","","","","","","","","","","","","","","","","","","","24.5","25.1","25.2","25.3","25.2","25.2","25.2","25.4","25.5","25.7","25.4","25.4","25","24.7","24.4","24.2","23.9","23.6","23.2","22.8","22.8","22.2","","","","",
"Gibraltar","GIB","Mortality from CVD, cancer, diabetes or CRD between exact ages 30 and 70 (%)","SH.DYN.NCOM.ZS","","","","","","","","","","","","","","","","","","","","","","","","","","","","","","","","","","","","","","","","","","","","","","","","","","","","","","","","","","","","","","","","","","",
"Guinea","GIN","Mortality from CVD, cancer, diabetes or CRD between exact ages 30 and 70 (%)","SH.DYN.NCOM.ZS","","","","","","","","","","","","","","","","","","","","","","","","","","","","","","","","","","","","","","","","","24.1","24.5","24.9","25","25.2","24.9","25.5","25.8","25.9","25.9","26.4","26.3","26.2","25.9","25.9","25.8","25.5","25.3","24.9","24.5","24.4","23.6","","","","",
"Gambia, The","GMB","Mortality from CVD, cancer, diabetes or CRD between exact ages 30 and 70 (%)","SH.DYN.NCOM.ZS","","","","","","","","","","","","","","","","","","","","","","","","","","","","","","","","","","","","","","","","","24","24.2","24.3","24.4","24.6","24.2","23.6","23.5","23.6","23.4","22.8","23","23.1","22.9","23.1","23","23","23.1","22.9","23","22.9","21.8","","","","",
"Guinea-Bissau","GNB","Mortality from CVD, cancer, diabetes or CRD between exact ages 30 and 70 (%)","SH.DYN.NCOM.ZS","","","","","","","","","","","","","","","","","","","","","","","","","","","","","","","","","","","","","","","","","33","32.1","31","30.8","30.7","29.4","29.2","28.9","28.4","28.4","28.1","27.4","26.9","26.6","26.7","26.9","26.6","26.4","25.7","26.1","26.8","25.3","","","","",
"Equatorial Guinea","GNQ","Mortality from CVD, cancer, diabetes or CRD between exact ages 30 and 70 (%)","SH.DYN.NCOM.ZS","","","","","","","","","","","","","","","","","","","","","","","","","","","","","","","","","","","","","","","","","27.9","26.1","24.4","24","23.2","22.1","21.1","20.2","20.4","20.2","20.2","20.2","19.9","18.8","18.5","19.1","19.8","20.2","21","21.1","21.1","20.3","","","","",
"Greece","GRC","Mortality from CVD, cancer, diabetes or CRD between exact ages 30 and 70 (%)","SH.DYN.NCOM.ZS","","","","","","","","","","","","","","","","","","","","","","","","","","","","","","","","","","","","","","","","","15","14.6","14.3","14.3","14.2","13.6","13.4","13.7","13.3","13.1","12.9","13","13.2","12.9","12.5","12.7","12.3","12.3","11.9","12","12","12","","","","",
"Grenada","GRD","Mortality from CVD, cancer, diabetes or CRD between exact ages 30 and 70 (%)","SH.DYN.NCOM.ZS","","","","","","","","","","","","","","","","","","","","","","","","","","","","","","","","","","","","","","","","","23.5","22.5","22.6","22.9","22.3","21.5","21","20.8","20.9","21.4","22.5","22.7","22.7","22.3","22.3","22.6","22.5","22.7","22.5","22.6","17.3","17.1","","","","",
"Greenland","GRL","Mortality from CVD, cancer, diabetes or CRD between exact ages 30 and 70 (%)","SH.DYN.NCOM.ZS","","","","","","","","","","","","","","","","","","","","","","","","","","","","","","","","","","","","","","","","","","","","","","","","","","","","","","","","","","","","","","","","","","",
"Guatemala","GTM","Mortality from CVD, cancer, diabetes or CRD between exact ages 30 and 70 (%)","SH.DYN.NCOM.ZS","","","","","","","","","","","","","","","","","","","","","","","","","","","","","","","","","","","","","","","","","13.9","13.5","13.3","13.9","14","14.5","14.4","14","13.6","14.3","14.7","14.7","14.9","15.3","15.3","15.7","15.8","15.2","15.8","15.5","16","14.6","","","","",
"Guam","GUM","Mortality from CVD, cancer, diabetes or CRD between exact ages 30 and 70 (%)","SH.DYN.NCOM.ZS","","","","","","","","","","","","","","","","","","","","","","","","","","","","","","","","","","","","","","","","","","","","","","","","","","","","","","","","","","","","","","","","","","",
"Guyana","GUY","Mortality from CVD, cancer, diabetes or CRD between exact ages 30 and 70 (%)","SH.DYN.NCOM.ZS","","","","","","","","","","","","","","","","","","","","","","","","","","","","","","","","","","","","","","","","","32.1","31.2","31.4","31.5","31.2","30.9","30.9","30.5","30.8","30.4","29.9","29.6","29.3","29.3","29.1","28.9","28.1","27.4","26.9","27.8","29.7","25.4","","","","",
"High income","HIC","Mortality from CVD, cancer, diabetes or CRD between exact ages 30 and 70 (%)","SH.DYN.NCOM.ZS","","","","","","","","","","","","","","","","","","","","","","","","","","","","","","","","","","","","","","","","","18.9273653700294","18.5817623852209","18.3872850726352","18.094291332559","17.5271710540823","17.2703695917499","16.604500956485","16.1512036154746","15.8857780812957","15.4766571247304","15.1764224039109","14.7333492356812","14.3959232502641","14.0929455250133","14.075064035211","13.8438546656812","13.7244417687351","13.4379038687521","13.3433465370642","12.9859591393487","12.7690333909375","12.8006410080851","","","","",
"Hong Kong SAR, China","HKG","Mortality from CVD, cancer, diabetes or CRD between exact ages 30 and 70 (%)","SH.DYN.NCOM.ZS","","","","","","","","","","","","","","","","","","","","","","","","","","","","","","","","","","","","","","","","","","","","","","","","","","","","","","","","","","","","","","","","","","",
"Honduras","HND","Mortality from CVD, cancer, diabetes or CRD between exact ages 30 and 70 (%)","SH.DYN.NCOM.ZS","","","","","","","","","","","","","","","","","","","","","","","","","","","","","","","","","","","","","","","","","17","16.9","16.9","17.2","17.5","17.9","18","17.9","17.7","17.6","17.7","18","21.5","21.6","21.7","22","20.5","20.7","20.4","20.3","19.6","17.8","","","","",
"Heavily indebted poor countries (HIPC)","HPC","Mortality from CVD, cancer, diabetes or CRD between exact ages 30 and 70 (%)","SH.DYN.NCOM.ZS","","","","","","","","","","","","","","","","","","","","","","","","","","","","","","","","","","","","","","","","","26.284798387181","26.0262180812061","25.7579283986673","25.5544331982288","25.2718371476616","24.8951111596391","24.5857399648019","24.4746187864167","24.3448465014601","24.1703349113242","23.9866855525377","23.8957084766002","23.7425645724063","23.5416536284238","23.4248602264997","23.3475306038274","23.2442349180811","23.1488084353413","23.0532477173624","22.9263520882923","23.1561137062825","22.4315898331063","","","","",
"Croatia","HRV","Mortality from CVD, cancer, diabetes or CRD between exact ages 30 and 70 (%)","SH.DYN.NCOM.ZS","","","","","","","","","","","","","","","","","","","","","","","","","","","","","","","","","","","","","","","","","22.6","22.1","21.8","21.6","20.2","20.4","19.5","19.5","19.4","18.7","18.3","18","17.6","17","16.8","17.2","16.6","16.5","16.5","15.9","15.8","15.9","","","","",
"Haiti","HTI","Mortality from CVD, cancer, diabetes or CRD between exact ages 30 and 70 (%)","SH.DYN.NCOM.ZS","","","","","","","","","","","","","","","","","","","","","","","","","","","","","","","","","","","","","","","","","34.8","34.6","34.4","34.5","34.4","34.5","34","33.8","33.6","33.4","33.3","33.2","33.3","33.2","33","33.1","32.6","32.4","32.6","32.7","33.1","31.6","","","","",
"Hungary","HUN","Mortality from CVD, cancer, diabetes or CRD between exact ages 30 and 70 (%)","SH.DYN.NCOM.ZS","","","","","","","","","","","","","","","","","","","","","","","","","","","","","","","","","","","","","","","","","29.1","27.2","27.1","27.2","26.8","26.7","26.2","25.9","25.3","25.3","24.5","24.5","23.8","23.1","23","23.2","22.8","23.1","22.7","22.1","21.8","21.7","","","","",
"IBRD only","IBD","Mortality from CVD, cancer, diabetes or CRD between exact ages 30 and 70 (%)","SH.DYN.NCOM.ZS","","","","","","","","","","","","","","","","","","","","","","","","","","","","","","","","","","","","","","","","","23.885116008091","23.6063910545907","23.5052201655927","23.3892213977529","23.014122836673","22.6142940436714","22.0098289552409","21.563051440688","21.4279809432835","21.1748717926676","21.0942576713649","20.8172205974147","20.5766407204143","20.0684598660228","19.8280470053732","19.7758415859519","19.6980873055788","19.4575286173824","19.4925122898094","19.3754739679983","19.0556439391041","19.1654885878678","","","","",
"IDA & IBRD total","IBT","Mortality from CVD, cancer, diabetes or CRD between exact ages 30 and 70 (%)","SH.DYN.NCOM.ZS","","","","","","","","","","","","","","","","","","","","","","","","","","","","","","","","","","","","","","","","","24.3343038075961","24.0539155988","23.9408041299034","23.8140436855914","23.4568059897181","23.0946641049521","22.553607903248","22.1451750126177","21.991854426635","21.73526439297","21.6233899064238","21.3454758129568","21.0979261821596","20.6498283581991","20.4255650135003","20.3603518938257","20.2758963160815","20.0653940070432","20.0796661617156","19.9609782165731","19.7313827424489","19.6719787461252","","","","",
"IDA total","IDA","Mortality from CVD, cancer, diabetes or CRD between exact ages 30 and 70 (%)","SH.DYN.NCOM.ZS","","","","","","","","","","","","","","","","","","","","","","","","","","","","","","","","","","","","","","","","","26.5978363397691","26.3028952864608","26.1209324179942","25.9300148137651","25.6494771151863","25.456958420164","25.2042718356783","24.9524094294978","24.6805184391616","24.3782029983817","24.0918108335905","23.7841842536723","23.4834062102935","23.2925425573172","23.1214777392391","22.9772667639024","22.8409256559424","22.7401774528173","22.6383567973443","22.483686502639","22.6060746527756","21.7962565587474","","","","",
"IDA blend","IDB","Mortality from CVD, cancer, diabetes or CRD between exact ages 30 and 70 (%)","SH.DYN.NCOM.ZS","","","","","","","","","","","","","","","","","","","","","","","","","","","","","","","","","","","","","","","","","26.7825496965552","26.807054035613","26.7601536403339","26.6375051707154","26.3834441172109","26.2459316927948","25.8237391773103","25.5233170223911","25.2727452270796","25.0977728636293","24.9632316608332","24.7420644120919","24.4388411492596","24.3393477452735","24.1164864309536","23.8256649947111","23.6186747692111","23.3838387757615","23.1255094409592","22.8753923564834","23.2298996532776","22.3429484531522","","","","",
"Indonesia","IDN","Mortality from CVD, cancer, diabetes or CRD between exact ages 30 and 70 (%)","SH.DYN.NCOM.ZS","","","","","","","","","","","","","","","","","","","","","","","","","","","","","","","","","","","","","","","","","25.9","25.9","26","26.2","26.3","26.3","26.2","26.2","26.2","26.1","26","25.7","25.5","25.3","25.1","25","24.7","24.5","24.3","24.2","23.8","21.9","","","","",
"IDA only","IDX","Mortality from CVD, cancer, diabetes or CRD between exact ages 30 and 70 (%)","SH.DYN.NCOM.ZS","","","","","","","","","","","","","","","","","","","","","","","","","","","","","","","","","","","","","","","","","26.5012567538307","26.0388282078858","25.7861833982695","25.5595424089674","25.2643446136747","25.0420039414485","24.8778754878084","24.6506473409221","24.3661265650352","23.9945764025655","23.6254568981998","23.2701156937548","22.9696544308848","22.7278800140423","22.5838898184775","22.5188441462965","22.4212820422643","22.3931925699859","22.3757989067795","22.2727834905931","22.2705361442699","21.5021883035093","","","","",
"Isle of Man","IMN","Mortality from CVD, cancer, diabetes or CRD between exact ages 30 and 70 (%)","SH.DYN.NCOM.ZS","","","","","","","","","","","","","","","","","","","","","","","","","","","","","","","","","","","","","","","","","","","","","","","","","","","","","","","","","","","","","","","","","","",
"India","IND","Mortality from CVD, cancer, diabetes or CRD between exact ages 30 and 70 (%)","SH.DYN.NCOM.ZS","","","","","","","","","","","","","","","","","","","","","","","","","","","","","","","","","","","","","","","","","22.9","22.6","22.5","22.3","21.5","21.4","21.7","21.9","22.1","22.1","22.6","22.9","22.9","22.3","22","22.6","22.8","23","23.6","23.7","23.3","23.6","","","","",
"Not classified","INX","Mortality from CVD, cancer, diabetes or CRD between exact ages 30 and 70 (%)","SH.DYN.NCOM.ZS","","","","","","","","","","","","","","","","","","","","","","","","","","","","","","","","","","","","","","","","","","","","","","","","","","","","","","","","","","","","","","","","","","",
"Ireland","IRL","Mortality from CVD, cancer, diabetes or CRD between exact ages 30 and 70 (%)","SH.DYN.NCOM.ZS","","","","","","","","","","","","","","","","","","","","","","","","","","","","","","","","","","","","","","","","","17.7","16.6","15.6","15.4","14.5","13.9","13.4","13","13","12.8","11.5","11.9","11.6","11.4","10.9","10.6","10.5","10.4","10.1","9.9","9.6","9.6","","","","",
"Iran, Islamic Rep.","IRN","Mortality from CVD, cancer, diabetes or CRD between exact ages 30 and 70 (%)","SH.DYN.NCOM.ZS","","","","","","","","","","","","","","","","","","","","","","","","","","","","","","","","","","","","","","","","","18.9","18.5","18.2","17.7","17.5","17.2","16.9","16.6","16.2","15.8","15.2","14.9","14.9","15","15.2","15.3","15.2","15.1","14.9","14.9","13.9","13.9","","","","",
"Iraq","IRQ","Mortality from CVD, cancer, diabetes or CRD between exact ages 30 and 70 (%)","SH.DYN.NCOM.ZS","","","","","","","","","","","","","","","","","","","","","","","","","","","","","","","","","","","","","","","","","27.6","27","26.7","26.5","26.2","25.8","25.5","25.5","25.4","25.2","24.8","24.5","24","23.6","23","22.5","22.2","22","22.2","22.4","24.6","22.7","","","","",
"Iceland","ISL","Mortality from CVD, cancer, diabetes or CRD between exact ages 30 and 70 (%)","SH.DYN.NCOM.ZS","","","","","","","","","","","","","","","","","","","","","","","","","","","","","","","","","","","","","","","","","13.2","12.6","12.1","11.8","11.4","11.4","11","10.7","10.2","9.9","9.9","9.7","9.4","9.3","9.3","9.2","8.7","8.5","8.3","8.6","8.2","8.5","","","","",
"Israel","ISR","Mortality from CVD, cancer, diabetes or CRD between exact ages 30 and 70 (%)","SH.DYN.NCOM.ZS","","","","","","","","","","","","","","","","","","","","","","","","","","","","","","","","","","","","","","","","","14.3","13.7","13","12.7","12","12.2","11.6","11.5","11","10.3","10.4","10","9.8","9.9","9.5","9.5","9.1","9","9","8.9","8.4","7.6","","","","",
"Italy","ITA","Mortality from CVD, cancer, diabetes or CRD between exact ages 30 and 70 (%)","SH.DYN.NCOM.ZS","","","","","","","","","","","","","","","","","","","","","","","","","","","","","","","","","","","","","","","","","13.6","13.3","12.9","12.7","12","11.8","11.4","11.2","10.9","10.8","10.4","10.6","10.4","10","9.8","9.8","9.3","9.4","9.3","8.9","8.8","9.1","","","","",
"Jamaica","JAM","Mortality from CVD, cancer, diabetes or CRD between exact ages 30 and 70 (%)","SH.DYN.NCOM.ZS","","","","","","","","","","","","","","","","","","","","","","","","","","","","","","","","","","","","","","","","","20.1","19.6","19.3","18.5","17","18.7","14.9","23","20.2","17.3","14.6","17.2","15.2","15.3","17.2","19.7","19.4","19.7","19.2","19.3","18.3","20.2","","","","",
"Jordan","JOR","Mortality from CVD, cancer, diabetes or CRD between exact ages 30 and 70 (%)","SH.DYN.NCOM.ZS","","","","","","","","","","","","","","","","","","","","","","","","","","","","","","","","","","","","","","","","","24.7","24.5","24.1","23.3","23.1","22.8","22.1","20.7","19.7","18.7","17.9","17.4","16.9","16.2","15.5","14.6","14","13.4","12.8","12.7","12.9","11.6","","","","",
"Japan","JPN","Mortality from CVD, cancer, diabetes or CRD between exact ages 30 and 70 (%)","SH.DYN.NCOM.ZS","","","","","","","","","","","","","","","","","","","","","","","","","","","","","","","","","","","","","","","","","11.3","11","10.7","10.5","10.4","10.3","10","9.9","9.8","9.5","9.6","9.6","9.4","9.2","9","8.7","8.7","8.6","8.4","8.3","8.2","8","","","","",
"Kazakhstan","KAZ","Mortality from CVD, cancer, diabetes or CRD between exact ages 30 and 70 (%)","SH.DYN.NCOM.ZS","","","","","","","","","","","","","","","","","","","","","","","","","","","","","","","","","","","","","","","","","39.4","38.2","37.4","38.4","36.9","37.3","36.3","35.7","33.5","31.4","31.5","30.3","29.2","27.1","26.1","25.5","25.1","24","24","23.8","23.2","21.2","","","","",
"Kenya","KEN","Mortality from CVD, cancer, diabetes or CRD between exact ages 30 and 70 (%)","SH.DYN.NCOM.ZS","","","","","","","","","","","","","","","","","","","","","","","","","","","","","","","","","","","","","","","","","15.6","15.6","15.9","16.2","16.6","16.9","17.1","17.5","17.9","18.2","18.6","18.9","17.1","17.9","18.1","18.3","18.2","18.7","19.4","19.1","18.8","18","","","","",
"Kyrgyz Republic","KGZ","Mortality from CVD, cancer, diabetes or CRD between exact ages 30 and 70 (%)","SH.DYN.NCOM.ZS","","","","","","","","","","","","","","","","","","","","","","","","","","","","","","","","","","","","","","","","","33.9","32.4","33.6","34.4","33.1","33.1","33","32","30.6","29.6","28","28.6","27.2","26.5","26.5","25.2","23.2","23.7","23.1","22.7","21.8","18.8","","","","",
"Cambodia","KHM","Mortality from CVD, cancer, diabetes or CRD between exact ages 30 and 70 (%)","SH.DYN.NCOM.ZS","","","","","","","","","","","","","","","","","","","","","","","","","","","","","","","","","","","","","","","","","28.1","27.6","26.6","26.1","25.9","25.6","25.1","25","24.7","24.5","24.4","24.2","24.1","23.8","23.7","23.6","23.5","23.4","23.4","23.3","23.5","22.6","","","","",
"Kiribati","KIR","Mortality from CVD, cancer, diabetes or CRD between exact ages 30 and 70 (%)","SH.DYN.NCOM.ZS","","","","","","","","","","","","","","","","","","","","","","","","","","","","","","","","","","","","","","","","","43.8","43.3","43.1","42.8","42.7","42.8","42.5","42.6","42.6","42.6","42.6","42.8","42.4","42.2","42","41.8","41.6","41.2","40.7","40.6","42.5","44.1","","","","",
"St. Kitts and Nevis","KNA","Mortality from CVD, cancer, diabetes or CRD between exact ages 30 and 70 (%)","SH.DYN.NCOM.ZS","","","","","","","","","","","","","","","","","","","","","","","","","","","","","","","","","","","","","","","","","","","","","","","","","","","","","","","","","","","","","","","","","","",
"Korea, Rep.","KOR","Mortality from CVD, cancer, diabetes or CRD between exact ages 30 and 70 (%)","SH.DYN.NCOM.ZS","","","","","","","","","","","","","","","","","","","","","","","","","","","","","","","","","","","","","","","","","16.9","16.2","15.9","15.1","14.6","13.8","13.1","12.5","11.9","11.3","10.9","10.3","9.8","9.2","8.9","8.4","8.2","7.7","7.5","7.3","7","6.9","","","","",
"Kuwait","KWT","Mortality from CVD, cancer, diabetes or CRD between exact ages 30 and 70 (%)","SH.DYN.NCOM.ZS","","","","","","","","","","","","","","","","","","","","","","","","","","","","","","","","","","","","","","","","","17.4","14.6","15.8","14.8","15.2","15.7","15.6","15","16.3","14.8","13.1","11.7","11.8","11.1","10.8","11.5","10.5","10.5","9.9","10.1","11","9.3","","","","",
"Latin America & Caribbean (excluding high income)","LAC","Mortality from CVD, cancer, diabetes or CRD between exact ages 30 and 70 (%)","SH.DYN.NCOM.ZS","","","","","","","","","","","","","","","","","","","","","","","","","","","","","","","","","","","","","","","","","18.5332122165666","18.1196653759227","17.8973103349485","17.8088672210127","17.5596575889381","17.1843173047466","16.8773147271358","16.6996014600474","16.5912564369327","16.323385090918","16.1971992822491","15.9712433411966","15.7571463341035","15.5566662101921","15.4334560388733","15.4838215507444","15.6442683068931","15.3007975697487","15.1306768821413","15.0303728841945","15.3101620019659","14.9728251797392","","","","",
"Lao PDR","LAO","Mortality from CVD, cancer, diabetes or CRD between exact ages 30 and 70 (%)","SH.DYN.NCOM.ZS","","","","","","","","","","","","","","","","","","","","","","","","","","","","","","","","","","","","","","","","","34.3","34","33.2","32.5","32.1","31.8","31.4","30.7","30.4","29.8","29.2","28.6","28.2","28","27.9","27.6","27.4","27.2","27.2","27.1","28.1","26.5","","","","",
"Lebanon","LBN","Mortality from CVD, cancer, diabetes or CRD between exact ages 30 and 70 (%)","SH.DYN.NCOM.ZS","","","","","","","","","","","","","","","","","","","","","","","","","","","","","","","","","","","","","","","","","17.2","16.4","15.6","15.1","14.7","14.7","14.5","14.4","14.4","14.3","14.1","14.2","14.2","14.2","13.9","13.6","12.9","12.5","12.1","12.1","12.7","11.9","","","","",
"Liberia","LBR","Mortality from CVD, cancer, diabetes or CRD between exact ages 30 and 70 (%)","SH.DYN.NCOM.ZS","","","","","","","","","","","","","","","","","","","","","","","","","","","","","","","","","","","","","","","","","23.1","22.6","23.2","22.1","23","22","22.2","22.1","22.1","23","23.6","24.1","23.7","22.9","22.6","22.7","22.5","22.4","22","22","22.4","22","","","","",
"Libya","LBY","Mortality from CVD, cancer, diabetes or CRD between exact ages 30 and 70 (%)","SH.DYN.NCOM.ZS","","","","","","","","","","","","","","","","","","","","","","","","","","","","","","","","","","","","","","","","","20","20.9","21.2","21.4","20.9","20.9","20.1","20.6","20.7","20.6","20","20.6","19.5","18.7","19.9","20.4","20.9","21.3","21.4","20.9","20.7","19.8","","","","",
"St. Lucia","LCA","Mortality from CVD, cancer, diabetes or CRD between exact ages 30 and 70 (%)","SH.DYN.NCOM.ZS","","","","","","","","","","","","","","","","","","","","","","","","","","","","","","","","","","","","","","","","","20.5","20.2","19.4","19.2","19","18.9","18.6","17.8","17.5","17.2","16.9","16.3","16.5","16.3","16.2","16.3","16.5","16.4","16.3","16.2","16.4","15.5","","","","",
"Latin America & Caribbean","LCN","Mortality from CVD, cancer, diabetes or CRD between exact ages 30 and 70 (%)","SH.DYN.NCOM.ZS","","","","","","","","","","","","","","","","","","","","","","","","","","","","","","","","","","","","","","","","","18.327473282908","17.9487438556044","17.7038756413273","17.6274849989766","17.3759437382349","17.0002546786702","16.6979297381615","16.5220577473751","16.3956802771267","16.1468509609456","16.0280870427843","15.8013624002899","15.5864148135869","15.386900518959","15.2587844859867","15.294002757869","15.4292739359742","15.0914885569996","14.9171461379378","14.8176439605989","15.0636220428338","14.730596563124","","","","",
"Least developed countries: UN classification","LDC","Mortality from CVD, cancer, diabetes or CRD between exact ages 30 and 70 (%)","SH.DYN.NCOM.ZS","","","","","","","","","","","","","","","","","","","","","","","","","","","","","","","","","","","","","","","","","26.8709514304241","26.4383075910134","26.1697738951078","25.925722003555","25.6384014489788","25.3389749736535","25.2254793258192","24.9860364703864","24.6622270183363","24.2859170856106","23.9221419182274","23.5235411205351","23.1950748165481","22.9474715094809","22.7759532355261","22.7393883998859","22.6891008190802","22.6725026666325","22.7156247788791","22.6614720663103","22.8060174839241","21.9797364329009","","","","",
"Low income","LIC","Mortality from CVD, cancer, diabetes or CRD between exact ages 30 and 70 (%)","SH.DYN.NCOM.ZS","","","","","","","","","","","","","","","","","","","","","","","","","","","","","","","","","","","","","","","","","27.3831831981137","26.9647511614128","26.7144269162556","26.3997087478826","26.1468756120072","25.6839567565806","25.3610924033526","25.2566006998351","25.1554549218406","24.8964178364198","24.6595517902113","24.5349290665713","24.2887162842781","24.1065197868495","24.0219286062607","24.0339322420579","23.9499418687728","23.8506864241991","23.7394777234701","23.6125100947185","23.8545611112551","22.9975457979113","","","","",
"Liechtenstein","LIE","Mortality from CVD, cancer, diabetes or CRD between exact ages 30 and 70 (%)","SH.DYN.NCOM.ZS","","","","","","","","","","","","","","","","","","","","","","","","","","","","","","","","","","","","","","","","","","","","","","","","","","","","","","","","","","","","","","","","","","",
"Sri Lanka","LKA","Mortality from CVD, cancer, diabetes or CRD between exact ages 30 and 70 (%)","SH.DYN.NCOM.ZS","","","","","","","","","","","","","","","","","","","","","","","","","","","","","","","","","","","","","","","","","22.5","21.2","20.5","20.7","20.1","20.9","20.1","19.3","19.2","18.7","18.2","18.3","17.6","17.5","17.2","16.9","16.4","16.2","16","15.6","12","13.9","","","","",
"Lower middle income","LMC","Mortality from CVD, cancer, diabetes or CRD between exact ages 30 and 70 (%)","SH.DYN.NCOM.ZS","","","","","","","","","","","","","","","","","","","","","","","","","","","","","","","","","","","","","","","","","24.1576375140797","23.9587280354002","23.864306491433","23.7219804075398","23.1465498772716","23.0376843577325","23.1449802154539","23.1543873368239","23.1598565412362","23.0658816141196","23.2481038411163","23.2572033785312","23.1616856441265","22.694200973595","22.4642872323821","22.7942555222718","22.817490237527","22.818364868421","23.1376377929997","23.1324220941211","22.9291335695276","22.7773291593604","","","","",
"Low & middle income","LMY","Mortality from CVD, cancer, diabetes or CRD between exact ages 30 and 70 (%)","SH.DYN.NCOM.ZS","","","","","","","","","","","","","","","","","","","","","","","","","","","","","","","","","","","","","","","","","23.8171191142701","23.5273228824502","23.4023206049489","23.288634370084","22.9700125937621","22.6035235426317","22.1494743953072","21.804626672601","21.6723462507503","21.4578700532755","21.3805212527828","21.1682483145099","20.9575593404333","20.5312415435328","20.2578778226203","20.2533786334048","20.1690388557064","19.990273018507","19.9988174663598","19.9159760101537","19.7346682580337","19.6668794339545","","","","",
"Lesotho","LSO","Mortality from CVD, cancer, diabetes or CRD between exact ages 30 and 70 (%)","SH.DYN.NCOM.ZS","","","","","","","","","","","","","","","","","","","","","","","","","","","","","","","","","","","","","","","","","23.6","22.7","23.6","25.6","26.3","28.9","30.4","31.2","29.7","29.2","34.5","35.2","31.4","33.3","36.5","38","38","36.9","36.9","36.9","37.5","36.3","","","","",
"Late-demographic dividend","LTE","Mortality from CVD, cancer, diabetes or CRD between exact ages 30 and 70 (%)","SH.DYN.NCOM.ZS","","","","","","","","","","","","","","","","","","","","","","","","","","","","","","","","","","","","","","","","","24.5414923567619","24.2205909225079","24.0609336294883","23.9383966644653","23.6494352470798","23.0177841671624","21.8758069607148","21.0661572519703","20.775463973405","20.3774665060759","20.0623456109515","19.5732363750112","19.1583417153293","18.6234341804231","18.2664646667542","17.8923539029646","17.6676562617549","17.2928190615513","17.0548825479144","16.7997994798495","16.3851366095087","16.4584854614874","","","","",
"Lithuania","LTU","Mortality from CVD, cancer, diabetes or CRD between exact ages 30 and 70 (%)","SH.DYN.NCOM.ZS","","","","","","","","","","","","","","","","","","","","","","","","","","","","","","","","","","","","","","","","","24.2","24.5","24.6","24.5","24.9","25.8","26.5","26.7","25.2","24.4","23.7","23.7","22.9","22.2","21.4","22.2","21.4","19.9","19.9","19.8","20.7","19.8","","","","",
"Luxembourg","LUX","Mortality from CVD, cancer, diabetes or CRD between exact ages 30 and 70 (%)","SH.DYN.NCOM.ZS","","","","","","","","","","","","","","","","","","","","","","","","","","","","","","","","","","","","","","","","","15","14.7","14.2","13.8","13.6","13.3","12.7","12.1","11.9","11.6","11.5","11.1","10.6","10.2","9.9","9.6","9.3","9.2","8.9","8.6","8.1","7.8","","","","",
"Latvia","LVA","Mortality from CVD, cancer, diabetes or CRD between exact ages 30 and 70 (%)","SH.DYN.NCOM.ZS","","","","","","","","","","","","","","","","","","","","","","","","","","","","","","","","","","","","","","","","","28","29.1","29","28.3","28.2","28.5","29.1","28.7","27.3","26.1","26.1","25.2","24.1","23.6","23.3","22.1","22.1","22.4","22.2","21.1","21.1","22.7","","","","",
"Macao SAR, China","MAC","Mortality from CVD, cancer, diabetes or CRD between exact ages 30 and 70 (%)","SH.DYN.NCOM.ZS","","","","","","","","","","","","","","","","","","","","","","","","","","","","","","","","","","","","","","","","","","","","","","","","","","","","","","","","","","","","","","","","","","",
"St. Martin (French part)","MAF","Mortality from CVD, cancer, diabetes or CRD between exact ages 30 and 70 (%)","SH.DYN.NCOM.ZS","","","","","","","","","","","","","","","","","","","","","","","","","","","","","","","","","","","","","","","","","","","","","","","","","","","","","","","","","","","","","","","","","","",
"Morocco","MAR","Mortality from CVD, cancer, diabetes or CRD between exact ages 30 and 70 (%)","SH.DYN.NCOM.ZS","","","","","","","","","","","","","","","","","","","","","","","","","","","","","","","","","","","","","","","","","24","23.8","23.5","23.6","23.6","23.6","23.5","23.6","23.3","23.1","22.9","22.9","22.7","22.6","22.6","22.7","22.6","22.6","22.7","22.6","22.6","22","","","","",
"Monaco","MCO","Mortality from CVD, cancer, diabetes or CRD between exact ages 30 and 70 (%)","SH.DYN.NCOM.ZS","","","","","","","","","","","","","","","","","","","","","","","","","","","","","","","","","","","","","","","","","","","","","","","","","","","","","","","","","","","","","","","","","","",
"Moldova","MDA","Mortality from CVD, cancer, diabetes or CRD between exact ages 30 and 70 (%)","SH.DYN.NCOM.ZS","","","","","","","","","","","","","","","","","","","","","","","","","","","","","","","","","","","","","","","","","36.1","34.3","35.3","35.3","34.6","35.6","34.4","33","31.8","31.9","31.8","28.2","26.7","25.2","25.3","26.3","25.6","24","24.1","24","23.7","24.7","","","","",
"Madagascar","MDG","Mortality from CVD, cancer, diabetes or CRD between exact ages 30 and 70 (%)","SH.DYN.NCOM.ZS","","","","","","","","","","","","","","","","","","","","","","","","","","","","","","","","","","","","","","","","","29.4","29","29.5","29.8","29.8","29.2","28.8","28.3","28","27.9","27.8","27.7","27.2","27","27.2","26.8","26.9","26.6","26.5","26.5","27","25.9","","","","",
"Maldives","MDV","Mortality from CVD, cancer, diabetes or CRD between exact ages 30 and 70 (%)","SH.DYN.NCOM.ZS","","","","","","","","","","","","","","","","","","","","","","","","","","","","","","","","","","","","","","","","","29.9","29.1","28","27.2","25.4","24.5","23.6","22.8","22.2","21.5","20.7","19.8","18.6","17.3","16","15.1","14.2","13.6","12.9","12.6","11.2","9","","","","",
"Middle East, North Africa, Afghanistan & Pakistan","MEA","Mortality from CVD, cancer, diabetes or CRD between exact ages 30 and 70 (%)","SH.DYN.NCOM.ZS","","","","","","","","","","","","","","","","","","","","","","","","","","","","","","","","","","","","","","","","","25.6876827990204","25.6481291946656","25.536498323738","25.4540620105187","25.1734756174891","24.8813429352422","24.5740763987729","24.199734823737","23.9036512245307","23.6067316583432","23.2469691221575","22.8502607050933","22.6774619661614","22.3162376272408","22.2217926375925","22.2698109163714","21.9173553846396","21.6486797266178","21.570629073004","21.4770380667631","21.2104842455694","20.6855484698337","","","","",
"Mexico","MEX","Mortality from CVD, cancer, diabetes or CRD between exact ages 30 and 70 (%)","SH.DYN.NCOM.ZS","","","","","","","","","","","","","","","","","","","","","","","","","","","","","","","","","","","","","","","","","17","16.7","17.1","17.1","16.8","16.8","16.5","16.3","16.7","16.4","16.4","15.8","15.8","15.4","15.8","15.8","16.1","15.7","15.3","15.3","16.7","16.3","","","","",
"Marshall Islands","MHL","Mortality from CVD, cancer, diabetes or CRD between exact ages 30 and 70 (%)","SH.DYN.NCOM.ZS","","","","","","","","","","","","","","","","","","","","","","","","","","","","","","","","","","","","","","","","","","","","","","","","","","","","","","","","","","","","","","","","","","",
"Middle income","MIC","Mortality from CVD, cancer, diabetes or CRD between exact ages 30 and 70 (%)","SH.DYN.NCOM.ZS","","","","","","","","","","","","","","","","","","","","","","","","","","","","","","","","","","","","","","","","","23.6013649785305","23.3191093145939","23.2007824069676","23.0983352168795","22.7748000258962","22.4130739015251","21.9492485211378","21.5873709825616","21.4511077478397","21.2374402258064","21.1682913698924","20.9482827905251","20.738290174588","20.2946325675656","20.0074545172142","20.0001631319032","19.9134463356793","19.7263932735453","19.7397079831429","19.6559847457798","19.4402663717749","19.4247459997166","","","","",
"North Macedonia","MKD","Mortality from CVD, cancer, diabetes or CRD between exact ages 30 and 70 (%)","SH.DYN.NCOM.ZS","","","","","","","","","","","","","","","","","","","","","","","","","","","","","","","","","","","","","","","","","25.7","25.2","25.8","24.9","24","24.2","24.6","24.5","23.4","23.2","22.7","22.6","21.9","21","21.4","21.5","20.8","20","20","19.3","19.8","19.6","","","","",
"Mali","MLI","Mortality from CVD, cancer, diabetes or CRD between exact ages 30 and 70 (%)","SH.DYN.NCOM.ZS","","","","","","","","","","","","","","","","","","","","","","","","","","","","","","","","","","","","","","","","","25.8","25.5","25.4","25","24.7","24.5","24.5","24.8","25.1","25.1","24.9","24.9","25.1","25.2","25.3","25.4","25.1","24.8","24.6","24.2","24.2","23","","","","",
"Malta","MLT","Mortality from CVD, cancer, diabetes or CRD between exact ages 30 and 70 (%)","SH.DYN.NCOM.ZS","","","","","","","","","","","","","","","","","","","","","","","","","","","","","","","","","","","","","","","","","15.7","15.2","14.4","13.9","13.4","13.2","13","12.8","12.4","12.1","11.8","11.5","11.1","10.9","10.8","10.7","10.6","10.4","10.1","10","9.7","9.8","","","","",
"Myanmar","MMR","Mortality from CVD, cancer, diabetes or CRD between exact ages 30 and 70 (%)","SH.DYN.NCOM.ZS","","","","","","","","","","","","","","","","","","","","","","","","","","","","","","","","","","","","","","","","","33.1","32.8","32.7","32.6","32.7","32.2","31.8","30.8","30.1","29","28.3","27.5","27.1","26.5","26.2","26.2","25.9","25.5","25.7","25.6","25.8","24","","","","",
"Middle East, North Africa, Afghanistan & Pakistan (excluding high income)","MNA","Mortality from CVD, cancer, diabetes or CRD between exact ages 30 and 70 (%)","SH.DYN.NCOM.ZS","","","","","","","","","","","","","","","","","","","","","","","","","","","","","","","","","","","","","","","","","26.3190816068265","26.3357244340716","26.245136192553","26.2023593021614","25.9356975246179","25.6454721043726","25.3497124334603","25.0000081840597","24.7544879560095","24.5320931644251","24.1831279102196","23.8729554488662","23.7885962069304","23.4706438574943","23.4007523855071","23.497938105344","23.1507404864639","22.8146751522765","22.6939807523639","22.5703398813532","22.3198045327903","21.6993467677001","","","","",
"Montenegro","MNE","Mortality from CVD, cancer, diabetes or CRD between exact ages 30 and 70 (%)","SH.DYN.NCOM.ZS","","","","","","","","","","","","","","","","","","","","","","","","","","","","","","","","","","","","","","","","","25.8","25.8","25.9","25.7","25.5","25","24.4","23.6","23.1","22.5","22.1","21.7","21.3","20.9","20.8","20.6","20.4","20.5","20.4","20.9","21.4","18","","","","",
"Mongolia","MNG","Mortality from CVD, cancer, diabetes or CRD between exact ages 30 and 70 (%)","SH.DYN.NCOM.ZS","","","","","","","","","","","","","","","","","","","","","","","","","","","","","","","","","","","","","","","","","40","40.2","39.8","39.5","38.9","38.3","37.2","36","34.9","36.1","35.9","34.5","33.1","32.4","31.6","31","30.4","29.6","29.2","28.7","24.5","26.3","","","","",
"Northern Mariana Islands","MNP","Mortality from CVD, cancer, diabetes or CRD between exact ages 30 and 70 (%)","SH.DYN.NCOM.ZS","","","","","","","","","","","","","","","","","","","","","","","","","","","","","","","","","","","","","","","","","","","","","","","","","","","","","","","","","","","","","","","","","","",
"Mozambique","MOZ","Mortality from CVD, cancer, diabetes or CRD between exact ages 30 and 70 (%)","SH.DYN.NCOM.ZS","","","","","","","","","","","","","","","","","","","","","","","","","","","","","","","","","","","","","","","","","21.9","21.2","21.2","20.9","21","21.3","22.7","25.5","26.3","27.1","27.9","28.1","28","28.7","29.7","29.6","30.2","30.3","29.8","28.7","28.8","26.6","","","","",
"Mauritania","MRT","Mortality from CVD, cancer, diabetes or CRD between exact ages 30 and 70 (%)","SH.DYN.NCOM.ZS","","","","","","","","","","","","","","","","","","","","","","","","","","","","","","","","","","","","","","","","","20.8","20.4","20","19.6","19.6","18.7","18.7","18.7","18.3","18.3","18.1","17.8","18.3","18","18.1","18.1","18.1","18.3","18.3","18.4","18.8","18.7","","","","",
"Mauritius","MUS","Mortality from CVD, cancer, diabetes or CRD between exact ages 30 and 70 (%)","SH.DYN.NCOM.ZS","","","","","","","","","","","","","","","","","","","","","","","","","","","","","","","","","","","","","","","","","29.2","29","28.9","28.4","28.4","27.7","26.6","26.7","25.7","25","24.3","23.9","24","23.4","23.2","23.4","22.9","22.9","23","22.8","22.8","21.7","","","","",
"Malawi","MWI","Mortality from CVD, cancer, diabetes or CRD between exact ages 30 and 70 (%)","SH.DYN.NCOM.ZS","","","","","","","","","","","","","","","","","","","","","","","","","","","","","","","","","","","","","","","","","27.3","26.5","26","26.4","26.5","25.3","26.9","26.2","24.8","24.6","24.2","24.3","24.4","24","24.2","24.6","25.1","25.8","26","26.1","26.1","24.9","","","","",
"Malaysia","MYS","Mortality from CVD, cancer, diabetes or CRD between exact ages 30 and 70 (%)","SH.DYN.NCOM.ZS","","","","","","","","","","","","","","","","","","","","","","","","","","","","","","","","","","","","","","","","","22.3","21.3","20.9","21.1","20.6","20","19.6","19.3","19.5","19.4","19.2","19","18.3","17.9","18.1","19.4","19.6","19.8","19.9","19.7","17.4","19.9","","","","",
"North America","NAC","Mortality from CVD, cancer, diabetes or CRD between exact ages 30 and 70 (%)","SH.DYN.NCOM.ZS","","","","","","","","","","","","","","","","","","","","","","","","","","","","","","","","","","","","","","","","","17.4503522919146","17.0502173003001","16.8497556174845","16.5493437203903","15.9695405612399","15.6585858280806","15.2578442022","14.8884945263162","14.7671136757366","14.4559669348115","14.1450289466728","13.9447785179489","13.8439843432606","13.6429921700014","13.5423900615499","13.6219619818203","13.5321343263408","13.3104602397299","13.108842407923","12.8172937216576","13.2158736757042","13.27239616636","","","","",
"Namibia","NAM","Mortality from CVD, cancer, diabetes or CRD between exact ages 30 and 70 (%)","SH.DYN.NCOM.ZS","","","","","","","","","","","","","","","","","","","","","","","","","","","","","","","","","","","","","","","","","25.7","25.7","26.2","26.3","25.9","25.3","24.2","23.4","23.1","24.2","23.9","22.5","22.1","22.1","22.8","23.7","23.4","23.2","23.1","22.8","23.6","23.1","","","","",
"New Caledonia","NCL","Mortality from CVD, cancer, diabetes or CRD between exact ages 30 and 70 (%)","SH.DYN.NCOM.ZS","","","","","","","","","","","","","","","","","","","","","","","","","","","","","","","","","","","","","","","","","","","","","","","","","","","","","","","","","","","","","","","","","","",
"Niger","NER","Mortality from CVD, cancer, diabetes or CRD between exact ages 30 and 70 (%)","SH.DYN.NCOM.ZS","","","","","","","","","","","","","","","","","","","","","","","","","","","","","","","","","","","","","","","","","20.8","21","20.5","20.7","20.2","20.4","20.1","20","19.4","19.7","19.8","20.2","20.6","20.8","20.9","20.9","20.8","20.7","20.7","20.6","20.6","20.2","","","","",
"Nigeria","NGA","Mortality from CVD, cancer, diabetes or CRD between exact ages 30 and 70 (%)","SH.DYN.NCOM.ZS","","","","","","","","","","","","","","","","","","","","","","","","","","","","","","","","","","","","","","","","","20.9","21.1","20.7","20.2","20","19.4","19.2","18.9","18.6","18.6","18.3","18.1","18","17.9","17.6","17.4","17.3","17.1","17.1","17.1","17.9","17.7","","","","",
"Nicaragua","NIC","Mortality from CVD, cancer, diabetes or CRD between exact ages 30 and 70 (%)","SH.DYN.NCOM.ZS","","","","","","","","","","","","","","","","","","","","","","","","","","","","","","","","","","","","","","","","","13.4","13.7","14.4","14.3","14.3","14.8","13.1","14","14.4","14.1","13.6","14","14.2","13.9","14","12.9","13.6","13.2","13.1","12.8","12.4","12.6","","","","",
"Netherlands","NLD","Mortality from CVD, cancer, diabetes or CRD between exact ages 30 and 70 (%)","SH.DYN.NCOM.ZS","","","","","","","","","","","","","","","","","","","","","","","","","","","","","","","","","","","","","","","","","16.4","15.9","15.7","15.1","14.5","14","13.5","13.2","13","12.6","12.6","12.1","12","11.6","11.1","11.2","11.1","10.6","10.3","10","9.6","9.9","","","","",
"Norway","NOR","Mortality from CVD, cancer, diabetes or CRD between exact ages 30 and 70 (%)","SH.DYN.NCOM.ZS","","","","","","","","","","","","","","","","","","","","","","","","","","","","","","","","","","","","","","","","","14.3","14","13.9","13.1","12.7","12.3","12","12","11.7","11.3","11.2","10.8","10.6","10.5","9.9","9.5","9.4","9.1","8.7","8.3","8","7.8","","","","",
"Nepal","NPL","Mortality from CVD, cancer, diabetes or CRD between exact ages 30 and 70 (%)","SH.DYN.NCOM.ZS","","","","","","","","","","","","","","","","","","","","","","","","","","","","","","","","","","","","","","","","","19.6","19","18.5","18.4","18.2","18.2","18.3","18.6","18.9","19.2","19.1","19.6","20.1","20.3","20.6","20.7","20.5","20.4","20.5","20.4","20.4","19.4","","","","",
"Naoero","NRU","Mortality from CVD, cancer, diabetes or CRD between exact ages 30 and 70 (%)","SH.DYN.NCOM.ZS","","","","","","","","","","","","","","","","","","","","","","","","","","","","","","","","","","","","","","","","","","","","","","","","","","","","","","","","","","","","","","","","","","",
"New Zealand","NZL","Mortality from CVD, cancer, diabetes or CRD between exact ages 30 and 70 (%)","SH.DYN.NCOM.ZS","","","","","","","","","","","","","","","","","","","","","","","","","","","","","","","","","","","","","","","","","15.9","15.8","15.2","14.6","14.3","13.3","13.1","13","12.3","12","11.8","11.9","11.4","11","10.9","10.9","10.8","11","10.5","10.4","10","10.3","","","","",
"OECD members","OED","Mortality from CVD, cancer, diabetes or CRD between exact ages 30 and 70 (%)","SH.DYN.NCOM.ZS","","","","","","","","","","","","","","","","","","","","","","","","","","","","","","","","","","","","","","","","","16.3757954035958","15.937160258792","15.6402434269209","15.3622728707157","14.8802251277514","14.6039959738713","14.2413146070084","13.9739366696298","13.7692989157271","13.531263661059","13.3315776121844","13.0907224990803","12.9195762443294","12.7075566756658","12.5340297717952","12.51776322654","12.3921864154999","12.1714062102181","12.0232608541655","11.7849734009666","11.8476064269858","11.8113546621429","","","","",
"Oman","OMN","Mortality from CVD, cancer, diabetes or CRD between exact ages 30 and 70 (%)","SH.DYN.NCOM.ZS","","","","","","","","","","","","","","","","","","","","","","","","","","","","","","","","","","","","","","","","","30","29.4","28.9","28.4","28.1","27.8","27.4","26.3","26.3","24.9","26.9","25.5","23.7","22.5","22.8","22.3","21.9","21.3","20.6","20.3","17.7","14.6","","","","",
"Other small states","OSS","Mortality from CVD, cancer, diabetes or CRD between exact ages 30 and 70 (%)","SH.DYN.NCOM.ZS","","","","","","","","","","","","","","","","","","","","","","","","","","","","","","","","","","","","","","","","","23.1188384898027","23.0635427376034","22.8368437440973","22.6392792469291","22.4765922885933","21.9634892417346","21.5688986464496","21.1698457589269","20.541141106772","20.1205695182113","19.846255002615","19.1562205656375","19.0087044322022","18.6726028633714","18.6917085376727","18.4933580883884","18.4136010080604","18.2749810455564","18.2573934337981","17.9510600715222","17.7983340974728","16.9713361399287","","","","",
"Pakistan","PAK","Mortality from CVD, cancer, diabetes or CRD between exact ages 30 and 70 (%)","SH.DYN.NCOM.ZS","","","","","","","","","","","","","","","","","","","","","","","","","","","","","","","","","","","","","","","","","30.1","30.1","30.1","30.2","29.9","29.7","29.3","28.9","28.6","28.4","28.1","27.9","27.7","27.7","27.5","27.3","27.1","26.9","26.5","26.3","26.5","25.5","","","","",
"Panama","PAN","Mortality from CVD, cancer, diabetes or CRD between exact ages 30 and 70 (%)","SH.DYN.NCOM.ZS","","","","","","","","","","","","","","","","","","","","","","","","","","","","","","","","","","","","","","","","","12.7","12.4","12.7","12.6","12.5","12.3","12.3","11.7","11.6","11.7","11.5","11.6","11.9","11.6","11.7","11.5","10.9","11.2","11.1","11.1","10.1","10.9","","","","",
"Peru","PER","Mortality from CVD, cancer, diabetes or CRD between exact ages 30 and 70 (%)","SH.DYN.NCOM.ZS","","","","","","","","","","","","","","","","","","","","","","","","","","","","","","","","","","","","","","","","","11","9.3","9.6","9.5","9.4","9.4","9.2","8.7","8.7","9.5","9.7","9.6","9.2","8.9","9","8.6","8.3","8.9","9.7","10.7","12.1","12.3","","","","",
"Philippines","PHL","Mortality from CVD, cancer, diabetes or CRD between exact ages 30 and 70 (%)","SH.DYN.NCOM.ZS","","","","","","","","","","","","","","","","","","","","","","","","","","","","","","","","","","","","","","","","","21.2","22.2","22.7","22.8","23.3","23.6","24.6","24.6","24.7","25.2","25","25","25.2","25","25.5","25.3","26.1","24.9","25","25.3","24.9","31.9","","","","",
"Palau","PLW","Mortality from CVD, cancer, diabetes or CRD between exact ages 30 and 70 (%)","SH.DYN.NCOM.ZS","","","","","","","","","","","","","","","","","","","","","","","","","","","","","","","","","","","","","","","","","","","","","","","","","","","","","","","","","","","","","","","","","","",
"Papua New Guinea","PNG","Mortality from CVD, cancer, diabetes or CRD between exact ages 30 and 70 (%)","SH.DYN.NCOM.ZS","","","","","","","","","","","","","","","","","","","","","","","","","","","","","","","","","","","","","","","","","30.4","31.1","30.5","30.5","30.3","30.4","30.5","30.7","30.1","29.2","29.5","29.6","30.3","30.2","30.9","30.9","30.7","30.1","30.2","30.7","30.3","28.5","","","","",
"Poland","POL","Mortality from CVD, cancer, diabetes or CRD between exact ages 30 and 70 (%)","SH.DYN.NCOM.ZS","","","","","","","","","","","","","","","","","","","","","","","","","","","","","","","","","","","","","","","","","25","24.4","23.5","23.2","22.9","22.5","22.4","22.2","21.6","21.5","20.6","20","20.2","19.8","19.1","19.5","18.6","18.2","18.2","17.7","17.7","17","","","","",
"Pre-demographic dividend","PRE","Mortality from CVD, cancer, diabetes or CRD between exact ages 30 and 70 (%)","SH.DYN.NCOM.ZS","","","","","","","","","","","","","","","","","","","","","","","","","","","","","","","","","","","","","","","","","24.8170135992833","24.7120208216161","24.4859141034108","24.3152141636356","24.1215847051661","23.7110002910451","23.5334687950172","23.420681520449","23.2865603013607","23.2214584784293","23.0515756843985","22.9740165410132","22.7173617367622","22.6542844717406","22.4984492167761","22.3800218046406","22.3054689951184","22.2359481913048","22.298692703741","22.2316933215811","22.6779389811966","21.9996393503974","","","","",
"Puerto Rico (US)","PRI","Mortality from CVD, cancer, diabetes or CRD between exact ages 30 and 70 (%)","SH.DYN.NCOM.ZS","","","","","","","","","","","","","","","","","","","","","","","","","","","","","","","","","","","","","","","","","15.2","15.3","14.3","14","13.8","13.6","13.3","13.1","12.7","12.8","12.1","12.4","11.6","11.8","11.4","11.2","11.3","11.8","10.6","10.7","10.7","10.1","","","","",
"Korea, Dem. People's Rep.","PRK","Mortality from CVD, cancer, diabetes or CRD between exact ages 30 and 70 (%)","SH.DYN.NCOM.ZS","","","","","","","","","","","","","","","","","","","","","","","","","","","","","","","","","","","","","","","","","23.8","23.7","24.3","24.2","24.2","24.2","24.1","25.1","26","26.3","26.7","26.9","26.7","26.8","26.8","27","26.5","25.5","24.6","24.6","24.3","23.7","","","","",
"Portugal","PRT","Mortality from CVD, cancer, diabetes or CRD between exact ages 30 and 70 (%)","SH.DYN.NCOM.ZS","","","","","","","","","","","","","","","","","","","","","","","","","","","","","","","","","","","","","","","","","15.8","15.5","15","14.8","14","14.2","13.5","13.1","12.8","12.6","12.4","12.2","12.1","11.8","11.5","11.5","11.5","11.4","11.4","11.2","10.7","10.5","","","","",
"Paraguay","PRY","Mortality from CVD, cancer, diabetes or CRD between exact ages 30 and 70 (%)","SH.DYN.NCOM.ZS","","","","","","","","","","","","","","","","","","","","","","","","","","","","","","","","","","","","","","","","","17.5","16.8","16.9","17.4","17.9","17.8","18","18.1","17.6","17.9","18","17.2","17","16.8","16.4","16.6","16.7","16.4","16.5","16.5","15.5","16.1","","","","",
"West Bank and Gaza","PSE","Mortality from CVD, cancer, diabetes or CRD between exact ages 30 and 70 (%)","SH.DYN.NCOM.ZS","","","","","","","","","","","","","","","","","","","","","","","","","","","","","","","","","","","","","","","","","25.2","25.2","25.4","25","24.9","24.6","24.4","24.2","23.6","23.2","23","23.2","22.4","21","20.3","20.4","19.6","18.8","18.3","18.5","18.1","18.3","","","","",
"Pacific island small states","PSS","Mortality from CVD, cancer, diabetes or CRD between exact ages 30 and 70 (%)","SH.DYN.NCOM.ZS","","","","","","","","","","","","","","","","","","","","","","","","","","","","","","","","","","","","","","","","","39.9385648468058","39.1047001500317","38.4422958147471","38.6411128469045","37.2307554369635","37.8704659478459","37.965380902765","38.8444517693921","39.4119086740777","39.2493639926317","39.0403939766102","38.8428042788571","38.6932373514757","38.5102323216366","38.3963166566408","38.2756167008736","37.9931287914004","37.8636098625682","37.7150714616261","37.5225741157451","38.1539940280828","38.0469677393518","","","","",
"Post-demographic dividend","PST","Mortality from CVD, cancer, diabetes or CRD between exact ages 30 and 70 (%)","SH.DYN.NCOM.ZS","","","","","","","","","","","","","","","","","","","","","","","","","","","","","","","","","","","","","","","","","16.8896626219782","16.4552590241512","16.1943235564126","15.8937593112629","15.4179582143105","15.1850941190319","14.7203612192006","14.4548441642308","14.2018624750434","13.8153397066713","13.5650410815471","13.3068658605067","13.0858695044164","12.8475059248233","12.6755421004518","12.5712264708044","12.4361589791416","12.2318722793647","12.1429935955828","11.8627066801576","11.8933781962253","11.9028991392171","","","","",
"French Polynesia","PYF","Mortality from CVD, cancer, diabetes or CRD between exact ages 30 and 70 (%)","SH.DYN.NCOM.ZS","","","","","","","","","","","","","","","","","","","","","","","","","","","","","","","","","","","","","","","","","","","","","","","","","","","","","","","","","","","","","","","","","","",
"Qatar","QAT","Mortality from CVD, cancer, diabetes or CRD between exact ages 30 and 70 (%)","SH.DYN.NCOM.ZS","","","","","","","","","","","","","","","","","","","","","","","","","","","","","","","","","","","","","","","","","28.8","28.6","28.8","28.4","27.5","26.7","25.1","24","22.7","21.4","20","18.6","17.5","16.4","15.5","14.6","14.1","13.7","13.4","12.9","12","12.1","","","","",
"Romania","ROU","Mortality from CVD, cancer, diabetes or CRD between exact ages 30 and 70 (%)","SH.DYN.NCOM.ZS","","","","","","","","","","","","","","","","","","","","","","","","","","","","","","","","","","","","","","","","","26.4","26.6","27.2","26.7","25.7","25.5","24.8","24.1","23.7","23.7","23.1","22.1","22","21.4","21.6","21.6","21.7","21.6","21.8","21.1","21.5","21.5","","","","",
"Russian Federation","RUS","Mortality from CVD, cancer, diabetes or CRD between exact ages 30 and 70 (%)","SH.DYN.NCOM.ZS","","","","","","","","","","","","","","","","","","","","","","","","","","","","","","","","","","","","","","","","","36.9","37.3","38.1","38.1","37.2","37.3","34.6","32.9","32.8","31.5","30.9","29","27.6","26.6","28","26","26.1","24.9","25","24","22","22.4","","","","",
"Rwanda","RWA","Mortality from CVD, cancer, diabetes or CRD between exact ages 30 and 70 (%)","SH.DYN.NCOM.ZS","","","","","","","","","","","","","","","","","","","","","","","","","","","","","","","","","","","","","","","","","37.6","34.7","31.8","29.1","26.9","25.1","23.9","23","22.3","21.6","21.2","20.9","20.8","20.6","20.6","20.6","20.5","20.5","20.4","20.4","20.2","20","","","","",
"South Asia","SAS","Mortality from CVD, cancer, diabetes or CRD between exact ages 30 and 70 (%)","SH.DYN.NCOM.ZS","","","","","","","","","","","","","","","","","","","","","","","","","","","","","","","","","","","","","","","","","23.0156696207297","22.6613041499072","22.542878690118","22.3426959717946","21.5871962357533","21.5354479849076","21.8313012730562","21.9847046726973","22.1015844738703","22.0385794559674","22.4028330406328","22.5564535434944","22.4853789900973","21.9310739874359","21.6325027997587","22.1334082670857","22.2984839482431","22.4909846622557","23.0172875453574","23.0914259252714","22.6617241291163","22.8647261220073","","","","",
"Saudi Arabia","SAU","Mortality from CVD, cancer, diabetes or CRD between exact ages 30 and 70 (%)","SH.DYN.NCOM.ZS","","","","","","","","","","","","","","","","","","","","","","","","","","","","","","","","","","","","","","","","","19.5","19.2","18.9","18.7","18.6","18.5","18.7","18.7","18.1","17.1","15.9","14.1","12.9","12.5","12.7","12.9","13.1","13.8","14.2","14.3","13.5","13.6","","","","",
"Sudan","SDN","Mortality from CVD, cancer, diabetes or CRD between exact ages 30 and 70 (%)","SH.DYN.NCOM.ZS","","","","","","","","","","","","","","","","","","","","","","","","","","","","","","","","","","","","","","","","","26.7","26.3","26","25.5","25","24.6","24.2","24","24","23.7","23.2","23.7","23.4","23.3","23.1","22.9","22.8","22.7","22.8","22.4","22.6","21.2","","","","",
"Senegal","SEN","Mortality from CVD, cancer, diabetes or CRD between exact ages 30 and 70 (%)","SH.DYN.NCOM.ZS","","","","","","","","","","","","","","","","","","","","","","","","","","","","","","","","","","","","","","","","","24.5","24.5","24.2","24","23.7","23.3","22.8","22.8","23.5","23.5","23","22.8","22.9","23","23.3","22.8","22.8","22.6","22.3","22.4","22.4","21.4","","","","",
"Singapore","SGP","Mortality from CVD, cancer, diabetes or CRD between exact ages 30 and 70 (%)","SH.DYN.NCOM.ZS","","","","","","","","","","","","","","","","","","","","","","","","","","","","","","","","","","","","","","","","","16.5","16.1","15.3","14.2","13.5","13.1","12.5","12.5","12.4","11.3","11","10.9","10.7","10.2","9.8","9.8","9.6","9.4","9","8.6","8.9","10.3","","","","",
"Solomon Islands","SLB","Mortality from CVD, cancer, diabetes or CRD between exact ages 30 and 70 (%)","SH.DYN.NCOM.ZS","","","","","","","","","","","","","","","","","","","","","","","","","","","","","","","","","","","","","","","","","34.3","33.9","34","35.1","31.4","33.7","33.4","37.6","39.5","39.5","39.2","39.3","39.3","39.1","39.2","39","38.6","38.4","38.5","38.2","39.9","40.6","","","","",
"Sierra Leone","SLE","Mortality from CVD, cancer, diabetes or CRD between exact ages 30 and 70 (%)","SH.DYN.NCOM.ZS","","","","","","","","","","","","","","","","","","","","","","","","","","","","","","","","","","","","","","","","","24.3","25.1","25.7","25.9","26.2","26.4","26.3","26.9","27","26.9","26.8","26.4","26","25.2","24.6","24.4","24.7","24.7","24.6","24.3","23.7","23.9","","","","",
"El Salvador","SLV","Mortality from CVD, cancer, diabetes or CRD between exact ages 30 and 70 (%)","SH.DYN.NCOM.ZS","","","","","","","","","","","","","","","","","","","","","","","","","","","","","","","","","","","","","","","","","12.7","12.5","11.7","12.2","12","12.1","12.4","12.2","12","12.3","11.9","12.2","11.9","12.4","12.9","13","13","13.5","12.8","13","13.1","12.6","","","","",
"San Marino","SMR","Mortality from CVD, cancer, diabetes or CRD between exact ages 30 and 70 (%)","SH.DYN.NCOM.ZS","","","","","","","","","","","","","","","","","","","","","","","","","","","","","","","","","","","","","","","","","","","","","","","","","","","","","","","","","","","","","","","","","","",
"Somalia, Fed. Rep.","SOM","Mortality from CVD, cancer, diabetes or CRD between exact ages 30 and 70 (%)","SH.DYN.NCOM.ZS","","","","","","","","","","","","","","","","","","","","","","","","","","","","","","","","","","","","","","","","","33.4","33","32.6","32.3","32.3","32","31.6","31.4","31.6","31.4","30.7","29.6","30.2","30.5","30.2","30","29.8","29.7","29.4","29.2","29.3","27.6","","","","",
"Serbia","SRB","Mortality from CVD, cancer, diabetes or CRD between exact ages 30 and 70 (%)","SH.DYN.NCOM.ZS","","","","","","","","","","","","","","","","","","","","","","","","","","","","","","","","","","","","","","","","","29.3","27.9","28","27.8","27.5","27","26.2","25.6","24.9","24.7","24.5","23.1","22.6","22.1","22","22","21.6","21.9","21.4","21.4","21.5","20.7","","","","",
"Sub-Saharan Africa (excluding high income)","SSA","Mortality from CVD, cancer, diabetes or CRD between exact ages 30 and 70 (%)","SH.DYN.NCOM.ZS","","","","","","","","","","","","","","","","","","","","","","","","","","","","","","","","","","","","","","","","","24.1183194462878","23.9408133931786","23.8077502483902","23.6738984828113","23.4805329685411","23.082214665312","22.9930992013205","22.8519406839352","22.7809614458072","22.6829581081017","22.6691850721178","22.4649574776274","22.1920074273181","22.0554365886671","21.9603916064247","21.9347887467138","21.8268457797727","21.6666162976702","21.6721631156271","21.508627575029","21.9007112570336","21.3288534364474","","","","",
"South Sudan","SSD","Mortality from CVD, cancer, diabetes or CRD between exact ages 30 and 70 (%)","SH.DYN.NCOM.ZS","","","","","","","","","","","","","","","","","","","","","","","","","","","","","","","","","","","","","","","","","19.8","18.9","18.3","18.3","18.3","18","17.9","17.7","17.4","17.6","17.2","17.1","17.2","17.4","18","19","19","19.6","21.2","22","22.6","22.4","","","","",
"Sub-Saharan Africa","SSF","Mortality from CVD, cancer, diabetes or CRD between exact ages 30 and 70 (%)","SH.DYN.NCOM.ZS","","","","","","","","","","","","","","","","","","","","","","","","","","","","","","","","","","","","","","","","","24.1183708950066","23.9408603200448","23.807841214859","23.674101779079","23.4807493700751","23.0824112232843","22.9932951098009","22.8520717251933","22.7810705969368","22.6829087806097","22.6689789977503","22.4647284107488","22.1918603450026","22.0552478240395","21.9602362451285","21.9347346429473","21.8268574980262","21.6666057287027","21.6721674764167","21.5086726549333","21.8999312391443","21.3279871020553","","","","",
"Small states","SST","Mortality from CVD, cancer, diabetes or CRD between exact ages 30 and 70 (%)","SH.DYN.NCOM.ZS","","","","","","","","","","","","","","","","","","","","","","","","","","","","","","","","","","","","","","","","","25.6585945625356","25.3434921463559","24.9805145833118","24.872603052711","24.5262527929386","24.0882635502381","23.6745429446056","23.3904735150843","23.0713548707781","22.6439310472637","22.3952696048047","21.8342205619551","21.5933067041435","21.4552697810318","21.5011477038266","21.3370581478806","21.2868658506534","21.1088089937573","21.049222601612","20.8583735219775","20.8501784667864","19.9298336720562","","","","",
"Sao Tome and Principe","STP","Mortality from CVD, cancer, diabetes or CRD between exact ages 30 and 70 (%)","SH.DYN.NCOM.ZS","","","","","","","","","","","","","","","","","","","","","","","","","","","","","","","","","","","","","","","","","21.2","21.4","21.3","20.8","21","20.6","20.9","21.3","21","20.5","19.9","19.5","20.2","19.8","19.7","19.8","20.2","20.5","20.5","20.6","20.4","19.5","","","","",
"Suriname","SUR","Mortality from CVD, cancer, diabetes or CRD between exact ages 30 and 70 (%)","SH.DYN.NCOM.ZS","","","","","","","","","","","","","","","","","","","","","","","","","","","","","","","","","","","","","","","","","24","24.3","24.7","24.5","23.7","22.8","21.6","20.7","20.7","20.4","20.3","19.8","19.5","20.5","20.7","21","20.9","21.2","21.7","21.6","21.5","18.7","","","","",
"Slovak Republic","SVK","Mortality from CVD, cancer, diabetes or CRD between exact ages 30 and 70 (%)","SH.DYN.NCOM.ZS","","","","","","","","","","","","","","","","","","","","","","","","","","","","","","","","","","","","","","","","","25.4","25.1","24.2","23.9","23.2","23.1","22.4","22.5","21.5","21.1","20.6","19.7","18.9","18.9","18.2","18.5","17.8","17.7","17.4","16.7","16.9","16.6","","","","",
"Slovenia","SVN","Mortality from CVD, cancer, diabetes or CRD between exact ages 30 and 70 (%)","SH.DYN.NCOM.ZS","","","","","","","","","","","","","","","","","","","","","","","","","","","","","","","","","","","","","","","","","18.5","18.4","17.5","17.7","16.7","16.1","15.6","15.1","14.2","14.2","13.5","13.3","13.1","13","12.4","12.8","12.1","12.2","12","11.4","11","11.6","","","","",
"Sweden","SWE","Mortality from CVD, cancer, diabetes or CRD between exact ages 30 and 70 (%)","SH.DYN.NCOM.ZS","","","","","","","","","","","","","","","","","","","","","","","","","","","","","","","","","","","","","","","","","13.2","12.9","12.7","12.3","12","11.8","11.4","11.2","11","10.6","10.4","10.1","9.8","9.8","9.5","9.2","9.1","8.9","8.7","8.2","8","7.9","","","","",
"Eswatini","SWZ","Mortality from CVD, cancer, diabetes or CRD between exact ages 30 and 70 (%)","SH.DYN.NCOM.ZS","","","","","","","","","","","","","","","","","","","","","","","","","","","","","","","","","","","","","","","","","30.2","32.4","34.2","35.6","36.7","37.7","37.4","37.2","36.7","36","39.2","33.5","33.5","33.3","33.6","34.5","35.2","35.6","35.7","35.1","35.1","32.3","","","","",
"Sint Maarten (Dutch part)","SXM","Mortality from CVD, cancer, diabetes or CRD between exact ages 30 and 70 (%)","SH.DYN.NCOM.ZS","","","","","","","","","","","","","","","","","","","","","","","","","","","","","","","","","","","","","","","","","","","","","","","","","","","","","","","","","","","","","","","","","","",
"Seychelles","SYC","Mortality from CVD, cancer, diabetes or CRD between exact ages 30 and 70 (%)","SH.DYN.NCOM.ZS","","","","","","","","","","","","","","","","","","","","","","","","","","","","","","","","","","","","","","","","","24.4","24.2","24.3","24.8","24.7","24.2","24.1","23.6","23.4","22.4","21.5","21.1","21.3","20.9","21","21.6","21.9","21.6","21.7","21.8","16.8","15.6","","","","",
"Syrian Arab Republic","SYR","Mortality from CVD, cancer, diabetes or CRD between exact ages 30 and 70 (%)","SH.DYN.NCOM.ZS","","","","","","","","","","","","","","","","","","","","","","","","","","","","","","","","","","","","","","","","","27.9","26.2","25.9","24.8","24.5","23.7","23.1","22.7","23.1","22.6","22.2","22","22.2","22.3","22.4","22.5","22.3","22.4","22.4","22","22.3","21.3","","","","",
"Turks and Caicos Islands","TCA","Mortality from CVD, cancer, diabetes or CRD between exact ages 30 and 70 (%)","SH.DYN.NCOM.ZS","","","","","","","","","","","","","","","","","","","","","","","","","","","","","","","","","","","","","","","","","","","","","","","","","","","","","","","","","","","","","","","","","","",
"Chad","TCD","Mortality from CVD, cancer, diabetes or CRD between exact ages 30 and 70 (%)","SH.DYN.NCOM.ZS","","","","","","","","","","","","","","","","","","","","","","","","","","","","","","","","","","","","","","","","","25.6","25.7","25.8","25.8","25.5","25.4","25.2","25.3","25.5","25.5","25.5","25.3","25.1","24.8","24.6","24.4","24.1","24","24.1","24","24.5","23.4","","","","",
"East Asia & Pacific (IDA & IBRD countries)","TEA","Mortality from CVD, cancer, diabetes or CRD between exact ages 30 and 70 (%)","SH.DYN.NCOM.ZS","","","","","","","","","","","","","","","","","","","","","","","","","","","","","","","","","","","","","","","","","24.089429654144","23.861896769247","23.7387502238818","23.6813173143258","23.562903859501","22.9439421747971","21.9748926638892","21.2737193523238","21.0381473027569","20.7892256669819","20.5487160484445","20.1926808251051","19.9278242718342","19.4418498535005","19.013211570441","18.7381446918498","18.5224816827466","18.217787783333","17.994392537772","17.8641020243465","17.5701823110734","17.74273877724","","","","",
"Europe & Central Asia (IDA & IBRD countries)","TEC","Mortality from CVD, cancer, diabetes or CRD between exact ages 30 and 70 (%)","SH.DYN.NCOM.ZS","","","","","","","","","","","","","","","","","","","","","","","","","","","","","","","","","","","","","","","","","32.269209021246","31.9349696636028","32.1433266049448","31.9574859743283","31.3143681988542","31.4474929052838","29.9905794439903","29.039982060754","28.6108738329365","27.6763065872974","27.0533152966577","25.8807432236821","25.068926427559","24.258705003285","24.6616673062453","23.6309657992213","23.4041727033076","22.6821462953529","22.6208134452798","21.9724408429283","21.1015162590225","20.7683490391018","","","","",
"Togo","TGO","Mortality from CVD, cancer, diabetes or CRD between exact ages 30 and 70 (%)","SH.DYN.NCOM.ZS","","","","","","","","","","","","","","","","","","","","","","","","","","","","","","","","","","","","","","","","","28.2","28.3","28.3","28.5","28.2","28.2","28.2","28.1","28.6","28.5","28.1","27.9","27.7","27.5","27.2","27.1","27","26.7","26.5","26.1","26.4","25.4","","","","",
"Thailand","THA","Mortality from CVD, cancer, diabetes or CRD between exact ages 30 and 70 (%)","SH.DYN.NCOM.ZS","","","","","","","","","","","","","","","","","","","","","","","","","","","","","","","","","","","","","","","","","18.3","17.7","18.1","17.9","17.9","17.4","17","16.3","15.8","15.2","15.1","14.7","14.2","13.9","13.9","13.9","14.1","13.9","14","14.3","14.2","14.5","","","","",
"Tajikistan","TJK","Mortality from CVD, cancer, diabetes or CRD between exact ages 30 and 70 (%)","SH.DYN.NCOM.ZS","","","","","","","","","","","","","","","","","","","","","","","","","","","","","","","","","","","","","","","","","29","28.6","28.5","28.3","28.2","28.6","28.3","28.2","27.6","27.3","26.1","25.2","23.9","22.3","22","21.4","21","20.2","19.8","19.4","18.6","18.1","","","","",
"Turkmenistan","TKM","Mortality from CVD, cancer, diabetes or CRD between exact ages 30 and 70 (%)","SH.DYN.NCOM.ZS","","","","","","","","","","","","","","","","","","","","","","","","","","","","","","","","","","","","","","","","","32.7","32.2","33.3","34.1","35.3","36.4","35.8","34.8","32.9","29.3","27.4","27.1","26.8","27.1","28","27.9","27.3","27.1","26.7","26.4","26.5","25.7","","","","",
"Latin America & the Caribbean (IDA & IBRD countries)","TLA","Mortality from CVD, cancer, diabetes or CRD between exact ages 30 and 70 (%)","SH.DYN.NCOM.ZS","","","","","","","","","","","","","","","","","","","","","","","","","","","","","","","","","","","","","","","","","18.3661163453211","17.9590002835356","17.7461654121181","17.6599132409338","17.408248489191","17.017420445323","16.7112438506797","16.5276667478812","16.4022093665111","16.1461508618998","16.0233479134196","15.8126271870255","15.5967886430254","15.3849520395882","15.2527938026106","15.2886722640266","15.4337501695654","15.068983557304","14.9033782783309","14.7962681904129","15.0471742505863","14.6933682733684","","","","",
"Timor-Leste","TLS","Mortality from CVD, cancer, diabetes or CRD between exact ages 30 and 70 (%)","SH.DYN.NCOM.ZS","","","","","","","","","","","","","","","","","","","","","","","","","","","","","","","","","","","","","","","","","20.7","20.5","19.1","20","20.5","20.1","19.6","19.3","19.4","22.3","21.3","21.5","20.9","21.2","21.6","20.2","20.5","20","20.4","20.9","19.2","20.1","","","","",
"Middle East, North Africa, Afghanistan & Pakistan (IDA & IBRD)","TMN","Mortality from CVD, cancer, diabetes or CRD between exact ages 30 and 70 (%)","SH.DYN.NCOM.ZS","","","","","","","","","","","","","","","","","","","","","","","","","","","","","","","","","","","","","","","","","26.3247984608793","26.3415400691706","26.2494793757185","26.2085598524004","25.941048004605","25.6508777081292","25.3546238215054","25.004149320102","24.7604938278904","24.5390591672119","24.1893430099554","23.8765070414211","23.7959707107045","23.4838663569376","23.4174886624814","23.5148183379699","23.170286193295","22.8369268964394","22.7186124452785","22.5934274633378","22.3440638730917","21.7191851424335","","","","",
"Tonga","TON","Mortality from CVD, cancer, diabetes or CRD between exact ages 30 and 70 (%)","SH.DYN.NCOM.ZS","","","","","","","","","","","","","","","","","","","","","","","","","","","","","","","","","","","","","","","","","29","28.4","28.4","28.7","28.3","27.2","27.1","27.1","27","27.2","27.4","27.2","27.1","27","26.9","26.8","26.4","26.4","26.2","26","25.7","26.9","","","","",
"South Asia (IDA & IBRD)","TSA","Mortality from CVD, cancer, diabetes or CRD between exact ages 30 and 70 (%)","SH.DYN.NCOM.ZS","","","","","","","","","","","","","","","","","","","","","","","","","","","","","","","","","","","","","","","","","23.0156696207297","22.6613041499072","22.542878690118","22.3426959717946","21.5871962357533","21.5354479849076","21.8313012730562","21.9847046726973","22.1015844738703","22.0385794559674","22.4028330406328","22.5564535434944","22.4853789900973","21.9310739874359","21.6325027997587","22.1334082670857","22.2984839482431","22.4909846622557","23.0172875453574","23.0914259252714","22.6617241291163","22.8647261220073","","","","",
"Sub-Saharan Africa (IDA & IBRD countries)","TSS","Mortality from CVD, cancer, diabetes or CRD between exact ages 30 and 70 (%)","SH.DYN.NCOM.ZS","","","","","","","","","","","","","","","","","","","","","","","","","","","","","","","","","","","","","","","","","24.1183708950066","23.9408603200448","23.807841214859","23.674101779079","23.4807493700751","23.0824112232843","22.9932951098009","22.8520717251933","22.7810705969368","22.6829087806097","22.6689789977503","22.4647284107489","22.1918603450026","22.0552478240395","21.9602362451285","21.9347346429473","21.8268574980262","21.6666057287027","21.6721674764167","21.5086726549333","21.8999312391443","21.3279871020553","","","","",
"Trinidad and Tobago","TTO","Mortality from CVD, cancer, diabetes or CRD between exact ages 30 and 70 (%)","SH.DYN.NCOM.ZS","","","","","","","","","","","","","","","","","","","","","","","","","","","","","","","","","","","","","","","","","27.8","26.9","25.4","25.4","24.8","24","22.6","22.1","22.5","21.3","20.9","20.4","19.4","20.2","20.5","20.5","21.2","20.7","20.4","20.4","20.7","20.3","","","","",
"Tunisia","TUN","Mortality from CVD, cancer, diabetes or CRD between exact ages 30 and 70 (%)","SH.DYN.NCOM.ZS","","","","","","","","","","","","","","","","","","","","","","","","","","","","","","","","","","","","","","","","","18.6","18.4","18.2","17.8","17.6","17.3","17.1","16.8","16.6","16.5","16.4","16","15.7","15.7","15.5","15.5","15.4","15.4","15.3","15.2","15.1","13","","","","",
"Turkiye","TUR","Mortality from CVD, cancer, diabetes or CRD between exact ages 30 and 70 (%)","SH.DYN.NCOM.ZS","","","","","","","","","","","","","","","","","","","","","","","","","","","","","","","","","","","","","","","","","22.5","21.5","20.5","19.9","19.3","18.9","18.6","18.2","18","18.6","18.6","18.5","18.2","18","17.9","17.7","17.4","17","16.7","16.6","15.2","15.4","","","","",
"Tuvalu","TUV","Mortality from CVD, cancer, diabetes or CRD between exact ages 30 and 70 (%)","SH.DYN.NCOM.ZS","","","","","","","","","","","","","","","","","","","","","","","","","","","","","","","","","","","","","","","","","","","","","","","","","","","","","","","","","","","","","","","","","","",
"Tanzania","TZA","Mortality from CVD, cancer, diabetes or CRD between exact ages 30 and 70 (%)","SH.DYN.NCOM.ZS","","","","","","","","","","","","","","","","","","","","","","","","","","","","","","","","","","","","","","","","","19.6","19.2","18.9","18.8","18.6","18.4","18.1","18","17.8","17.8","17.5","17.3","17.1","17.3","17.2","17.4","17.6","17.7","18.1","18.4","17.9","18.8","","","","",
"Uganda","UGA","Mortality from CVD, cancer, diabetes or CRD between exact ages 30 and 70 (%)","SH.DYN.NCOM.ZS","","","","","","","","","","","","","","","","","","","","","","","","","","","","","","","","","","","","","","","","","29.2","29.8","29.5","28.9","28.4","27.4","26.2","25.1","24.3","23.6","23.3","23.1","22.6","22.5","22","21.7","21.5","21.1","21.4","21.8","21.7","21.5","","","","",
"Ukraine","UKR","Mortality from CVD, cancer, diabetes or CRD between exact ages 30 and 70 (%)","SH.DYN.NCOM.ZS","","","","","","","","","","","","","","","","","","","","","","","","","","","","","","","","","","","","","","","","","34","33.1","33.3","33.3","33.7","34.4","32.9","33","32.5","30","29","27.7","27.6","26.7","27.3","25.7","25.4","24.8","25.8","25.3","25.1","24.8","","","","",
"Upper middle income","UMC","Mortality from CVD, cancer, diabetes or CRD between exact ages 30 and 70 (%)","SH.DYN.NCOM.ZS","","","","","","","","","","","","","","","","","","","","","","","","","","","","","","","","","","","","","","","","","23.2675734055606","22.9354577238607","22.8023016635698","22.7228020474383","22.5499321039812","22.0328173780727","21.2155208905049","20.6165832145133","20.3820692600752","20.0822100621327","19.840845148225","19.4601033894698","19.1633567529566","18.7216528290484","18.3822511231682","18.136651417948","17.9617410529563","17.6338589091212","17.4246831631625","17.2710017911696","17.0287642928527","17.0871676309946","","","","",
"Uruguay","URY","Mortality from CVD, cancer, diabetes or CRD between exact ages 30 and 70 (%)","SH.DYN.NCOM.ZS","","","","","","","","","","","","","","","","","","","","","","","","","","","","","","","","","","","","","","","","","20.6","20.2","19.9","20.1","19.6","19","18.7","19","18.1","17.8","17.7","17.7","17.5","17.1","17.1","17.3","17.6","16.3","16.6","16.6","16.2","17.4","","","","",
"United States","USA","Mortality from CVD, cancer, diabetes or CRD between exact ages 30 and 70 (%)","SH.DYN.NCOM.ZS","","","","","","","","","","","","","","","","","","","","","","","","","","","","","","","","","","","","","","","","","17.8","17.4","17.2","16.9","16.3","16","15.6","15.2","15.1","14.8","14.5","14.3","14.2","14","13.9","14","13.9","13.7","13.5","13.2","13.6","13.7","","","","",
"Uzbekistan","UZB","Mortality from CVD, cancer, diabetes or CRD between exact ages 30 and 70 (%)","SH.DYN.NCOM.ZS","","","","","","","","","","","","","","","","","","","","","","","","","","","","","","","","","","","","","","","","","45.3","44.2","45.3","44.5","43.5","45.2","43.1","42","40.6","38.6","37.8","36.6","35.8","34.3","33.7","32","31.4","30.4","28.4","26.8","27.2","24.6","","","","",
"St. Vincent and the Grenadines","VCT","Mortality from CVD, cancer, diabetes or CRD between exact ages 30 and 70 (%)","SH.DYN.NCOM.ZS","","","","","","","","","","","","","","","","","","","","","","","","","","","","","","","","","","","","","","","","","23.3","22.5","23","21.6","21.6","20.4","19.7","18.2","17.9","17.5","19","20.1","21.3","22.1","22.4","22","21.9","22.2","22.3","22.7","24.4","23.6","","","","",
"Venezuela, RB","VEN","Mortality from CVD, cancer, diabetes or CRD between exact ages 30 and 70 (%)","SH.DYN.NCOM.ZS","","","","","","","","","","","","","","","","","","","","","","","","","","","","","","","","","","","","","","","","","16.8","16.8","16.2","16.6","15.9","15.9","15.6","15.7","15.8","15.7","15.8","16.2","16","15.7","16.2","16.7","18.2","17.5","17.6","17.9","18.4","18.7","","","","",
"British Virgin Islands","VGB","Mortality from CVD, cancer, diabetes or CRD between exact ages 30 and 70 (%)","SH.DYN.NCOM.ZS","","","","","","","","","","","","","","","","","","","","","","","","","","","","","","","","","","","","","","","","","","","","","","","","","","","","","","","","","","","","","","","","","","",
"Virgin Islands (U.S.)","VIR","Mortality from CVD, cancer, diabetes or CRD between exact ages 30 and 70 (%)","SH.DYN.NCOM.ZS","","","","","","","","","","","","","","","","","","","","","","","","","","","","","","","","","","","","","","","","","","","","","","","","","","","","","","","","","","","","","","","","","","",
"Viet Nam","VNM","Mortality from CVD, cancer, diabetes or CRD between exact ages 30 and 70 (%)","SH.DYN.NCOM.ZS","","","","","","","","","","","","","","","","","","","","","","","","","","","","","","","","","","","","","","","","","20.1","20.3","20.3","20.4","20.7","20.8","20.9","21.2","21.4","21.5","21.7","21.6","21.5","21.5","21.5","21.6","21.4","21.1","20.9","20.8","19.3","20.1","","","","",
"Vanuatu","VUT","Mortality from CVD, cancer, diabetes or CRD between exact ages 30 and 70 (%)","SH.DYN.NCOM.ZS","","","","","","","","","","","","","","","","","","","","","","","","","","","","","","","","","","","","","","","","","40.4","40.5","40.1","39.8","39.7","39.3","39.6","39.1","38.6","38.7","38","38.1","38.4","38","37.5","37.6","37.3","37.2","37.1","37.1","37.8","36.8","","","","",
"World","WLD","Mortality from CVD, cancer, diabetes or CRD between exact ages 30 and 70 (%)","SH.DYN.NCOM.ZS","","","","","","","","","","","","","","","","","","","","","","","","","","","","","","","","","","","","","","","","","22.5643242128737","22.2772291879342","22.150454345785","22.0072137792273","21.6420873971383","21.3162755510064","20.824473669555","20.4662847065397","20.315081087997","20.0690549267344","19.9563130938848","19.7083787194358","19.484652644958","19.1006134338676","18.89780098982","18.8564947778966","18.7796894643137","18.5971461637377","18.6042238455619","18.4837812608273","18.3142829253937","18.286828600681","","","","",
"Samoa","WSM","Mortality from CVD, cancer, diabetes or CRD between exact ages 30 and 70 (%)","SH.DYN.NCOM.ZS","","","","","","","","","","","","","","","","","","","","","","","","","","","","","","","","","","","","","","","","","32.2","32.1","31.8","31.6","31.3","31.2","30.9","30.9","30.9","30.4","31","31","31.3","31.4","31.9","32.2","32.4","32.3","32.2","32","32.6","32.3","","","","",
"Kosovo","XKX","Mortality from CVD, cancer, diabetes or CRD between exact ages 30 and 70 (%)","SH.DYN.NCOM.ZS","","","","","","","","","","","","","","","","","","","","","","","","","","","","","","","","","","","","","","","","","","","","","","","","","","","","","","","","","","","","","","","","","","",
"Yemen, Rep.","YEM","Mortality from CVD, cancer, diabetes or CRD between exact ages 30 and 70 (%)","SH.DYN.NCOM.ZS","","","","","","","","","","","","","","","","","","","","","","","","","","","","","","","","","","","","","","","","","31","30.6","30.1","29.7","29.5","29","28.5","28.2","28","27.7","27.1","26.8","26.6","26.4","26.1","26","26.1","26","26","26.3","27.2","25.8","","","","",
"South Africa","ZAF","Mortality from CVD, cancer, diabetes or CRD between exact ages 30 and 70 (%)","SH.DYN.NCOM.ZS","","","","","","","","","","","","","","","","","","","","","","","","","","","","","","","","","","","","","","","","","21.6","21.2","22.5","23.3","23.4","23.3","24.9","24.9","25.3","24.9","26.2","24.9","24.7","24.2","24.5","24.6","24.1","23","22.6","21.6","23.1","22.7","","","","",
"Zambia","ZMB","Mortality from CVD, cancer, diabetes or CRD between exact ages 30 and 70 (%)","SH.DYN.NCOM.ZS","","","","","","","","","","","","","","","","","","","","","","","","","","","","","","","","","","","","","","","","","25.8","25.2","25.3","25.2","24.4","23.6","23.2","23","22.9","22.9","23.1","23.4","23.2","22.6","22.8","22.7","23.1","22.9","22.7","23.2","24.1","23.6","","","","",
"Zimbabwe","ZWE","Mortality from CVD, cancer, diabetes or CRD between exact ages 30 and 70 (%)","SH.DYN.NCOM.ZS","","","","","","","","","","","","","","","","","","","","","","","","","","","","","","","","","","","","","","","","","23.5","24.3","25.5","26.9","28.6","28.7","28.4","28.5","30","30.7","33.8","33.6","33","33.2","33.2","33.5","33.7","33.4","33.6","32.7","33","31.2","","","","",
