STRUCTURE,STRUCTURE_ID,ACTION,FREQ,FREQ_LABEL,REF_AREA,REF_AREA_LABEL,INDICATOR,INDICATOR_LABEL,SEX,SEX_LABEL,AGE,AGE_LABEL,URBANISATION,URBANISATION_LABEL,UNIT_MEASURE,UNIT_MEASURE_LABEL,COMP_BREAKDOWN_1,COMP_BREAKDOWN_1_LABEL,COMP_BREAKDOWN_2,COMP_BREAKDOWN_2_LABEL,COMP_BREAKDOWN_3,COMP_BREAKDOWN_3_LABEL,TIME_PERIOD,OBS_VALUE,DATABASE_ID,DATABASE_ID_LABEL,UNIT_MULT,UNIT_MULT_LABEL,UNIT_TYPE,UNIT_TYPE_LABEL,TIME_FORMAT,TIME_FORMAT_LABEL,COMMENT_OBS,OBS_STATUS,OBS_STATUS_LABEL,OBS_CONF,OBS_CONF_LABEL
datastructure,WB.DATA360:DS_DATA360(1.2),I,A,Annual,AUS,Australia,BS_SGI_87,Sustainable Governance Indicators: Old Age Dependency Ratio,_T,Total,_T,All age ranges or no breakdown by age,_T,Total,IX_0T10,Score 0-10,_Z,Not Applicable,_Z,Not Applicable,_Z,Not Applicable,2022,4.7020676691729335,BS_SGI,Sustainable Governance Indicators (SGI),0,Units,IX,Index,602,CCYY,,A,Normal value,PU,Public
datastructure,WB.DATA360:DS_DATA360(1.2),I,A,Annual,AUT,Austria,BS_SGI_87,Sustainable Governance Indicators: Old Age Dependency Ratio,_T,Total,_T,All age ranges or no breakdown by age,_T,Total,IX_0T10,Score 0-10,_Z,Not Applicable,_Z,Not Applicable,_Z,Not Applicable,2022,3.636278195488722,BS_SGI,Sustainable Governance Indicators (SGI),0,Units,IX,Index,602,CCYY,,A,Normal value,PU,Public
datastructure,WB.DATA360:DS_DATA360(1.2),I,A,Annual,BEL,Belgium,BS_SGI_87,Sustainable Governance Indicators: Old Age Dependency Ratio,_T,Total,_T,All age ranges or no breakdown by age,_T,Total,IX_0T10,Score 0-10,_Z,Not Applicable,_Z,Not Applicable,_Z,Not Applicable,2022,3.255639097744361,BS_SGI,Sustainable Governance Indicators (SGI),0,Units,IX,Index,602,CCYY,,A,Normal value,PU,Public
datastructure,WB.DATA360:DS_DATA360(1.2),I,A,Annual,BGR,Bulgaria,BS_SGI_87,Sustainable Governance Indicators: Old Age Dependency Ratio,_T,Total,_T,All age ranges or no breakdown by age,_T,Total,IX_0T10,Score 0-10,_Z,Not Applicable,_Z,Not Applicable,_Z,Not Applicable,2022,2.30545112781955,BS_SGI,Sustainable Governance Indicators (SGI),0,Units,IX,Index,602,CCYY,,A,Normal value,PU,Public
datastructure,WB.DATA360:DS_DATA360(1.2),I,A,Annual,CAN,Canada,BS_SGI_87,Sustainable Governance Indicators: Old Age Dependency Ratio,_T,Total,_T,All age ranges or no breakdown by age,_T,Total,IX_0T10,Score 0-10,_Z,Not Applicable,_Z,Not Applicable,_Z,Not Applicable,2022,3.9859022556390986,BS_SGI,Sustainable Governance Indicators (SGI),0,Units,IX,Index,602,CCYY,,A,Normal value,PU,Public
datastructure,WB.DATA360:DS_DATA360(1.2),I,A,Annual,CHL,Chile,BS_SGI_87,Sustainable Governance Indicators: Old Age Dependency Ratio,_T,Total,_T,All age ranges or no breakdown by age,_T,Total,IX_0T10,Score 0-10,_Z,Not Applicable,_Z,Not Applicable,_Z,Not Applicable,2022,6.706766917293233,BS_SGI,Sustainable Governance Indicators (SGI),0,Units,IX,Index,602,CCYY,,A,Normal value,PU,Public
datastructure,WB.DATA360:DS_DATA360(1.2),I,A,Annual,HRV,Croatia,BS_SGI_87,Sustainable Governance Indicators: Old Age Dependency Ratio,_T,Total,_T,All age ranges or no breakdown by age,_T,Total,IX_0T10,Score 0-10,_Z,Not Applicable,_Z,Not Applicable,_Z,Not Applicable,2022,2.387218045112782,BS_SGI,Sustainable Governance Indicators (SGI),0,Units,IX,Index,602,CCYY,,A,Normal value,PU,Public
datastructure,WB.DATA360:DS_DATA360(1.2),I,A,Annual,CYP,Cyprus,BS_SGI_87,Sustainable Governance Indicators: Old Age Dependency Ratio,_T,Total,_T,All age ranges or no breakdown by age,_T,Total,IX_0T10,Score 0-10,_Z,Not Applicable,_Z,Not Applicable,_Z,Not Applicable,2022,5.908834586466166,BS_SGI,Sustainable Governance Indicators (SGI),0,Units,IX,Index,602,CCYY,,A,Normal value,PU,Public
datastructure,WB.DATA360:DS_DATA360(1.2),I,A,Annual,CZE,Czechia,BS_SGI_87,Sustainable Governance Indicators: Old Age Dependency Ratio,_T,Total,_T,All age ranges or no breakdown by age,_T,Total,IX_0T10,Score 0-10,_Z,Not Applicable,_Z,Not Applicable,_Z,Not Applicable,2022,2.9116541353383463,BS_SGI,Sustainable Governance Indicators (SGI),0,Units,IX,Index,602,CCYY,,A,Normal value,PU,Public
datastructure,WB.DATA360:DS_DATA360(1.2),I,A,Annual,DNK,Denmark,BS_SGI_87,Sustainable Governance Indicators: Old Age Dependency Ratio,_T,Total,_T,All age ranges or no breakdown by age,_T,Total,IX_0T10,Score 0-10,_Z,Not Applicable,_Z,Not Applicable,_Z,Not Applicable,2022,2.900375939849625,BS_SGI,Sustainable Governance Indicators (SGI),0,Units,IX,Index,602,CCYY,,A,Normal value,PU,Public
datastructure,WB.DATA360:DS_DATA360(1.2),I,A,Annual,EST,Estonia,BS_SGI_87,Sustainable Governance Indicators: Old Age Dependency Ratio,_T,Total,_T,All age ranges or no breakdown by age,_T,Total,IX_0T10,Score 0-10,_Z,Not Applicable,_Z,Not Applicable,_Z,Not Applicable,2022,2.624060150375941,BS_SGI,Sustainable Governance Indicators (SGI),0,Units,IX,Index,602,CCYY,,A,Normal value,PU,Public
datastructure,WB.DATA360:DS_DATA360(1.2),I,A,Annual,FIN,Finland,BS_SGI_87,Sustainable Governance Indicators: Old Age Dependency Ratio,_T,Total,_T,All age ranges or no breakdown by age,_T,Total,IX_0T10,Score 0-10,_Z,Not Applicable,_Z,Not Applicable,_Z,Not Applicable,2022,1.4088345864661669,BS_SGI,Sustainable Governance Indicators (SGI),0,Units,IX,Index,602,CCYY,,A,Normal value,PU,Public
datastructure,WB.DATA360:DS_DATA360(1.2),I,A,Annual,FRA,France,BS_SGI_87,Sustainable Governance Indicators: Old Age Dependency Ratio,_T,Total,_T,All age ranges or no breakdown by age,_T,Total,IX_0T10,Score 0-10,_Z,Not Applicable,_Z,Not Applicable,_Z,Not Applicable,2022,2.271616541353385,BS_SGI,Sustainable Governance Indicators (SGI),0,Units,IX,Index,602,CCYY,,A,Normal value,PU,Public
datastructure,WB.DATA360:DS_DATA360(1.2),I,A,Annual,DEU,Germany,BS_SGI_87,Sustainable Governance Indicators: Old Age Dependency Ratio,_T,Total,_T,All age ranges or no breakdown by age,_T,Total,IX_0T10,Score 0-10,_Z,Not Applicable,_Z,Not Applicable,_Z,Not Applicable,2022,2.265977443609024,BS_SGI,Sustainable Governance Indicators (SGI),0,Units,IX,Index,602,CCYY,,A,Normal value,PU,Public
datastructure,WB.DATA360:DS_DATA360(1.2),I,A,Annual,GRC,Greece,BS_SGI_87,Sustainable Governance Indicators: Old Age Dependency Ratio,_T,Total,_T,All age ranges or no breakdown by age,_T,Total,IX_0T10,Score 0-10,_Z,Not Applicable,_Z,Not Applicable,_Z,Not Applicable,2022,1.967105263157896,BS_SGI,Sustainable Governance Indicators (SGI),0,Units,IX,Index,602,CCYY,,A,Normal value,PU,Public
datastructure,WB.DATA360:DS_DATA360(1.2),I,A,Annual,HUN,Hungary,BS_SGI_87,Sustainable Governance Indicators: Old Age Dependency Ratio,_T,Total,_T,All age ranges or no breakdown by age,_T,Total,IX_0T10,Score 0-10,_Z,Not Applicable,_Z,Not Applicable,_Z,Not Applicable,2022,3.010338345864662,BS_SGI,Sustainable Governance Indicators (SGI),0,Units,IX,Index,602,CCYY,,A,Normal value,PU,Public
datastructure,WB.DATA360:DS_DATA360(1.2),I,A,Annual,ISL,Iceland,BS_SGI_87,Sustainable Governance Indicators: Old Age Dependency Ratio,_T,Total,_T,All age ranges or no breakdown by age,_T,Total,IX_0T10,Score 0-10,_Z,Not Applicable,_Z,Not Applicable,_Z,Not Applicable,2022,4.958646616541353,BS_SGI,Sustainable Governance Indicators (SGI),0,Units,IX,Index,602,CCYY,,A,Normal value,PU,Public
datastructure,WB.DATA360:DS_DATA360(1.2),I,A,Annual,IRL,Ireland,BS_SGI_87,Sustainable Governance Indicators: Old Age Dependency Ratio,_T,Total,_T,All age ranges or no breakdown by age,_T,Total,IX_0T10,Score 0-10,_Z,Not Applicable,_Z,Not Applicable,_Z,Not Applicable,2022,5.449248120300752,BS_SGI,Sustainable Governance Indicators (SGI),0,Units,IX,Index,602,CCYY,,A,Normal value,PU,Public
datastructure,WB.DATA360:DS_DATA360(1.2),I,A,Annual,ISR,Israel,BS_SGI_87,Sustainable Governance Indicators: Old Age Dependency Ratio,_T,Total,_T,All age ranges or no breakdown by age,_T,Total,IX_0T10,Score 0-10,_Z,Not Applicable,_Z,Not Applicable,_Z,Not Applicable,2022,6.010338345864662,BS_SGI,Sustainable Governance Indicators (SGI),0,Units,IX,Index,602,CCYY,,A,Normal value,PU,Public
datastructure,WB.DATA360:DS_DATA360(1.2),I,A,Annual,ITA,Italy,BS_SGI_87,Sustainable Governance Indicators: Old Age Dependency Ratio,_T,Total,_T,All age ranges or no breakdown by age,_T,Total,IX_0T10,Score 0-10,_Z,Not Applicable,_Z,Not Applicable,_Z,Not Applicable,2022,1.4849624060150397,BS_SGI,Sustainable Governance Indicators (SGI),0,Units,IX,Index,602,CCYY,,A,Normal value,PU,Public
datastructure,WB.DATA360:DS_DATA360(1.2),I,A,Annual,JPN,Japan,BS_SGI_87,Sustainable Governance Indicators: Old Age Dependency Ratio,_T,Total,_T,All age ranges or no breakdown by age,_T,Total,IX_0T10,Score 0-10,_Z,Not Applicable,_Z,Not Applicable,_Z,Not Applicable,2022,1.0,BS_SGI,Sustainable Governance Indicators (SGI),0,Units,IX,Index,602,CCYY,,A,Normal value,PU,Public
datastructure,WB.DATA360:DS_DATA360(1.2),I,A,Annual,LVA,Latvia,BS_SGI_87,Sustainable Governance Indicators: Old Age Dependency Ratio,_T,Total,_T,All age ranges or no breakdown by age,_T,Total,IX_0T10,Score 0-10,_Z,Not Applicable,_Z,Not Applicable,_Z,Not Applicable,2022,2.406954887218045,BS_SGI,Sustainable Governance Indicators (SGI),0,Units,IX,Index,602,CCYY,,A,Normal value,PU,Public
datastructure,WB.DATA360:DS_DATA360(1.2),I,A,Annual,LTU,Lithuania,BS_SGI_87,Sustainable Governance Indicators: Old Age Dependency Ratio,_T,Total,_T,All age ranges or no breakdown by age,_T,Total,IX_0T10,Score 0-10,_Z,Not Applicable,_Z,Not Applicable,_Z,Not Applicable,2022,2.5535714285714297,BS_SGI,Sustainable Governance Indicators (SGI),0,Units,IX,Index,602,CCYY,,A,Normal value,PU,Public
datastructure,WB.DATA360:DS_DATA360(1.2),I,A,Annual,LUX,Luxembourg,BS_SGI_87,Sustainable Governance Indicators: Old Age Dependency Ratio,_T,Total,_T,All age ranges or no breakdown by age,_T,Total,IX_0T10,Score 0-10,_Z,Not Applicable,_Z,Not Applicable,_Z,Not Applicable,2022,6.030075187969925,BS_SGI,Sustainable Governance Indicators (SGI),0,Units,IX,Index,602,CCYY,,A,Normal value,PU,Public
datastructure,WB.DATA360:DS_DATA360(1.2),I,A,Annual,MLT,Malta,BS_SGI_87,Sustainable Governance Indicators: Old Age Dependency Ratio,_T,Total,_T,All age ranges or no breakdown by age,_T,Total,IX_0T10,Score 0-10,_Z,Not Applicable,_Z,Not Applicable,_Z,Not Applicable,2022,2.30545112781955,BS_SGI,Sustainable Governance Indicators (SGI),0,Units,IX,Index,602,CCYY,,A,Normal value,PU,Public
datastructure,WB.DATA360:DS_DATA360(1.2),I,A,Annual,MEX,Mexico,BS_SGI_87,Sustainable Governance Indicators: Old Age Dependency Ratio,_T,Total,_T,All age ranges or no breakdown by age,_T,Total,IX_0T10,Score 0-10,_Z,Not Applicable,_Z,Not Applicable,_Z,Not Applicable,2022,8.638157894736842,BS_SGI,Sustainable Governance Indicators (SGI),0,Units,IX,Index,602,CCYY,,A,Normal value,PU,Public
datastructure,WB.DATA360:DS_DATA360(1.2),I,A,Annual,NLD,Netherlands,BS_SGI_87,Sustainable Governance Indicators: Old Age Dependency Ratio,_T,Total,_T,All age ranges or no breakdown by age,_T,Total,IX_0T10,Score 0-10,_Z,Not Applicable,_Z,Not Applicable,_Z,Not Applicable,2022,2.94266917293233,BS_SGI,Sustainable Governance Indicators (SGI),0,Units,IX,Index,602,CCYY,,A,Normal value,PU,Public
datastructure,WB.DATA360:DS_DATA360(1.2),I,A,Annual,NZL,New Zealand,BS_SGI_87,Sustainable Governance Indicators: Old Age Dependency Ratio,_T,Total,_T,All age ranges or no breakdown by age,_T,Total,IX_0T10,Score 0-10,_Z,Not Applicable,_Z,Not Applicable,_Z,Not Applicable,2022,4.575187969924811,BS_SGI,Sustainable Governance Indicators (SGI),0,Units,IX,Index,602,CCYY,,A,Normal value,PU,Public
datastructure,WB.DATA360:DS_DATA360(1.2),I,A,Annual,NOR,Norway,BS_SGI_87,Sustainable Governance Indicators: Old Age Dependency Ratio,_T,Total,_T,All age ranges or no breakdown by age,_T,Total,IX_0T10,Score 0-10,_Z,Not Applicable,_Z,Not Applicable,_Z,Not Applicable,2022,4.2453007518797,BS_SGI,Sustainable Governance Indicators (SGI),0,Units,IX,Index,602,CCYY,,A,Normal value,PU,Public
datastructure,WB.DATA360:DS_DATA360(1.2),I,A,Annual,POL,Poland,BS_SGI_87,Sustainable Governance Indicators: Old Age Dependency Ratio,_T,Total,_T,All age ranges or no breakdown by age,_T,Total,IX_0T10,Score 0-10,_Z,Not Applicable,_Z,Not Applicable,_Z,Not Applicable,2022,3.5968045112781954,BS_SGI,Sustainable Governance Indicators (SGI),0,Units,IX,Index,602,CCYY,,A,Normal value,PU,Public
datastructure,WB.DATA360:DS_DATA360(1.2),I,A,Annual,PRT,Portugal,BS_SGI_87,Sustainable Governance Indicators: Old Age Dependency Ratio,_T,Total,_T,All age ranges or no breakdown by age,_T,Total,IX_0T10,Score 0-10,_Z,Not Applicable,_Z,Not Applicable,_Z,Not Applicable,2022,1.7500000000000018,BS_SGI,Sustainable Governance Indicators (SGI),0,Units,IX,Index,602,CCYY,,A,Normal value,PU,Public
datastructure,WB.DATA360:DS_DATA360(1.2),I,A,Annual,ROU,Romania,BS_SGI_87,Sustainable Governance Indicators: Old Age Dependency Ratio,_T,Total,_T,All age ranges or no breakdown by age,_T,Total,IX_0T10,Score 0-10,_Z,Not Applicable,_Z,Not Applicable,_Z,Not Applicable,2022,3.405075187969925,BS_SGI,Sustainable Governance Indicators (SGI),0,Units,IX,Index,602,CCYY,,A,Normal value,PU,Public
datastructure,WB.DATA360:DS_DATA360(1.2),I,A,Annual,SVK,Slovak Republic,BS_SGI_87,Sustainable Governance Indicators: Old Age Dependency Ratio,_T,Total,_T,All age ranges or no breakdown by age,_T,Total,IX_0T10,Score 0-10,_Z,Not Applicable,_Z,Not Applicable,_Z,Not Applicable,2022,4.7218045112781954,BS_SGI,Sustainable Governance Indicators (SGI),0,Units,IX,Index,602,CCYY,,A,Normal value,PU,Public
datastructure,WB.DATA360:DS_DATA360(1.2),I,A,Annual,SVN,Slovenia,BS_SGI_87,Sustainable Governance Indicators: Old Age Dependency Ratio,_T,Total,_T,All age ranges or no breakdown by age,_T,Total,IX_0T10,Score 0-10,_Z,Not Applicable,_Z,Not Applicable,_Z,Not Applicable,2022,2.528195488721805,BS_SGI,Sustainable Governance Indicators (SGI),0,Units,IX,Index,602,CCYY,,A,Normal value,PU,Public
datastructure,WB.DATA360:DS_DATA360(1.2),I,A,Annual,KOR,"Korea, Rep.",BS_SGI_87,Sustainable Governance Indicators: Old Age Dependency Ratio,_T,Total,_T,All age ranges or no breakdown by age,_T,Total,IX_0T10,Score 0-10,_Z,Not Applicable,_Z,Not Applicable,_Z,Not Applicable,2022,5.387218045112783,BS_SGI,Sustainable Governance Indicators (SGI),0,Units,IX,Index,602,CCYY,,A,Normal value,PU,Public
datastructure,WB.DATA360:DS_DATA360(1.2),I,A,Annual,ESP,Spain,BS_SGI_87,Sustainable Governance Indicators: Old Age Dependency Ratio,_T,Total,_T,All age ranges or no breakdown by age,_T,Total,IX_0T10,Score 0-10,_Z,Not Applicable,_Z,Not Applicable,_Z,Not Applicable,2022,3.199248120300753,BS_SGI,Sustainable Governance Indicators (SGI),0,Units,IX,Index,602,CCYY,,A,Normal value,PU,Public
datastructure,WB.DATA360:DS_DATA360(1.2),I,A,Annual,SWE,Sweden,BS_SGI_87,Sustainable Governance Indicators: Old Age Dependency Ratio,_T,Total,_T,All age ranges or no breakdown by age,_T,Total,IX_0T10,Score 0-10,_Z,Not Applicable,_Z,Not Applicable,_Z,Not Applicable,2022,2.624060150375941,BS_SGI,Sustainable Governance Indicators (SGI),0,Units,IX,Index,602,CCYY,,A,Normal value,PU,Public
datastructure,WB.DATA360:DS_DATA360(1.2),I,A,Annual,CHE,Switzerland,BS_SGI_87,Sustainable Governance Indicators: Old Age Dependency Ratio,_T,Total,_T,All age ranges or no breakdown by age,_T,Total,IX_0T10,Score 0-10,_Z,Not Applicable,_Z,Not Applicable,_Z,Not Applicable,2022,3.619360902255639,BS_SGI,Sustainable Governance Indicators (SGI),0,Units,IX,Index,602,CCYY,,A,Normal value,PU,Public
datastructure,WB.DATA360:DS_DATA360(1.2),I,A,Annual,TUR,Turkiye,BS_SGI_87,Sustainable Governance Indicators: Old Age Dependency Ratio,_T,Total,_T,All age ranges or no breakdown by age,_T,Total,IX_0T10,Score 0-10,_Z,Not Applicable,_Z,Not Applicable,_Z,Not Applicable,2022,8.05169172932331,BS_SGI,Sustainable Governance Indicators (SGI),0,Units,IX,Index,602,CCYY,,A,Normal value,PU,Public
datastructure,WB.DATA360:DS_DATA360(1.2),I,A,Annual,GBR,United Kingdom,BS_SGI_87,Sustainable Governance Indicators: Old Age Dependency Ratio,_T,Total,_T,All age ranges or no breakdown by age,_T,Total,IX_0T10,Score 0-10,_Z,Not Applicable,_Z,Not Applicable,_Z,Not Applicable,2022,3.5855263157894743,BS_SGI,Sustainable Governance Indicators (SGI),0,Units,IX,Index,602,CCYY,,A,Normal value,PU,Public
datastructure,WB.DATA360:DS_DATA360(1.2),I,A,Annual,USA,United States,BS_SGI_87,Sustainable Governance Indicators: Old Age Dependency Ratio,_T,Total,_T,All age ranges or no breakdown by age,_T,Total,IX_0T10,Score 0-10,_Z,Not Applicable,_Z,Not Applicable,_Z,Not Applicable,2022,4.527255639097746,BS_SGI,Sustainable Governance Indicators (SGI),0,Units,IX,Index,602,CCYY,,A,Normal value,PU,Public
datastructure,WB.DATA360:DS_DATA360(1.2),I,A,Annual,AUS,Australia,BS_SGI_87,Sustainable Governance Indicators: Old Age Dependency Ratio,_T,Total,_T,All age ranges or no breakdown by age,_T,Total,IX_0T10,Score 0-10,_Z,Not Applicable,_Z,Not Applicable,_Z,Not Applicable,2020,5.023496240601505,BS_SGI,Sustainable Governance Indicators (SGI),0,Units,IX,Index,602,CCYY,,A,Normal value,PU,Public
datastructure,WB.DATA360:DS_DATA360(1.2),I,A,Annual,AUT,Austria,BS_SGI_87,Sustainable Governance Indicators: Old Age Dependency Ratio,_T,Total,_T,All age ranges or no breakdown by age,_T,Total,IX_0T10,Score 0-10,_Z,Not Applicable,_Z,Not Applicable,_Z,Not Applicable,2020,3.8703007518796992,BS_SGI,Sustainable Governance Indicators (SGI),0,Units,IX,Index,602,CCYY,,A,Normal value,PU,Public
datastructure,WB.DATA360:DS_DATA360(1.2),I,A,Annual,BEL,Belgium,BS_SGI_87,Sustainable Governance Indicators: Old Age Dependency Ratio,_T,Total,_T,All age ranges or no breakdown by age,_T,Total,IX_0T10,Score 0-10,_Z,Not Applicable,_Z,Not Applicable,_Z,Not Applicable,2020,3.568609022556391,BS_SGI,Sustainable Governance Indicators (SGI),0,Units,IX,Index,602,CCYY,,A,Normal value,PU,Public
datastructure,WB.DATA360:DS_DATA360(1.2),I,A,Annual,BGR,Bulgaria,BS_SGI_87,Sustainable Governance Indicators: Old Age Dependency Ratio,_T,Total,_T,All age ranges or no breakdown by age,_T,Total,IX_0T10,Score 0-10,_Z,Not Applicable,_Z,Not Applicable,_Z,Not Applicable,2020,2.595864661654136,BS_SGI,Sustainable Governance Indicators (SGI),0,Units,IX,Index,602,CCYY,,A,Normal value,PU,Public
datastructure,WB.DATA360:DS_DATA360(1.2),I,A,Annual,CAN,Canada,BS_SGI_87,Sustainable Governance Indicators: Old Age Dependency Ratio,_T,Total,_T,All age ranges or no breakdown by age,_T,Total,IX_0T10,Score 0-10,_Z,Not Applicable,_Z,Not Applicable,_Z,Not Applicable,2020,4.468045112781956,BS_SGI,Sustainable Governance Indicators (SGI),0,Units,IX,Index,602,CCYY,,A,Normal value,PU,Public
datastructure,WB.DATA360:DS_DATA360(1.2),I,A,Annual,CHL,Chile,BS_SGI_87,Sustainable Governance Indicators: Old Age Dependency Ratio,_T,Total,_T,All age ranges or no breakdown by age,_T,Total,IX_0T10,Score 0-10,_Z,Not Applicable,_Z,Not Applicable,_Z,Not Applicable,2020,7.070488721804512,BS_SGI,Sustainable Governance Indicators (SGI),0,Units,IX,Index,602,CCYY,,A,Normal value,PU,Public
datastructure,WB.DATA360:DS_DATA360(1.2),I,A,Annual,HRV,Croatia,BS_SGI_87,Sustainable Governance Indicators: Old Age Dependency Ratio,_T,Total,_T,All age ranges or no breakdown by age,_T,Total,IX_0T10,Score 0-10,_Z,Not Applicable,_Z,Not Applicable,_Z,Not Applicable,2020,2.843984962406017,BS_SGI,Sustainable Governance Indicators (SGI),0,Units,IX,Index,602,CCYY,,A,Normal value,PU,Public
datastructure,WB.DATA360:DS_DATA360(1.2),I,A,Annual,CYP,Cyprus,BS_SGI_87,Sustainable Governance Indicators: Old Age Dependency Ratio,_T,Total,_T,All age ranges or no breakdown by age,_T,Total,IX_0T10,Score 0-10,_Z,Not Applicable,_Z,Not Applicable,_Z,Not Applicable,2020,6.230263157894737,BS_SGI,Sustainable Governance Indicators (SGI),0,Units,IX,Index,602,CCYY,,A,Normal value,PU,Public
datastructure,WB.DATA360:DS_DATA360(1.2),I,A,Annual,CZE,Czechia,BS_SGI_87,Sustainable Governance Indicators: Old Age Dependency Ratio,_T,Total,_T,All age ranges or no breakdown by age,_T,Total,IX_0T10,Score 0-10,_Z,Not Applicable,_Z,Not Applicable,_Z,Not Applicable,2020,3.292293233082708,BS_SGI,Sustainable Governance Indicators (SGI),0,Units,IX,Index,602,CCYY,,A,Normal value,PU,Public
datastructure,WB.DATA360:DS_DATA360(1.2),I,A,Annual,DNK,Denmark,BS_SGI_87,Sustainable Governance Indicators: Old Age Dependency Ratio,_T,Total,_T,All age ranges or no breakdown by age,_T,Total,IX_0T10,Score 0-10,_Z,Not Applicable,_Z,Not Applicable,_Z,Not Applicable,2020,3.1033834586466167,BS_SGI,Sustainable Governance Indicators (SGI),0,Units,IX,Index,602,CCYY,,A,Normal value,PU,Public
datastructure,WB.DATA360:DS_DATA360(1.2),I,A,Annual,EST,Estonia,BS_SGI_87,Sustainable Governance Indicators: Old Age Dependency Ratio,_T,Total,_T,All age ranges or no breakdown by age,_T,Total,IX_0T10,Score 0-10,_Z,Not Applicable,_Z,Not Applicable,_Z,Not Applicable,2020,3.0808270676691736,BS_SGI,Sustainable Governance Indicators (SGI),0,Units,IX,Index,602,CCYY,,A,Normal value,PU,Public
datastructure,WB.DATA360:DS_DATA360(1.2),I,A,Annual,FIN,Finland,BS_SGI_87,Sustainable Governance Indicators: Old Age Dependency Ratio,_T,Total,_T,All age ranges or no breakdown by age,_T,Total,IX_0T10,Score 0-10,_Z,Not Applicable,_Z,Not Applicable,_Z,Not Applicable,2020,1.85714285714286,BS_SGI,Sustainable Governance Indicators (SGI),0,Units,IX,Index,602,CCYY,,A,Normal value,PU,Public
datastructure,WB.DATA360:DS_DATA360(1.2),I,A,Annual,FRA,France,BS_SGI_87,Sustainable Governance Indicators: Old Age Dependency Ratio,_T,Total,_T,All age ranges or no breakdown by age,_T,Total,IX_0T10,Score 0-10,_Z,Not Applicable,_Z,Not Applicable,_Z,Not Applicable,2020,2.6494360902255645,BS_SGI,Sustainable Governance Indicators (SGI),0,Units,IX,Index,602,CCYY,,A,Normal value,PU,Public
datastructure,WB.DATA360:DS_DATA360(1.2),I,A,Annual,DEU,Germany,BS_SGI_87,Sustainable Governance Indicators: Old Age Dependency Ratio,_T,Total,_T,All age ranges or no breakdown by age,_T,Total,IX_0T10,Score 0-10,_Z,Not Applicable,_Z,Not Applicable,_Z,Not Applicable,2020,2.545112781954888,BS_SGI,Sustainable Governance Indicators (SGI),0,Units,IX,Index,602,CCYY,,A,Normal value,PU,Public
datastructure,WB.DATA360:DS_DATA360(1.2),I,A,Annual,GRC,Greece,BS_SGI_87,Sustainable Governance Indicators: Old Age Dependency Ratio,_T,Total,_T,All age ranges or no breakdown by age,_T,Total,IX_0T10,Score 0-10,_Z,Not Applicable,_Z,Not Applicable,_Z,Not Applicable,2020,2.3082706766917296,BS_SGI,Sustainable Governance Indicators (SGI),0,Units,IX,Index,602,CCYY,,A,Normal value,PU,Public
datastructure,WB.DATA360:DS_DATA360(1.2),I,A,Annual,HUN,Hungary,BS_SGI_87,Sustainable Governance Indicators: Old Age Dependency Ratio,_T,Total,_T,All age ranges or no breakdown by age,_T,Total,IX_0T10,Score 0-10,_Z,Not Applicable,_Z,Not Applicable,_Z,Not Applicable,2020,3.5206766917293244,BS_SGI,Sustainable Governance Indicators (SGI),0,Units,IX,Index,602,CCYY,,A,Normal value,PU,Public
datastructure,WB.DATA360:DS_DATA360(1.2),I,A,Annual,ISL,Iceland,BS_SGI_87,Sustainable Governance Indicators: Old Age Dependency Ratio,_T,Total,_T,All age ranges or no breakdown by age,_T,Total,IX_0T10,Score 0-10,_Z,Not Applicable,_Z,Not Applicable,_Z,Not Applicable,2020,5.37875939849624,BS_SGI,Sustainable Governance Indicators (SGI),0,Units,IX,Index,602,CCYY,,A,Normal value,PU,Public
datastructure,WB.DATA360:DS_DATA360(1.2),I,A,Annual,IRL,Ireland,BS_SGI_87,Sustainable Governance Indicators: Old Age Dependency Ratio,_T,Total,_T,All age ranges or no breakdown by age,_T,Total,IX_0T10,Score 0-10,_Z,Not Applicable,_Z,Not Applicable,_Z,Not Applicable,2020,5.745300751879698,BS_SGI,Sustainable Governance Indicators (SGI),0,Units,IX,Index,602,CCYY,,A,Normal value,PU,Public
datastructure,WB.DATA360:DS_DATA360(1.2),I,A,Annual,ISR,Israel,BS_SGI_87,Sustainable Governance Indicators: Old Age Dependency Ratio,_T,Total,_T,All age ranges or no breakdown by age,_T,Total,IX_0T10,Score 0-10,_Z,Not Applicable,_Z,Not Applicable,_Z,Not Applicable,2020,6.204887218045113,BS_SGI,Sustainable Governance Indicators (SGI),0,Units,IX,Index,602,CCYY,,A,Normal value,PU,Public
datastructure,WB.DATA360:DS_DATA360(1.2),I,A,Annual,ITA,Italy,BS_SGI_87,Sustainable Governance Indicators: Old Age Dependency Ratio,_T,Total,_T,All age ranges or no breakdown by age,_T,Total,IX_0T10,Score 0-10,_Z,Not Applicable,_Z,Not Applicable,_Z,Not Applicable,2020,1.7838345864661669,BS_SGI,Sustainable Governance Indicators (SGI),0,Units,IX,Index,602,CCYY,,A,Normal value,PU,Public
datastructure,WB.DATA360:DS_DATA360(1.2),I,A,Annual,JPN,Japan,BS_SGI_87,Sustainable Governance Indicators: Old Age Dependency Ratio,_T,Total,_T,All age ranges or no breakdown by age,_T,Total,IX_0T10,Score 0-10,_Z,Not Applicable,_Z,Not Applicable,_Z,Not Applicable,2020,1.0,BS_SGI,Sustainable Governance Indicators (SGI),0,Units,IX,Index,602,CCYY,,A,Normal value,PU,Public
datastructure,WB.DATA360:DS_DATA360(1.2),I,A,Annual,LVA,Latvia,BS_SGI_87,Sustainable Governance Indicators: Old Age Dependency Ratio,_T,Total,_T,All age ranges or no breakdown by age,_T,Total,IX_0T10,Score 0-10,_Z,Not Applicable,_Z,Not Applicable,_Z,Not Applicable,2020,2.900375939849625,BS_SGI,Sustainable Governance Indicators (SGI),0,Units,IX,Index,602,CCYY,,A,Normal value,PU,Public
datastructure,WB.DATA360:DS_DATA360(1.2),I,A,Annual,LTU,Lithuania,BS_SGI_87,Sustainable Governance Indicators: Old Age Dependency Ratio,_T,Total,_T,All age ranges or no breakdown by age,_T,Total,IX_0T10,Score 0-10,_Z,Not Applicable,_Z,Not Applicable,_Z,Not Applicable,2020,3.1682330827067675,BS_SGI,Sustainable Governance Indicators (SGI),0,Units,IX,Index,602,CCYY,,A,Normal value,PU,Public
datastructure,WB.DATA360:DS_DATA360(1.2),I,A,Annual,LUX,Luxembourg,BS_SGI_87,Sustainable Governance Indicators: Old Age Dependency Ratio,_T,Total,_T,All age ranges or no breakdown by age,_T,Total,IX_0T10,Score 0-10,_Z,Not Applicable,_Z,Not Applicable,_Z,Not Applicable,2020,6.202067669172932,BS_SGI,Sustainable Governance Indicators (SGI),0,Units,IX,Index,602,CCYY,,A,Normal value,PU,Public
datastructure,WB.DATA360:DS_DATA360(1.2),I,A,Annual,MLT,Malta,BS_SGI_87,Sustainable Governance Indicators: Old Age Dependency Ratio,_T,Total,_T,All age ranges or no breakdown by age,_T,Total,IX_0T10,Score 0-10,_Z,Not Applicable,_Z,Not Applicable,_Z,Not Applicable,2020,2.900375939849625,BS_SGI,Sustainable Governance Indicators (SGI),0,Units,IX,Index,602,CCYY,,A,Normal value,PU,Public
datastructure,WB.DATA360:DS_DATA360(1.2),I,A,Annual,MEX,Mexico,BS_SGI_87,Sustainable Governance Indicators: Old Age Dependency Ratio,_T,Total,_T,All age ranges or no breakdown by age,_T,Total,IX_0T10,Score 0-10,_Z,Not Applicable,_Z,Not Applicable,_Z,Not Applicable,2020,8.80169172932331,BS_SGI,Sustainable Governance Indicators (SGI),0,Units,IX,Index,602,CCYY,,A,Normal value,PU,Public
datastructure,WB.DATA360:DS_DATA360(1.2),I,A,Annual,NLD,Netherlands,BS_SGI_87,Sustainable Governance Indicators: Old Age Dependency Ratio,_T,Total,_T,All age ranges or no breakdown by age,_T,Total,IX_0T10,Score 0-10,_Z,Not Applicable,_Z,Not Applicable,_Z,Not Applicable,2020,3.382518796992482,BS_SGI,Sustainable Governance Indicators (SGI),0,Units,IX,Index,602,CCYY,,A,Normal value,PU,Public
datastructure,WB.DATA360:DS_DATA360(1.2),I,A,Annual,NZL,New Zealand,BS_SGI_87,Sustainable Governance Indicators: Old Age Dependency Ratio,_T,Total,_T,All age ranges or no breakdown by age,_T,Total,IX_0T10,Score 0-10,_Z,Not Applicable,_Z,Not Applicable,_Z,Not Applicable,2020,4.953007518796993,BS_SGI,Sustainable Governance Indicators (SGI),0,Units,IX,Index,602,CCYY,,A,Normal value,PU,Public
datastructure,WB.DATA360:DS_DATA360(1.2),I,A,Annual,NOR,Norway,BS_SGI_87,Sustainable Governance Indicators: Old Age Dependency Ratio,_T,Total,_T,All age ranges or no breakdown by age,_T,Total,IX_0T10,Score 0-10,_Z,Not Applicable,_Z,Not Applicable,_Z,Not Applicable,2020,4.49342105263158,BS_SGI,Sustainable Governance Indicators (SGI),0,Units,IX,Index,602,CCYY,,A,Normal value,PU,Public
datastructure,WB.DATA360:DS_DATA360(1.2),I,A,Annual,POL,Poland,BS_SGI_87,Sustainable Governance Indicators: Old Age Dependency Ratio,_T,Total,_T,All age ranges or no breakdown by age,_T,Total,IX_0T10,Score 0-10,_Z,Not Applicable,_Z,Not Applicable,_Z,Not Applicable,2020,4.293233082706767,BS_SGI,Sustainable Governance Indicators (SGI),0,Units,IX,Index,602,CCYY,,A,Normal value,PU,Public
datastructure,WB.DATA360:DS_DATA360(1.2),I,A,Annual,PRT,Portugal,BS_SGI_87,Sustainable Governance Indicators: Old Age Dependency Ratio,_T,Total,_T,All age ranges or no breakdown by age,_T,Total,IX_0T10,Score 0-10,_Z,Not Applicable,_Z,Not Applicable,_Z,Not Applicable,2020,2.161654135338347,BS_SGI,Sustainable Governance Indicators (SGI),0,Units,IX,Index,602,CCYY,,A,Normal value,PU,Public
datastructure,WB.DATA360:DS_DATA360(1.2),I,A,Annual,ROU,Romania,BS_SGI_87,Sustainable Governance Indicators: Old Age Dependency Ratio,_T,Total,_T,All age ranges or no breakdown by age,_T,Total,IX_0T10,Score 0-10,_Z,Not Applicable,_Z,Not Applicable,_Z,Not Applicable,2020,3.878759398496241,BS_SGI,Sustainable Governance Indicators (SGI),0,Units,IX,Index,602,CCYY,,A,Normal value,PU,Public
datastructure,WB.DATA360:DS_DATA360(1.2),I,A,Annual,SVK,Slovak Republic,BS_SGI_87,Sustainable Governance Indicators: Old Age Dependency Ratio,_T,Total,_T,All age ranges or no breakdown by age,_T,Total,IX_0T10,Score 0-10,_Z,Not Applicable,_Z,Not Applicable,_Z,Not Applicable,2020,5.274436090225565,BS_SGI,Sustainable Governance Indicators (SGI),0,Units,IX,Index,602,CCYY,,A,Normal value,PU,Public
datastructure,WB.DATA360:DS_DATA360(1.2),I,A,Annual,SVN,Slovenia,BS_SGI_87,Sustainable Governance Indicators: Old Age Dependency Ratio,_T,Total,_T,All age ranges or no breakdown by age,_T,Total,IX_0T10,Score 0-10,_Z,Not Applicable,_Z,Not Applicable,_Z,Not Applicable,2020,3.154135338345865,BS_SGI,Sustainable Governance Indicators (SGI),0,Units,IX,Index,602,CCYY,,A,Normal value,PU,Public
datastructure,WB.DATA360:DS_DATA360(1.2),I,A,Annual,KOR,"Korea, Rep.",BS_SGI_87,Sustainable Governance Indicators: Old Age Dependency Ratio,_T,Total,_T,All age ranges or no breakdown by age,_T,Total,IX_0T10,Score 0-10,_Z,Not Applicable,_Z,Not Applicable,_Z,Not Applicable,2020,6.069548872180452,BS_SGI,Sustainable Governance Indicators (SGI),0,Units,IX,Index,602,CCYY,,A,Normal value,PU,Public
datastructure,WB.DATA360:DS_DATA360(1.2),I,A,Annual,ESP,Spain,BS_SGI_87,Sustainable Governance Indicators: Old Age Dependency Ratio,_T,Total,_T,All age ranges or no breakdown by age,_T,Total,IX_0T10,Score 0-10,_Z,Not Applicable,_Z,Not Applicable,_Z,Not Applicable,2020,3.5291353383458643,BS_SGI,Sustainable Governance Indicators (SGI),0,Units,IX,Index,602,CCYY,,A,Normal value,PU,Public
datastructure,WB.DATA360:DS_DATA360(1.2),I,A,Annual,SWE,Sweden,BS_SGI_87,Sustainable Governance Indicators: Old Age Dependency Ratio,_T,Total,_T,All age ranges or no breakdown by age,_T,Total,IX_0T10,Score 0-10,_Z,Not Applicable,_Z,Not Applicable,_Z,Not Applicable,2020,2.7904135338345863,BS_SGI,Sustainable Governance Indicators (SGI),0,Units,IX,Index,602,CCYY,,A,Normal value,PU,Public
datastructure,WB.DATA360:DS_DATA360(1.2),I,A,Annual,CHE,Switzerland,BS_SGI_87,Sustainable Governance Indicators: Old Age Dependency Ratio,_T,Total,_T,All age ranges or no breakdown by age,_T,Total,IX_0T10,Score 0-10,_Z,Not Applicable,_Z,Not Applicable,_Z,Not Applicable,2020,3.9295112781954886,BS_SGI,Sustainable Governance Indicators (SGI),0,Units,IX,Index,602,CCYY,,A,Normal value,PU,Public
datastructure,WB.DATA360:DS_DATA360(1.2),I,A,Annual,TUR,Turkiye,BS_SGI_87,Sustainable Governance Indicators: Old Age Dependency Ratio,_T,Total,_T,All age ranges or no breakdown by age,_T,Total,IX_0T10,Score 0-10,_Z,Not Applicable,_Z,Not Applicable,_Z,Not Applicable,2020,8.277255639097746,BS_SGI,Sustainable Governance Indicators (SGI),0,Units,IX,Index,602,CCYY,,A,Normal value,PU,Public
datastructure,WB.DATA360:DS_DATA360(1.2),I,A,Annual,GBR,United Kingdom,BS_SGI_87,Sustainable Governance Indicators: Old Age Dependency Ratio,_T,Total,_T,All age ranges or no breakdown by age,_T,Total,IX_0T10,Score 0-10,_Z,Not Applicable,_Z,Not Applicable,_Z,Not Applicable,2020,3.7716165413533833,BS_SGI,Sustainable Governance Indicators (SGI),0,Units,IX,Index,602,CCYY,,A,Normal value,PU,Public
datastructure,WB.DATA360:DS_DATA360(1.2),I,A,Annual,USA,United States,BS_SGI_87,Sustainable Governance Indicators: Old Age Dependency Ratio,_T,Total,_T,All age ranges or no breakdown by age,_T,Total,IX_0T10,Score 0-10,_Z,Not Applicable,_Z,Not Applicable,_Z,Not Applicable,2020,4.944548872180452,BS_SGI,Sustainable Governance Indicators (SGI),0,Units,IX,Index,602,CCYY,,A,Normal value,PU,Public
datastructure,WB.DATA360:DS_DATA360(1.2),I,A,Annual,AUS,Australia,BS_SGI_87,Sustainable Governance Indicators: Old Age Dependency Ratio,_T,Total,_T,All age ranges or no breakdown by age,_T,Total,IX_0T10,Score 0-10,_Z,Not Applicable,_Z,Not Applicable,_Z,Not Applicable,2019,5.1757518796992485,BS_SGI,Sustainable Governance Indicators (SGI),0,Units,IX,Index,602,CCYY,,A,Normal value,PU,Public
datastructure,WB.DATA360:DS_DATA360(1.2),I,A,Annual,AUT,Austria,BS_SGI_87,Sustainable Governance Indicators: Old Age Dependency Ratio,_T,Total,_T,All age ranges or no breakdown by age,_T,Total,IX_0T10,Score 0-10,_Z,Not Applicable,_Z,Not Applicable,_Z,Not Applicable,2019,3.918233082706767,BS_SGI,Sustainable Governance Indicators (SGI),0,Units,IX,Index,602,CCYY,,A,Normal value,PU,Public
datastructure,WB.DATA360:DS_DATA360(1.2),I,A,Annual,BEL,Belgium,BS_SGI_87,Sustainable Governance Indicators: Old Age Dependency Ratio,_T,Total,_T,All age ranges or no breakdown by age,_T,Total,IX_0T10,Score 0-10,_Z,Not Applicable,_Z,Not Applicable,_Z,Not Applicable,2019,3.692669172932332,BS_SGI,Sustainable Governance Indicators (SGI),0,Units,IX,Index,602,CCYY,,A,Normal value,PU,Public
datastructure,WB.DATA360:DS_DATA360(1.2),I,A,Annual,BGR,Bulgaria,BS_SGI_87,Sustainable Governance Indicators: Old Age Dependency Ratio,_T,Total,_T,All age ranges or no breakdown by age,_T,Total,IX_0T10,Score 0-10,_Z,Not Applicable,_Z,Not Applicable,_Z,Not Applicable,2019,2.7453007518797,BS_SGI,Sustainable Governance Indicators (SGI),0,Units,IX,Index,602,CCYY,,A,Normal value,PU,Public
datastructure,WB.DATA360:DS_DATA360(1.2),I,A,Annual,CAN,Canada,BS_SGI_87,Sustainable Governance Indicators: Old Age Dependency Ratio,_T,Total,_T,All age ranges or no breakdown by age,_T,Total,IX_0T10,Score 0-10,_Z,Not Applicable,_Z,Not Applicable,_Z,Not Applicable,2019,4.6879699248120295,BS_SGI,Sustainable Governance Indicators (SGI),0,Units,IX,Index,602,CCYY,,A,Normal value,PU,Public
datastructure,WB.DATA360:DS_DATA360(1.2),I,A,Annual,CHL,Chile,BS_SGI_87,Sustainable Governance Indicators: Old Age Dependency Ratio,_T,Total,_T,All age ranges or no breakdown by age,_T,Total,IX_0T10,Score 0-10,_Z,Not Applicable,_Z,Not Applicable,_Z,Not Applicable,2019,7.219924812030075,BS_SGI,Sustainable Governance Indicators (SGI),0,Units,IX,Index,602,CCYY,,A,Normal value,PU,Public
datastructure,WB.DATA360:DS_DATA360(1.2),I,A,Annual,HRV,Croatia,BS_SGI_87,Sustainable Governance Indicators: Old Age Dependency Ratio,_T,Total,_T,All age ranges or no breakdown by age,_T,Total,IX_0T10,Score 0-10,_Z,Not Applicable,_Z,Not Applicable,_Z,Not Applicable,2019,3.089285714285716,BS_SGI,Sustainable Governance Indicators (SGI),0,Units,IX,Index,602,CCYY,,A,Normal value,PU,Public
datastructure,WB.DATA360:DS_DATA360(1.2),I,A,Annual,CYP,Cyprus,BS_SGI_87,Sustainable Governance Indicators: Old Age Dependency Ratio,_T,Total,_T,All age ranges or no breakdown by age,_T,Total,IX_0T10,Score 0-10,_Z,Not Applicable,_Z,Not Applicable,_Z,Not Applicable,2019,6.385338345864662,BS_SGI,Sustainable Governance Indicators (SGI),0,Units,IX,Index,602,CCYY,,A,Normal value,PU,Public
datastructure,WB.DATA360:DS_DATA360(1.2),I,A,Annual,CZE,Czechia,BS_SGI_87,Sustainable Governance Indicators: Old Age Dependency Ratio,_T,Total,_T,All age ranges or no breakdown by age,_T,Total,IX_0T10,Score 0-10,_Z,Not Applicable,_Z,Not Applicable,_Z,Not Applicable,2019,3.526315789473684,BS_SGI,Sustainable Governance Indicators (SGI),0,Units,IX,Index,602,CCYY,,A,Normal value,PU,Public
datastructure,WB.DATA360:DS_DATA360(1.2),I,A,Annual,DNK,Denmark,BS_SGI_87,Sustainable Governance Indicators: Old Age Dependency Ratio,_T,Total,_T,All age ranges or no breakdown by age,_T,Total,IX_0T10,Score 0-10,_Z,Not Applicable,_Z,Not Applicable,_Z,Not Applicable,2019,3.185150375939849,BS_SGI,Sustainable Governance Indicators (SGI),0,Units,IX,Index,602,CCYY,,A,Normal value,PU,Public
datastructure,WB.DATA360:DS_DATA360(1.2),I,A,Annual,EST,Estonia,BS_SGI_87,Sustainable Governance Indicators: Old Age Dependency Ratio,_T,Total,_T,All age ranges or no breakdown by age,_T,Total,IX_0T10,Score 0-10,_Z,Not Applicable,_Z,Not Applicable,_Z,Not Applicable,2019,3.306390977443609,BS_SGI,Sustainable Governance Indicators (SGI),0,Units,IX,Index,602,CCYY,,A,Normal value,PU,Public
datastructure,WB.DATA360:DS_DATA360(1.2),I,A,Annual,FIN,Finland,BS_SGI_87,Sustainable Governance Indicators: Old Age Dependency Ratio,_T,Total,_T,All age ranges or no breakdown by age,_T,Total,IX_0T10,Score 0-10,_Z,Not Applicable,_Z,Not Applicable,_Z,Not Applicable,2019,2.093984962406016,BS_SGI,Sustainable Governance Indicators (SGI),0,Units,IX,Index,602,CCYY,,A,Normal value,PU,Public
datastructure,WB.DATA360:DS_DATA360(1.2),I,A,Annual,FRA,France,BS_SGI_87,Sustainable Governance Indicators: Old Age Dependency Ratio,_T,Total,_T,All age ranges or no breakdown by age,_T,Total,IX_0T10,Score 0-10,_Z,Not Applicable,_Z,Not Applicable,_Z,Not Applicable,2019,2.841165413533835,BS_SGI,Sustainable Governance Indicators (SGI),0,Units,IX,Index,602,CCYY,,A,Normal value,PU,Public
datastructure,WB.DATA360:DS_DATA360(1.2),I,A,Annual,DEU,Germany,BS_SGI_87,Sustainable Governance Indicators: Old Age Dependency Ratio,_T,Total,_T,All age ranges or no breakdown by age,_T,Total,IX_0T10,Score 0-10,_Z,Not Applicable,_Z,Not Applicable,_Z,Not Applicable,2019,2.6296992481203008,BS_SGI,Sustainable Governance Indicators (SGI),0,Units,IX,Index,602,CCYY,,A,Normal value,PU,Public
datastructure,WB.DATA360:DS_DATA360(1.2),I,A,Annual,GRC,Greece,BS_SGI_87,Sustainable Governance Indicators: Old Age Dependency Ratio,_T,Total,_T,All age ranges or no breakdown by age,_T,Total,IX_0T10,Score 0-10,_Z,Not Applicable,_Z,Not Applicable,_Z,Not Applicable,2019,2.4520676691729344,BS_SGI,Sustainable Governance Indicators (SGI),0,Units,IX,Index,602,CCYY,,A,Normal value,PU,Public
datastructure,WB.DATA360:DS_DATA360(1.2),I,A,Annual,HUN,Hungary,BS_SGI_87,Sustainable Governance Indicators: Old Age Dependency Ratio,_T,Total,_T,All age ranges or no breakdown by age,_T,Total,IX_0T10,Score 0-10,_Z,Not Applicable,_Z,Not Applicable,_Z,Not Applicable,2019,3.819548872180452,BS_SGI,Sustainable Governance Indicators (SGI),0,Units,IX,Index,602,CCYY,,A,Normal value,PU,Public
datastructure,WB.DATA360:DS_DATA360(1.2),I,A,Annual,ISL,Iceland,BS_SGI_87,Sustainable Governance Indicators: Old Age Dependency Ratio,_T,Total,_T,All age ranges or no breakdown by age,_T,Total,IX_0T10,Score 0-10,_Z,Not Applicable,_Z,Not Applicable,_Z,Not Applicable,2019,5.570488721804511,BS_SGI,Sustainable Governance Indicators (SGI),0,Units,IX,Index,602,CCYY,,A,Normal value,PU,Public
datastructure,WB.DATA360:DS_DATA360(1.2),I,A,Annual,IRL,Ireland,BS_SGI_87,Sustainable Governance Indicators: Old Age Dependency Ratio,_T,Total,_T,All age ranges or no breakdown by age,_T,Total,IX_0T10,Score 0-10,_Z,Not Applicable,_Z,Not Applicable,_Z,Not Applicable,2019,5.911654135338345,BS_SGI,Sustainable Governance Indicators (SGI),0,Units,IX,Index,602,CCYY,,A,Normal value,PU,Public
datastructure,WB.DATA360:DS_DATA360(1.2),I,A,Annual,ISR,Israel,BS_SGI_87,Sustainable Governance Indicators: Old Age Dependency Ratio,_T,Total,_T,All age ranges or no breakdown by age,_T,Total,IX_0T10,Score 0-10,_Z,Not Applicable,_Z,Not Applicable,_Z,Not Applicable,2019,6.331766917293233,BS_SGI,Sustainable Governance Indicators (SGI),0,Units,IX,Index,602,CCYY,,A,Normal value,PU,Public
datastructure,WB.DATA360:DS_DATA360(1.2),I,A,Annual,ITA,Italy,BS_SGI_87,Sustainable Governance Indicators: Old Age Dependency Ratio,_T,Total,_T,All age ranges or no breakdown by age,_T,Total,IX_0T10,Score 0-10,_Z,Not Applicable,_Z,Not Applicable,_Z,Not Applicable,2019,1.916353383458647,BS_SGI,Sustainable Governance Indicators (SGI),0,Units,IX,Index,602,CCYY,,A,Normal value,PU,Public
datastructure,WB.DATA360:DS_DATA360(1.2),I,A,Annual,JPN,Japan,BS_SGI_87,Sustainable Governance Indicators: Old Age Dependency Ratio,_T,Total,_T,All age ranges or no breakdown by age,_T,Total,IX_0T10,Score 0-10,_Z,Not Applicable,_Z,Not Applicable,_Z,Not Applicable,2019,1.0,BS_SGI,Sustainable Governance Indicators (SGI),0,Units,IX,Index,602,CCYY,,A,Normal value,PU,Public
datastructure,WB.DATA360:DS_DATA360(1.2),I,A,Annual,LVA,Latvia,BS_SGI_87,Sustainable Governance Indicators: Old Age Dependency Ratio,_T,Total,_T,All age ranges or no breakdown by age,_T,Total,IX_0T10,Score 0-10,_Z,Not Applicable,_Z,Not Applicable,_Z,Not Applicable,2019,3.1146616541353387,BS_SGI,Sustainable Governance Indicators (SGI),0,Units,IX,Index,602,CCYY,,A,Normal value,PU,Public
datastructure,WB.DATA360:DS_DATA360(1.2),I,A,Annual,LTU,Lithuania,BS_SGI_87,Sustainable Governance Indicators: Old Age Dependency Ratio,_T,Total,_T,All age ranges or no breakdown by age,_T,Total,IX_0T10,Score 0-10,_Z,Not Applicable,_Z,Not Applicable,_Z,Not Applicable,2019,3.458646616541353,BS_SGI,Sustainable Governance Indicators (SGI),0,Units,IX,Index,602,CCYY,,A,Normal value,PU,Public
datastructure,WB.DATA360:DS_DATA360(1.2),I,A,Annual,LUX,Luxembourg,BS_SGI_87,Sustainable Governance Indicators: Old Age Dependency Ratio,_T,Total,_T,All age ranges or no breakdown by age,_T,Total,IX_0T10,Score 0-10,_Z,Not Applicable,_Z,Not Applicable,_Z,Not Applicable,2019,6.233082706766917,BS_SGI,Sustainable Governance Indicators (SGI),0,Units,IX,Index,602,CCYY,,A,Normal value,PU,Public
datastructure,WB.DATA360:DS_DATA360(1.2),I,A,Annual,MLT,Malta,BS_SGI_87,Sustainable Governance Indicators: Old Age Dependency Ratio,_T,Total,_T,All age ranges or no breakdown by age,_T,Total,IX_0T10,Score 0-10,_Z,Not Applicable,_Z,Not Applicable,_Z,Not Applicable,2019,3.173872180451127,BS_SGI,Sustainable Governance Indicators (SGI),0,Units,IX,Index,602,CCYY,,A,Normal value,PU,Public
datastructure,WB.DATA360:DS_DATA360(1.2),I,A,Annual,MEX,Mexico,BS_SGI_87,Sustainable Governance Indicators: Old Age Dependency Ratio,_T,Total,_T,All age ranges or no breakdown by age,_T,Total,IX_0T10,Score 0-10,_Z,Not Applicable,_Z,Not Applicable,_Z,Not Applicable,2019,8.875,BS_SGI,Sustainable Governance Indicators (SGI),0,Units,IX,Index,602,CCYY,,A,Normal value,PU,Public
datastructure,WB.DATA360:DS_DATA360(1.2),I,A,Annual,NLD,Netherlands,BS_SGI_87,Sustainable Governance Indicators: Old Age Dependency Ratio,_T,Total,_T,All age ranges or no breakdown by age,_T,Total,IX_0T10,Score 0-10,_Z,Not Applicable,_Z,Not Applicable,_Z,Not Applicable,2019,3.5855263157894743,BS_SGI,Sustainable Governance Indicators (SGI),0,Units,IX,Index,602,CCYY,,A,Normal value,PU,Public
datastructure,WB.DATA360:DS_DATA360(1.2),I,A,Annual,NZL,New Zealand,BS_SGI_87,Sustainable Governance Indicators: Old Age Dependency Ratio,_T,Total,_T,All age ranges or no breakdown by age,_T,Total,IX_0T10,Score 0-10,_Z,Not Applicable,_Z,Not Applicable,_Z,Not Applicable,2019,5.1306390977443606,BS_SGI,Sustainable Governance Indicators (SGI),0,Units,IX,Index,602,CCYY,,A,Normal value,PU,Public
datastructure,WB.DATA360:DS_DATA360(1.2),I,A,Annual,NOR,Norway,BS_SGI_87,Sustainable Governance Indicators: Old Age Dependency Ratio,_T,Total,_T,All age ranges or no breakdown by age,_T,Total,IX_0T10,Score 0-10,_Z,Not Applicable,_Z,Not Applicable,_Z,Not Applicable,2019,4.600563909774437,BS_SGI,Sustainable Governance Indicators (SGI),0,Units,IX,Index,602,CCYY,,A,Normal value,PU,Public
datastructure,WB.DATA360:DS_DATA360(1.2),I,A,Annual,POL,Poland,BS_SGI_87,Sustainable Governance Indicators: Old Age Dependency Ratio,_T,Total,_T,All age ranges or no breakdown by age,_T,Total,IX_0T10,Score 0-10,_Z,Not Applicable,_Z,Not Applicable,_Z,Not Applicable,2019,4.62593984962406,BS_SGI,Sustainable Governance Indicators (SGI),0,Units,IX,Index,602,CCYY,,A,Normal value,PU,Public
datastructure,WB.DATA360:DS_DATA360(1.2),I,A,Annual,PRT,Portugal,BS_SGI_87,Sustainable Governance Indicators: Old Age Dependency Ratio,_T,Total,_T,All age ranges or no breakdown by age,_T,Total,IX_0T10,Score 0-10,_Z,Not Applicable,_Z,Not Applicable,_Z,Not Applicable,2019,2.36748120300752,BS_SGI,Sustainable Governance Indicators (SGI),0,Units,IX,Index,602,CCYY,,A,Normal value,PU,Public
datastructure,WB.DATA360:DS_DATA360(1.2),I,A,Annual,ROU,Romania,BS_SGI_87,Sustainable Governance Indicators: Old Age Dependency Ratio,_T,Total,_T,All age ranges or no breakdown by age,_T,Total,IX_0T10,Score 0-10,_Z,Not Applicable,_Z,Not Applicable,_Z,Not Applicable,2019,4.13251879699248,BS_SGI,Sustainable Governance Indicators (SGI),0,Units,IX,Index,602,CCYY,,A,Normal value,PU,Public
datastructure,WB.DATA360:DS_DATA360(1.2),I,A,Annual,SVK,Slovak Republic,BS_SGI_87,Sustainable Governance Indicators: Old Age Dependency Ratio,_T,Total,_T,All age ranges or no breakdown by age,_T,Total,IX_0T10,Score 0-10,_Z,Not Applicable,_Z,Not Applicable,_Z,Not Applicable,2019,5.556390977443609,BS_SGI,Sustainable Governance Indicators (SGI),0,Units,IX,Index,602,CCYY,,A,Normal value,PU,Public
datastructure,WB.DATA360:DS_DATA360(1.2),I,A,Annual,SVN,Slovenia,BS_SGI_87,Sustainable Governance Indicators: Old Age Dependency Ratio,_T,Total,_T,All age ranges or no breakdown by age,_T,Total,IX_0T10,Score 0-10,_Z,Not Applicable,_Z,Not Applicable,_Z,Not Applicable,2019,3.4953007518797,BS_SGI,Sustainable Governance Indicators (SGI),0,Units,IX,Index,602,CCYY,,A,Normal value,PU,Public
datastructure,WB.DATA360:DS_DATA360(1.2),I,A,Annual,KOR,"Korea, Rep.",BS_SGI_87,Sustainable Governance Indicators: Old Age Dependency Ratio,_T,Total,_T,All age ranges or no breakdown by age,_T,Total,IX_0T10,Score 0-10,_Z,Not Applicable,_Z,Not Applicable,_Z,Not Applicable,2019,6.351503759398497,BS_SGI,Sustainable Governance Indicators (SGI),0,Units,IX,Index,602,CCYY,,A,Normal value,PU,Public
datastructure,WB.DATA360:DS_DATA360(1.2),I,A,Annual,ESP,Spain,BS_SGI_87,Sustainable Governance Indicators: Old Age Dependency Ratio,_T,Total,_T,All age ranges or no breakdown by age,_T,Total,IX_0T10,Score 0-10,_Z,Not Applicable,_Z,Not Applicable,_Z,Not Applicable,2019,3.667293233082707,BS_SGI,Sustainable Governance Indicators (SGI),0,Units,IX,Index,602,CCYY,,A,Normal value,PU,Public
datastructure,WB.DATA360:DS_DATA360(1.2),I,A,Annual,SWE,Sweden,BS_SGI_87,Sustainable Governance Indicators: Old Age Dependency Ratio,_T,Total,_T,All age ranges or no breakdown by age,_T,Total,IX_0T10,Score 0-10,_Z,Not Applicable,_Z,Not Applicable,_Z,Not Applicable,2019,2.8609022556390986,BS_SGI,Sustainable Governance Indicators (SGI),0,Units,IX,Index,602,CCYY,,A,Normal value,PU,Public
datastructure,WB.DATA360:DS_DATA360(1.2),I,A,Annual,CHE,Switzerland,BS_SGI_87,Sustainable Governance Indicators: Old Age Dependency Ratio,_T,Total,_T,All age ranges or no breakdown by age,_T,Total,IX_0T10,Score 0-10,_Z,Not Applicable,_Z,Not Applicable,_Z,Not Applicable,2019,4.0507518796992485,BS_SGI,Sustainable Governance Indicators (SGI),0,Units,IX,Index,602,CCYY,,A,Normal value,PU,Public
datastructure,WB.DATA360:DS_DATA360(1.2),I,A,Annual,TUR,Turkiye,BS_SGI_87,Sustainable Governance Indicators: Old Age Dependency Ratio,_T,Total,_T,All age ranges or no breakdown by age,_T,Total,IX_0T10,Score 0-10,_Z,Not Applicable,_Z,Not Applicable,_Z,Not Applicable,2019,8.37312030075188,BS_SGI,Sustainable Governance Indicators (SGI),0,Units,IX,Index,602,CCYY,,A,Normal value,PU,Public
datastructure,WB.DATA360:DS_DATA360(1.2),I,A,Annual,GBR,United Kingdom,BS_SGI_87,Sustainable Governance Indicators: Old Age Dependency Ratio,_T,Total,_T,All age ranges or no breakdown by age,_T,Total,IX_0T10,Score 0-10,_Z,Not Applicable,_Z,Not Applicable,_Z,Not Applicable,2019,3.836466165413535,BS_SGI,Sustainable Governance Indicators (SGI),0,Units,IX,Index,602,CCYY,,A,Normal value,PU,Public
datastructure,WB.DATA360:DS_DATA360(1.2),I,A,Annual,USA,United States,BS_SGI_87,Sustainable Governance Indicators: Old Age Dependency Ratio,_T,Total,_T,All age ranges or no breakdown by age,_T,Total,IX_0T10,Score 0-10,_Z,Not Applicable,_Z,Not Applicable,_Z,Not Applicable,2019,5.144736842105264,BS_SGI,Sustainable Governance Indicators (SGI),0,Units,IX,Index,602,CCYY,,A,Normal value,PU,Public
datastructure,WB.DATA360:DS_DATA360(1.2),I,A,Annual,AUS,Australia,BS_SGI_87,Sustainable Governance Indicators: Old Age Dependency Ratio,_T,Total,_T,All age ranges or no breakdown by age,_T,Total,IX_0T10,Score 0-10,_Z,Not Applicable,_Z,Not Applicable,_Z,Not Applicable,2018,5.32236842105263,BS_SGI,Sustainable Governance Indicators (SGI),0,Units,IX,Index,602,CCYY,,A,Normal value,PU,Public
datastructure,WB.DATA360:DS_DATA360(1.2),I,A,Annual,AUT,Austria,BS_SGI_87,Sustainable Governance Indicators: Old Age Dependency Ratio,_T,Total,_T,All age ranges or no breakdown by age,_T,Total,IX_0T10,Score 0-10,_Z,Not Applicable,_Z,Not Applicable,_Z,Not Applicable,2018,3.952067669172932,BS_SGI,Sustainable Governance Indicators (SGI),0,Units,IX,Index,602,CCYY,,A,Normal value,PU,Public
datastructure,WB.DATA360:DS_DATA360(1.2),I,A,Annual,BEL,Belgium,BS_SGI_87,Sustainable Governance Indicators: Old Age Dependency Ratio,_T,Total,_T,All age ranges or no breakdown by age,_T,Total,IX_0T10,Score 0-10,_Z,Not Applicable,_Z,Not Applicable,_Z,Not Applicable,2018,3.811090225563909,BS_SGI,Sustainable Governance Indicators (SGI),0,Units,IX,Index,602,CCYY,,A,Normal value,PU,Public
datastructure,WB.DATA360:DS_DATA360(1.2),I,A,Annual,BGR,Bulgaria,BS_SGI_87,Sustainable Governance Indicators: Old Age Dependency Ratio,_T,Total,_T,All age ranges or no breakdown by age,_T,Total,IX_0T10,Score 0-10,_Z,Not Applicable,_Z,Not Applicable,_Z,Not Applicable,2018,2.920112781954888,BS_SGI,Sustainable Governance Indicators (SGI),0,Units,IX,Index,602,CCYY,,A,Normal value,PU,Public
datastructure,WB.DATA360:DS_DATA360(1.2),I,A,Annual,CAN,Canada,BS_SGI_87,Sustainable Governance Indicators: Old Age Dependency Ratio,_T,Total,_T,All age ranges or no breakdown by age,_T,Total,IX_0T10,Score 0-10,_Z,Not Applicable,_Z,Not Applicable,_Z,Not Applicable,2018,4.893796992481203,BS_SGI,Sustainable Governance Indicators (SGI),0,Units,IX,Index,602,CCYY,,A,Normal value,PU,Public
datastructure,WB.DATA360:DS_DATA360(1.2),I,A,Annual,CHL,Chile,BS_SGI_87,Sustainable Governance Indicators: Old Age Dependency Ratio,_T,Total,_T,All age ranges or no breakdown by age,_T,Total,IX_0T10,Score 0-10,_Z,Not Applicable,_Z,Not Applicable,_Z,Not Applicable,2018,7.363721804511279,BS_SGI,Sustainable Governance Indicators (SGI),0,Units,IX,Index,602,CCYY,,A,Normal value,PU,Public
datastructure,WB.DATA360:DS_DATA360(1.2),I,A,Annual,HRV,Croatia,BS_SGI_87,Sustainable Governance Indicators: Old Age Dependency Ratio,_T,Total,_T,All age ranges or no breakdown by age,_T,Total,IX_0T10,Score 0-10,_Z,Not Applicable,_Z,Not Applicable,_Z,Not Applicable,2018,3.337406015037594,BS_SGI,Sustainable Governance Indicators (SGI),0,Units,IX,Index,602,CCYY,,A,Normal value,PU,Public
datastructure,WB.DATA360:DS_DATA360(1.2),I,A,Annual,CYP,Cyprus,BS_SGI_87,Sustainable Governance Indicators: Old Age Dependency Ratio,_T,Total,_T,All age ranges or no breakdown by age,_T,Total,IX_0T10,Score 0-10,_Z,Not Applicable,_Z,Not Applicable,_Z,Not Applicable,2018,6.529135338345865,BS_SGI,Sustainable Governance Indicators (SGI),0,Units,IX,Index,602,CCYY,,A,Normal value,PU,Public
datastructure,WB.DATA360:DS_DATA360(1.2),I,A,Annual,CZE,Czechia,BS_SGI_87,Sustainable Governance Indicators: Old Age Dependency Ratio,_T,Total,_T,All age ranges or no breakdown by age,_T,Total,IX_0T10,Score 0-10,_Z,Not Applicable,_Z,Not Applicable,_Z,Not Applicable,2018,3.788533834586466,BS_SGI,Sustainable Governance Indicators (SGI),0,Units,IX,Index,602,CCYY,,A,Normal value,PU,Public
datastructure,WB.DATA360:DS_DATA360(1.2),I,A,Annual,DNK,Denmark,BS_SGI_87,Sustainable Governance Indicators: Old Age Dependency Ratio,_T,Total,_T,All age ranges or no breakdown by age,_T,Total,IX_0T10,Score 0-10,_Z,Not Applicable,_Z,Not Applicable,_Z,Not Applicable,2018,3.2697368421052646,BS_SGI,Sustainable Governance Indicators (SGI),0,Units,IX,Index,602,CCYY,,A,Normal value,PU,Public
datastructure,WB.DATA360:DS_DATA360(1.2),I,A,Annual,EST,Estonia,BS_SGI_87,Sustainable Governance Indicators: Old Age Dependency Ratio,_T,Total,_T,All age ranges or no breakdown by age,_T,Total,IX_0T10,Score 0-10,_Z,Not Applicable,_Z,Not Applicable,_Z,Not Applicable,2018,3.503759398496241,BS_SGI,Sustainable Governance Indicators (SGI),0,Units,IX,Index,602,CCYY,,A,Normal value,PU,Public
datastructure,WB.DATA360:DS_DATA360(1.2),I,A,Annual,FIN,Finland,BS_SGI_87,Sustainable Governance Indicators: Old Age Dependency Ratio,_T,Total,_T,All age ranges or no breakdown by age,_T,Total,IX_0T10,Score 0-10,_Z,Not Applicable,_Z,Not Applicable,_Z,Not Applicable,2018,2.347744360902256,BS_SGI,Sustainable Governance Indicators (SGI),0,Units,IX,Index,602,CCYY,,A,Normal value,PU,Public
datastructure,WB.DATA360:DS_DATA360(1.2),I,A,Annual,FRA,France,BS_SGI_87,Sustainable Governance Indicators: Old Age Dependency Ratio,_T,Total,_T,All age ranges or no breakdown by age,_T,Total,IX_0T10,Score 0-10,_Z,Not Applicable,_Z,Not Applicable,_Z,Not Applicable,2018,3.0385338345864668,BS_SGI,Sustainable Governance Indicators (SGI),0,Units,IX,Index,602,CCYY,,A,Normal value,PU,Public
datastructure,WB.DATA360:DS_DATA360(1.2),I,A,Annual,DEU,Germany,BS_SGI_87,Sustainable Governance Indicators: Old Age Dependency Ratio,_T,Total,_T,All age ranges or no breakdown by age,_T,Total,IX_0T10,Score 0-10,_Z,Not Applicable,_Z,Not Applicable,_Z,Not Applicable,2018,2.7058270676691745,BS_SGI,Sustainable Governance Indicators (SGI),0,Units,IX,Index,602,CCYY,,A,Normal value,PU,Public
datastructure,WB.DATA360:DS_DATA360(1.2),I,A,Annual,GRC,Greece,BS_SGI_87,Sustainable Governance Indicators: Old Age Dependency Ratio,_T,Total,_T,All age ranges or no breakdown by age,_T,Total,IX_0T10,Score 0-10,_Z,Not Applicable,_Z,Not Applicable,_Z,Not Applicable,2018,2.581766917293235,BS_SGI,Sustainable Governance Indicators (SGI),0,Units,IX,Index,602,CCYY,,A,Normal value,PU,Public
datastructure,WB.DATA360:DS_DATA360(1.2),I,A,Annual,HUN,Hungary,BS_SGI_87,Sustainable Governance Indicators: Old Age Dependency Ratio,_T,Total,_T,All age ranges or no breakdown by age,_T,Total,IX_0T10,Score 0-10,_Z,Not Applicable,_Z,Not Applicable,_Z,Not Applicable,2018,4.1381578947368425,BS_SGI,Sustainable Governance Indicators (SGI),0,Units,IX,Index,602,CCYY,,A,Normal value,PU,Public
datastructure,WB.DATA360:DS_DATA360(1.2),I,A,Annual,ISL,Iceland,BS_SGI_87,Sustainable Governance Indicators: Old Age Dependency Ratio,_T,Total,_T,All age ranges or no breakdown by age,_T,Total,IX_0T10,Score 0-10,_Z,Not Applicable,_Z,Not Applicable,_Z,Not Applicable,2018,5.74812030075188,BS_SGI,Sustainable Governance Indicators (SGI),0,Units,IX,Index,602,CCYY,,A,Normal value,PU,Public
datastructure,WB.DATA360:DS_DATA360(1.2),I,A,Annual,IRL,Ireland,BS_SGI_87,Sustainable Governance Indicators: Old Age Dependency Ratio,_T,Total,_T,All age ranges or no breakdown by age,_T,Total,IX_0T10,Score 0-10,_Z,Not Applicable,_Z,Not Applicable,_Z,Not Applicable,2018,6.083646616541354,BS_SGI,Sustainable Governance Indicators (SGI),0,Units,IX,Index,602,CCYY,,A,Normal value,PU,Public
datastructure,WB.DATA360:DS_DATA360(1.2),I,A,Annual,ISR,Israel,BS_SGI_87,Sustainable Governance Indicators: Old Age Dependency Ratio,_T,Total,_T,All age ranges or no breakdown by age,_T,Total,IX_0T10,Score 0-10,_Z,Not Applicable,_Z,Not Applicable,_Z,Not Applicable,2018,6.469924812030075,BS_SGI,Sustainable Governance Indicators (SGI),0,Units,IX,Index,602,CCYY,,A,Normal value,PU,Public
datastructure,WB.DATA360:DS_DATA360(1.2),I,A,Annual,ITA,Italy,BS_SGI_87,Sustainable Governance Indicators: Old Age Dependency Ratio,_T,Total,_T,All age ranges or no breakdown by age,_T,Total,IX_0T10,Score 0-10,_Z,Not Applicable,_Z,Not Applicable,_Z,Not Applicable,2018,2.0432330827067675,BS_SGI,Sustainable Governance Indicators (SGI),0,Units,IX,Index,602,CCYY,,A,Normal value,PU,Public
datastructure,WB.DATA360:DS_DATA360(1.2),I,A,Annual,JPN,Japan,BS_SGI_87,Sustainable Governance Indicators: Old Age Dependency Ratio,_T,Total,_T,All age ranges or no breakdown by age,_T,Total,IX_0T10,Score 0-10,_Z,Not Applicable,_Z,Not Applicable,_Z,Not Applicable,2018,1.0,BS_SGI,Sustainable Governance Indicators (SGI),0,Units,IX,Index,602,CCYY,,A,Normal value,PU,Public
datastructure,WB.DATA360:DS_DATA360(1.2),I,A,Annual,LVA,Latvia,BS_SGI_87,Sustainable Governance Indicators: Old Age Dependency Ratio,_T,Total,_T,All age ranges or no breakdown by age,_T,Total,IX_0T10,Score 0-10,_Z,Not Applicable,_Z,Not Applicable,_Z,Not Applicable,2018,3.292293233082708,BS_SGI,Sustainable Governance Indicators (SGI),0,Units,IX,Index,602,CCYY,,A,Normal value,PU,Public
datastructure,WB.DATA360:DS_DATA360(1.2),I,A,Annual,LTU,Lithuania,BS_SGI_87,Sustainable Governance Indicators: Old Age Dependency Ratio,_T,Total,_T,All age ranges or no breakdown by age,_T,Total,IX_0T10,Score 0-10,_Z,Not Applicable,_Z,Not Applicable,_Z,Not Applicable,2018,3.701127819548871,BS_SGI,Sustainable Governance Indicators (SGI),0,Units,IX,Index,602,CCYY,,A,Normal value,PU,Public
datastructure,WB.DATA360:DS_DATA360(1.2),I,A,Annual,LUX,Luxembourg,BS_SGI_87,Sustainable Governance Indicators: Old Age Dependency Ratio,_T,Total,_T,All age ranges or no breakdown by age,_T,Total,IX_0T10,Score 0-10,_Z,Not Applicable,_Z,Not Applicable,_Z,Not Applicable,2018,6.2556390977443606,BS_SGI,Sustainable Governance Indicators (SGI),0,Units,IX,Index,602,CCYY,,A,Normal value,PU,Public
datastructure,WB.DATA360:DS_DATA360(1.2),I,A,Annual,MLT,Malta,BS_SGI_87,Sustainable Governance Indicators: Old Age Dependency Ratio,_T,Total,_T,All age ranges or no breakdown by age,_T,Total,IX_0T10,Score 0-10,_Z,Not Applicable,_Z,Not Applicable,_Z,Not Applicable,2018,3.43890977443609,BS_SGI,Sustainable Governance Indicators (SGI),0,Units,IX,Index,602,CCYY,,A,Normal value,PU,Public
datastructure,WB.DATA360:DS_DATA360(1.2),I,A,Annual,MEX,Mexico,BS_SGI_87,Sustainable Governance Indicators: Old Age Dependency Ratio,_T,Total,_T,All age ranges or no breakdown by age,_T,Total,IX_0T10,Score 0-10,_Z,Not Applicable,_Z,Not Applicable,_Z,Not Applicable,2018,8.945488721804512,BS_SGI,Sustainable Governance Indicators (SGI),0,Units,IX,Index,602,CCYY,,A,Normal value,PU,Public
datastructure,WB.DATA360:DS_DATA360(1.2),I,A,Annual,NLD,Netherlands,BS_SGI_87,Sustainable Governance Indicators: Old Age Dependency Ratio,_T,Total,_T,All age ranges or no breakdown by age,_T,Total,IX_0T10,Score 0-10,_Z,Not Applicable,_Z,Not Applicable,_Z,Not Applicable,2018,3.780075187969924,BS_SGI,Sustainable Governance Indicators (SGI),0,Units,IX,Index,602,CCYY,,A,Normal value,PU,Public
datastructure,WB.DATA360:DS_DATA360(1.2),I,A,Annual,NZL,New Zealand,BS_SGI_87,Sustainable Governance Indicators: Old Age Dependency Ratio,_T,Total,_T,All age ranges or no breakdown by age,_T,Total,IX_0T10,Score 0-10,_Z,Not Applicable,_Z,Not Applicable,_Z,Not Applicable,2018,5.296992481203008,BS_SGI,Sustainable Governance Indicators (SGI),0,Units,IX,Index,602,CCYY,,A,Normal value,PU,Public
datastructure,WB.DATA360:DS_DATA360(1.2),I,A,Annual,NOR,Norway,BS_SGI_87,Sustainable Governance Indicators: Old Age Dependency Ratio,_T,Total,_T,All age ranges or no breakdown by age,_T,Total,IX_0T10,Score 0-10,_Z,Not Applicable,_Z,Not Applicable,_Z,Not Applicable,2018,4.704887218045112,BS_SGI,Sustainable Governance Indicators (SGI),0,Units,IX,Index,602,CCYY,,A,Normal value,PU,Public
datastructure,WB.DATA360:DS_DATA360(1.2),I,A,Annual,POL,Poland,BS_SGI_87,Sustainable Governance Indicators: Old Age Dependency Ratio,_T,Total,_T,All age ranges or no breakdown by age,_T,Total,IX_0T10,Score 0-10,_Z,Not Applicable,_Z,Not Applicable,_Z,Not Applicable,2018,4.950187969924813,BS_SGI,Sustainable Governance Indicators (SGI),0,Units,IX,Index,602,CCYY,,A,Normal value,PU,Public
datastructure,WB.DATA360:DS_DATA360(1.2),I,A,Annual,PRT,Portugal,BS_SGI_87,Sustainable Governance Indicators: Old Age Dependency Ratio,_T,Total,_T,All age ranges or no breakdown by age,_T,Total,IX_0T10,Score 0-10,_Z,Not Applicable,_Z,Not Applicable,_Z,Not Applicable,2018,2.567669172932331,BS_SGI,Sustainable Governance Indicators (SGI),0,Units,IX,Index,602,CCYY,,A,Normal value,PU,Public
datastructure,WB.DATA360:DS_DATA360(1.2),I,A,Annual,ROU,Romania,BS_SGI_87,Sustainable Governance Indicators: Old Age Dependency Ratio,_T,Total,_T,All age ranges or no breakdown by age,_T,Total,IX_0T10,Score 0-10,_Z,Not Applicable,_Z,Not Applicable,_Z,Not Applicable,2018,4.389097744360903,BS_SGI,Sustainable Governance Indicators (SGI),0,Units,IX,Index,602,CCYY,,A,Normal value,PU,Public
datastructure,WB.DATA360:DS_DATA360(1.2),I,A,Annual,SVK,Slovak Republic,BS_SGI_87,Sustainable Governance Indicators: Old Age Dependency Ratio,_T,Total,_T,All age ranges or no breakdown by age,_T,Total,IX_0T10,Score 0-10,_Z,Not Applicable,_Z,Not Applicable,_Z,Not Applicable,2018,5.841165413533835,BS_SGI,Sustainable Governance Indicators (SGI),0,Units,IX,Index,602,CCYY,,A,Normal value,PU,Public
datastructure,WB.DATA360:DS_DATA360(1.2),I,A,Annual,SVN,Slovenia,BS_SGI_87,Sustainable Governance Indicators: Old Age Dependency Ratio,_T,Total,_T,All age ranges or no breakdown by age,_T,Total,IX_0T10,Score 0-10,_Z,Not Applicable,_Z,Not Applicable,_Z,Not Applicable,2018,3.8336466165413534,BS_SGI,Sustainable Governance Indicators (SGI),0,Units,IX,Index,602,CCYY,,A,Normal value,PU,Public
datastructure,WB.DATA360:DS_DATA360(1.2),I,A,Annual,KOR,"Korea, Rep.",BS_SGI_87,Sustainable Governance Indicators: Old Age Dependency Ratio,_T,Total,_T,All age ranges or no breakdown by age,_T,Total,IX_0T10,Score 0-10,_Z,Not Applicable,_Z,Not Applicable,_Z,Not Applicable,2018,6.593984962406015,BS_SGI,Sustainable Governance Indicators (SGI),0,Units,IX,Index,602,CCYY,,A,Normal value,PU,Public
datastructure,WB.DATA360:DS_DATA360(1.2),I,A,Annual,ESP,Spain,BS_SGI_87,Sustainable Governance Indicators: Old Age Dependency Ratio,_T,Total,_T,All age ranges or no breakdown by age,_T,Total,IX_0T10,Score 0-10,_Z,Not Applicable,_Z,Not Applicable,_Z,Not Applicable,2018,3.791353383458645,BS_SGI,Sustainable Governance Indicators (SGI),0,Units,IX,Index,602,CCYY,,A,Normal value,PU,Public
datastructure,WB.DATA360:DS_DATA360(1.2),I,A,Annual,SWE,Sweden,BS_SGI_87,Sustainable Governance Indicators: Old Age Dependency Ratio,_T,Total,_T,All age ranges or no breakdown by age,_T,Total,IX_0T10,Score 0-10,_Z,Not Applicable,_Z,Not Applicable,_Z,Not Applicable,2018,2.9342105263157894,BS_SGI,Sustainable Governance Indicators (SGI),0,Units,IX,Index,602,CCYY,,A,Normal value,PU,Public
datastructure,WB.DATA360:DS_DATA360(1.2),I,A,Annual,CHE,Switzerland,BS_SGI_87,Sustainable Governance Indicators: Old Age Dependency Ratio,_T,Total,_T,All age ranges or no breakdown by age,_T,Total,IX_0T10,Score 0-10,_Z,Not Applicable,_Z,Not Applicable,_Z,Not Applicable,2018,4.160714285714286,BS_SGI,Sustainable Governance Indicators (SGI),0,Units,IX,Index,602,CCYY,,A,Normal value,PU,Public
datastructure,WB.DATA360:DS_DATA360(1.2),I,A,Annual,TUR,Turkiye,BS_SGI_87,Sustainable Governance Indicators: Old Age Dependency Ratio,_T,Total,_T,All age ranges or no breakdown by age,_T,Total,IX_0T10,Score 0-10,_Z,Not Applicable,_Z,Not Applicable,_Z,Not Applicable,2018,8.463345864661655,BS_SGI,Sustainable Governance Indicators (SGI),0,Units,IX,Index,602,CCYY,,A,Normal value,PU,Public
datastructure,WB.DATA360:DS_DATA360(1.2),I,A,Annual,GBR,United Kingdom,BS_SGI_87,Sustainable Governance Indicators: Old Age Dependency Ratio,_T,Total,_T,All age ranges or no breakdown by age,_T,Total,IX_0T10,Score 0-10,_Z,Not Applicable,_Z,Not Applicable,_Z,Not Applicable,2018,3.901315789473684,BS_SGI,Sustainable Governance Indicators (SGI),0,Units,IX,Index,602,CCYY,,A,Normal value,PU,Public
datastructure,WB.DATA360:DS_DATA360(1.2),I,A,Annual,USA,United States,BS_SGI_87,Sustainable Governance Indicators: Old Age Dependency Ratio,_T,Total,_T,All age ranges or no breakdown by age,_T,Total,IX_0T10,Score 0-10,_Z,Not Applicable,_Z,Not Applicable,_Z,Not Applicable,2018,5.336466165413534,BS_SGI,Sustainable Governance Indicators (SGI),0,Units,IX,Index,602,CCYY,,A,Normal value,PU,Public
datastructure,WB.DATA360:DS_DATA360(1.2),I,A,Annual,AUS,Australia,BS_SGI_87,Sustainable Governance Indicators: Old Age Dependency Ratio,_T,Total,_T,All age ranges or no breakdown by age,_T,Total,IX_0T10,Score 0-10,_Z,Not Applicable,_Z,Not Applicable,_Z,Not Applicable,2017,5.474624060150377,BS_SGI,Sustainable Governance Indicators (SGI),0,Units,IX,Index,602,CCYY,,A,Normal value,PU,Public
datastructure,WB.DATA360:DS_DATA360(1.2),I,A,Annual,AUT,Austria,BS_SGI_87,Sustainable Governance Indicators: Old Age Dependency Ratio,_T,Total,_T,All age ranges or no breakdown by age,_T,Total,IX_0T10,Score 0-10,_Z,Not Applicable,_Z,Not Applicable,_Z,Not Applicable,2017,3.983082706766917,BS_SGI,Sustainable Governance Indicators (SGI),0,Units,IX,Index,602,CCYY,,A,Normal value,PU,Public
datastructure,WB.DATA360:DS_DATA360(1.2),I,A,Annual,BEL,Belgium,BS_SGI_87,Sustainable Governance Indicators: Old Age Dependency Ratio,_T,Total,_T,All age ranges or no breakdown by age,_T,Total,IX_0T10,Score 0-10,_Z,Not Applicable,_Z,Not Applicable,_Z,Not Applicable,2017,3.93515037593985,BS_SGI,Sustainable Governance Indicators (SGI),0,Units,IX,Index,602,CCYY,,A,Normal value,PU,Public
datastructure,WB.DATA360:DS_DATA360(1.2),I,A,Annual,BGR,Bulgaria,BS_SGI_87,Sustainable Governance Indicators: Old Age Dependency Ratio,_T,Total,_T,All age ranges or no breakdown by age,_T,Total,IX_0T10,Score 0-10,_Z,Not Applicable,_Z,Not Applicable,_Z,Not Applicable,2017,3.1231203007518795,BS_SGI,Sustainable Governance Indicators (SGI),0,Units,IX,Index,602,CCYY,,A,Normal value,PU,Public
datastructure,WB.DATA360:DS_DATA360(1.2),I,A,Annual,CAN,Canada,BS_SGI_87,Sustainable Governance Indicators: Old Age Dependency Ratio,_T,Total,_T,All age ranges or no breakdown by age,_T,Total,IX_0T10,Score 0-10,_Z,Not Applicable,_Z,Not Applicable,_Z,Not Applicable,2017,5.093984962406016,BS_SGI,Sustainable Governance Indicators (SGI),0,Units,IX,Index,602,CCYY,,A,Normal value,PU,Public
datastructure,WB.DATA360:DS_DATA360(1.2),I,A,Annual,CHL,Chile,BS_SGI_87,Sustainable Governance Indicators: Old Age Dependency Ratio,_T,Total,_T,All age ranges or no breakdown by age,_T,Total,IX_0T10,Score 0-10,_Z,Not Applicable,_Z,Not Applicable,_Z,Not Applicable,2017,7.493421052631579,BS_SGI,Sustainable Governance Indicators (SGI),0,Units,IX,Index,602,CCYY,,A,Normal value,PU,Public
datastructure,WB.DATA360:DS_DATA360(1.2),I,A,Annual,HRV,Croatia,BS_SGI_87,Sustainable Governance Indicators: Old Age Dependency Ratio,_T,Total,_T,All age ranges or no breakdown by age,_T,Total,IX_0T10,Score 0-10,_Z,Not Applicable,_Z,Not Applicable,_Z,Not Applicable,2017,3.5657894736842106,BS_SGI,Sustainable Governance Indicators (SGI),0,Units,IX,Index,602,CCYY,,A,Normal value,PU,Public
datastructure,WB.DATA360:DS_DATA360(1.2),I,A,Annual,CYP,Cyprus,BS_SGI_87,Sustainable Governance Indicators: Old Age Dependency Ratio,_T,Total,_T,All age ranges or no breakdown by age,_T,Total,IX_0T10,Score 0-10,_Z,Not Applicable,_Z,Not Applicable,_Z,Not Applicable,2017,6.664473684210527,BS_SGI,Sustainable Governance Indicators (SGI),0,Units,IX,Index,602,CCYY,,A,Normal value,PU,Public
datastructure,WB.DATA360:DS_DATA360(1.2),I,A,Annual,CZE,Czechia,BS_SGI_87,Sustainable Governance Indicators: Old Age Dependency Ratio,_T,Total,_T,All age ranges or no breakdown by age,_T,Total,IX_0T10,Score 0-10,_Z,Not Applicable,_Z,Not Applicable,_Z,Not Applicable,2017,4.070488721804511,BS_SGI,Sustainable Governance Indicators (SGI),0,Units,IX,Index,602,CCYY,,A,Normal value,PU,Public
datastructure,WB.DATA360:DS_DATA360(1.2),I,A,Annual,DNK,Denmark,BS_SGI_87,Sustainable Governance Indicators: Old Age Dependency Ratio,_T,Total,_T,All age ranges or no breakdown by age,_T,Total,IX_0T10,Score 0-10,_Z,Not Applicable,_Z,Not Applicable,_Z,Not Applicable,2017,3.390977443609024,BS_SGI,Sustainable Governance Indicators (SGI),0,Units,IX,Index,602,CCYY,,A,Normal value,PU,Public
datastructure,WB.DATA360:DS_DATA360(1.2),I,A,Annual,EST,Estonia,BS_SGI_87,Sustainable Governance Indicators: Old Age Dependency Ratio,_T,Total,_T,All age ranges or no breakdown by age,_T,Total,IX_0T10,Score 0-10,_Z,Not Applicable,_Z,Not Applicable,_Z,Not Applicable,2017,3.658834586466165,BS_SGI,Sustainable Governance Indicators (SGI),0,Units,IX,Index,602,CCYY,,A,Normal value,PU,Public
datastructure,WB.DATA360:DS_DATA360(1.2),I,A,Annual,FIN,Finland,BS_SGI_87,Sustainable Governance Indicators: Old Age Dependency Ratio,_T,Total,_T,All age ranges or no breakdown by age,_T,Total,IX_0T10,Score 0-10,_Z,Not Applicable,_Z,Not Applicable,_Z,Not Applicable,2017,2.6268796992481214,BS_SGI,Sustainable Governance Indicators (SGI),0,Units,IX,Index,602,CCYY,,A,Normal value,PU,Public
datastructure,WB.DATA360:DS_DATA360(1.2),I,A,Annual,FRA,France,BS_SGI_87,Sustainable Governance Indicators: Old Age Dependency Ratio,_T,Total,_T,All age ranges or no breakdown by age,_T,Total,IX_0T10,Score 0-10,_Z,Not Applicable,_Z,Not Applicable,_Z,Not Applicable,2017,3.247180451127819,BS_SGI,Sustainable Governance Indicators (SGI),0,Units,IX,Index,602,CCYY,,A,Normal value,PU,Public
datastructure,WB.DATA360:DS_DATA360(1.2),I,A,Annual,DEU,Germany,BS_SGI_87,Sustainable Governance Indicators: Old Age Dependency Ratio,_T,Total,_T,All age ranges or no breakdown by age,_T,Total,IX_0T10,Score 0-10,_Z,Not Applicable,_Z,Not Applicable,_Z,Not Applicable,2017,2.7734962406015056,BS_SGI,Sustainable Governance Indicators (SGI),0,Units,IX,Index,602,CCYY,,A,Normal value,PU,Public
datastructure,WB.DATA360:DS_DATA360(1.2),I,A,Annual,GRC,Greece,BS_SGI_87,Sustainable Governance Indicators: Old Age Dependency Ratio,_T,Total,_T,All age ranges or no breakdown by age,_T,Total,IX_0T10,Score 0-10,_Z,Not Applicable,_Z,Not Applicable,_Z,Not Applicable,2017,2.717105263157896,BS_SGI,Sustainable Governance Indicators (SGI),0,Units,IX,Index,602,CCYY,,A,Normal value,PU,Public
datastructure,WB.DATA360:DS_DATA360(1.2),I,A,Annual,HUN,Hungary,BS_SGI_87,Sustainable Governance Indicators: Old Age Dependency Ratio,_T,Total,_T,All age ranges or no breakdown by age,_T,Total,IX_0T10,Score 0-10,_Z,Not Applicable,_Z,Not Applicable,_Z,Not Applicable,2017,4.445488721804511,BS_SGI,Sustainable Governance Indicators (SGI),0,Units,IX,Index,602,CCYY,,A,Normal value,PU,Public
datastructure,WB.DATA360:DS_DATA360(1.2),I,A,Annual,ISL,Iceland,BS_SGI_87,Sustainable Governance Indicators: Old Age Dependency Ratio,_T,Total,_T,All age ranges or no breakdown by age,_T,Total,IX_0T10,Score 0-10,_Z,Not Applicable,_Z,Not Applicable,_Z,Not Applicable,2017,5.922932330827068,BS_SGI,Sustainable Governance Indicators (SGI),0,Units,IX,Index,602,CCYY,,A,Normal value,PU,Public
datastructure,WB.DATA360:DS_DATA360(1.2),I,A,Annual,IRL,Ireland,BS_SGI_87,Sustainable Governance Indicators: Old Age Dependency Ratio,_T,Total,_T,All age ranges or no breakdown by age,_T,Total,IX_0T10,Score 0-10,_Z,Not Applicable,_Z,Not Applicable,_Z,Not Applicable,2017,6.2556390977443606,BS_SGI,Sustainable Governance Indicators (SGI),0,Units,IX,Index,602,CCYY,,A,Normal value,PU,Public
datastructure,WB.DATA360:DS_DATA360(1.2),I,A,Annual,ISR,Israel,BS_SGI_87,Sustainable Governance Indicators: Old Age Dependency Ratio,_T,Total,_T,All age ranges or no breakdown by age,_T,Total,IX_0T10,Score 0-10,_Z,Not Applicable,_Z,Not Applicable,_Z,Not Applicable,2017,6.613721804511279,BS_SGI,Sustainable Governance Indicators (SGI),0,Units,IX,Index,602,CCYY,,A,Normal value,PU,Public
datastructure,WB.DATA360:DS_DATA360(1.2),I,A,Annual,ITA,Italy,BS_SGI_87,Sustainable Governance Indicators: Old Age Dependency Ratio,_T,Total,_T,All age ranges or no breakdown by age,_T,Total,IX_0T10,Score 0-10,_Z,Not Applicable,_Z,Not Applicable,_Z,Not Applicable,2017,2.1785714285714306,BS_SGI,Sustainable Governance Indicators (SGI),0,Units,IX,Index,602,CCYY,,A,Normal value,PU,Public
datastructure,WB.DATA360:DS_DATA360(1.2),I,A,Annual,JPN,Japan,BS_SGI_87,Sustainable Governance Indicators: Old Age Dependency Ratio,_T,Total,_T,All age ranges or no breakdown by age,_T,Total,IX_0T10,Score 0-10,_Z,Not Applicable,_Z,Not Applicable,_Z,Not Applicable,2017,1.0,BS_SGI,Sustainable Governance Indicators (SGI),0,Units,IX,Index,602,CCYY,,A,Normal value,PU,Public
datastructure,WB.DATA360:DS_DATA360(1.2),I,A,Annual,LVA,Latvia,BS_SGI_87,Sustainable Governance Indicators: Old Age Dependency Ratio,_T,Total,_T,All age ranges or no breakdown by age,_T,Total,IX_0T10,Score 0-10,_Z,Not Applicable,_Z,Not Applicable,_Z,Not Applicable,2017,3.427631578947368,BS_SGI,Sustainable Governance Indicators (SGI),0,Units,IX,Index,602,CCYY,,A,Normal value,PU,Public
datastructure,WB.DATA360:DS_DATA360(1.2),I,A,Annual,LTU,Lithuania,BS_SGI_87,Sustainable Governance Indicators: Old Age Dependency Ratio,_T,Total,_T,All age ranges or no breakdown by age,_T,Total,IX_0T10,Score 0-10,_Z,Not Applicable,_Z,Not Applicable,_Z,Not Applicable,2017,3.895676691729325,BS_SGI,Sustainable Governance Indicators (SGI),0,Units,IX,Index,602,CCYY,,A,Normal value,PU,Public
datastructure,WB.DATA360:DS_DATA360(1.2),I,A,Annual,LUX,Luxembourg,BS_SGI_87,Sustainable Governance Indicators: Old Age Dependency Ratio,_T,Total,_T,All age ranges or no breakdown by age,_T,Total,IX_0T10,Score 0-10,_Z,Not Applicable,_Z,Not Applicable,_Z,Not Applicable,2017,6.272556390977444,BS_SGI,Sustainable Governance Indicators (SGI),0,Units,IX,Index,602,CCYY,,A,Normal value,PU,Public
datastructure,WB.DATA360:DS_DATA360(1.2),I,A,Annual,MLT,Malta,BS_SGI_87,Sustainable Governance Indicators: Old Age Dependency Ratio,_T,Total,_T,All age ranges or no breakdown by age,_T,Total,IX_0T10,Score 0-10,_Z,Not Applicable,_Z,Not Applicable,_Z,Not Applicable,2017,3.723684210526316,BS_SGI,Sustainable Governance Indicators (SGI),0,Units,IX,Index,602,CCYY,,A,Normal value,PU,Public
datastructure,WB.DATA360:DS_DATA360(1.2),I,A,Annual,MEX,Mexico,BS_SGI_87,Sustainable Governance Indicators: Old Age Dependency Ratio,_T,Total,_T,All age ranges or no breakdown by age,_T,Total,IX_0T10,Score 0-10,_Z,Not Applicable,_Z,Not Applicable,_Z,Not Applicable,2017,9.007518796992482,BS_SGI,Sustainable Governance Indicators (SGI),0,Units,IX,Index,602,CCYY,,A,Normal value,PU,Public
datastructure,WB.DATA360:DS_DATA360(1.2),I,A,Annual,NLD,Netherlands,BS_SGI_87,Sustainable Governance Indicators: Old Age Dependency Ratio,_T,Total,_T,All age ranges or no breakdown by age,_T,Total,IX_0T10,Score 0-10,_Z,Not Applicable,_Z,Not Applicable,_Z,Not Applicable,2017,3.988721804511279,BS_SGI,Sustainable Governance Indicators (SGI),0,Units,IX,Index,602,CCYY,,A,Normal value,PU,Public
datastructure,WB.DATA360:DS_DATA360(1.2),I,A,Annual,NZL,New Zealand,BS_SGI_87,Sustainable Governance Indicators: Old Age Dependency Ratio,_T,Total,_T,All age ranges or no breakdown by age,_T,Total,IX_0T10,Score 0-10,_Z,Not Applicable,_Z,Not Applicable,_Z,Not Applicable,2017,5.463345864661653,BS_SGI,Sustainable Governance Indicators (SGI),0,Units,IX,Index,602,CCYY,,A,Normal value,PU,Public
datastructure,WB.DATA360:DS_DATA360(1.2),I,A,Annual,NOR,Norway,BS_SGI_87,Sustainable Governance Indicators: Old Age Dependency Ratio,_T,Total,_T,All age ranges or no breakdown by age,_T,Total,IX_0T10,Score 0-10,_Z,Not Applicable,_Z,Not Applicable,_Z,Not Applicable,2017,4.820488721804512,BS_SGI,Sustainable Governance Indicators (SGI),0,Units,IX,Index,602,CCYY,,A,Normal value,PU,Public
datastructure,WB.DATA360:DS_DATA360(1.2),I,A,Annual,POL,Poland,BS_SGI_87,Sustainable Governance Indicators: Old Age Dependency Ratio,_T,Total,_T,All age ranges or no breakdown by age,_T,Total,IX_0T10,Score 0-10,_Z,Not Applicable,_Z,Not Applicable,_Z,Not Applicable,2017,5.263157894736843,BS_SGI,Sustainable Governance Indicators (SGI),0,Units,IX,Index,602,CCYY,,A,Normal value,PU,Public
datastructure,WB.DATA360:DS_DATA360(1.2),I,A,Annual,PRT,Portugal,BS_SGI_87,Sustainable Governance Indicators: Old Age Dependency Ratio,_T,Total,_T,All age ranges or no breakdown by age,_T,Total,IX_0T10,Score 0-10,_Z,Not Applicable,_Z,Not Applicable,_Z,Not Applicable,2017,2.765037593984964,BS_SGI,Sustainable Governance Indicators (SGI),0,Units,IX,Index,602,CCYY,,A,Normal value,PU,Public
datastructure,WB.DATA360:DS_DATA360(1.2),I,A,Annual,ROU,Romania,BS_SGI_87,Sustainable Governance Indicators: Old Age Dependency Ratio,_T,Total,_T,All age ranges or no breakdown by age,_T,Total,IX_0T10,Score 0-10,_Z,Not Applicable,_Z,Not Applicable,_Z,Not Applicable,2017,4.637218045112781,BS_SGI,Sustainable Governance Indicators (SGI),0,Units,IX,Index,602,CCYY,,A,Normal value,PU,Public
datastructure,WB.DATA360:DS_DATA360(1.2),I,A,Annual,SVK,Slovak Republic,BS_SGI_87,Sustainable Governance Indicators: Old Age Dependency Ratio,_T,Total,_T,All age ranges or no breakdown by age,_T,Total,IX_0T10,Score 0-10,_Z,Not Applicable,_Z,Not Applicable,_Z,Not Applicable,2017,6.106203007518797,BS_SGI,Sustainable Governance Indicators (SGI),0,Units,IX,Index,602,CCYY,,A,Normal value,PU,Public
datastructure,WB.DATA360:DS_DATA360(1.2),I,A,Annual,SVN,Slovenia,BS_SGI_87,Sustainable Governance Indicators: Old Age Dependency Ratio,_T,Total,_T,All age ranges or no breakdown by age,_T,Total,IX_0T10,Score 0-10,_Z,Not Applicable,_Z,Not Applicable,_Z,Not Applicable,2017,4.143796992481202,BS_SGI,Sustainable Governance Indicators (SGI),0,Units,IX,Index,602,CCYY,,A,Normal value,PU,Public
datastructure,WB.DATA360:DS_DATA360(1.2),I,A,Annual,KOR,"Korea, Rep.",BS_SGI_87,Sustainable Governance Indicators: Old Age Dependency Ratio,_T,Total,_T,All age ranges or no breakdown by age,_T,Total,IX_0T10,Score 0-10,_Z,Not Applicable,_Z,Not Applicable,_Z,Not Applicable,2017,6.81109022556391,BS_SGI,Sustainable Governance Indicators (SGI),0,Units,IX,Index,602,CCYY,,A,Normal value,PU,Public
datastructure,WB.DATA360:DS_DATA360(1.2),I,A,Annual,ESP,Spain,BS_SGI_87,Sustainable Governance Indicators: Old Age Dependency Ratio,_T,Total,_T,All age ranges or no breakdown by age,_T,Total,IX_0T10,Score 0-10,_Z,Not Applicable,_Z,Not Applicable,_Z,Not Applicable,2017,3.912593984962405,BS_SGI,Sustainable Governance Indicators (SGI),0,Units,IX,Index,602,CCYY,,A,Normal value,PU,Public
datastructure,WB.DATA360:DS_DATA360(1.2),I,A,Annual,SWE,Sweden,BS_SGI_87,Sustainable Governance Indicators: Old Age Dependency Ratio,_T,Total,_T,All age ranges or no breakdown by age,_T,Total,IX_0T10,Score 0-10,_Z,Not Applicable,_Z,Not Applicable,_Z,Not Applicable,2017,3.0385338345864668,BS_SGI,Sustainable Governance Indicators (SGI),0,Units,IX,Index,602,CCYY,,A,Normal value,PU,Public
datastructure,WB.DATA360:DS_DATA360(1.2),I,A,Annual,CHE,Switzerland,BS_SGI_87,Sustainable Governance Indicators: Old Age Dependency Ratio,_T,Total,_T,All age ranges or no breakdown by age,_T,Total,IX_0T10,Score 0-10,_Z,Not Applicable,_Z,Not Applicable,_Z,Not Applicable,2017,4.273496240601503,BS_SGI,Sustainable Governance Indicators (SGI),0,Units,IX,Index,602,CCYY,,A,Normal value,PU,Public
datastructure,WB.DATA360:DS_DATA360(1.2),I,A,Annual,TUR,Turkiye,BS_SGI_87,Sustainable Governance Indicators: Old Age Dependency Ratio,_T,Total,_T,All age ranges or no breakdown by age,_T,Total,IX_0T10,Score 0-10,_Z,Not Applicable,_Z,Not Applicable,_Z,Not Applicable,2017,8.545112781954888,BS_SGI,Sustainable Governance Indicators (SGI),0,Units,IX,Index,602,CCYY,,A,Normal value,PU,Public
datastructure,WB.DATA360:DS_DATA360(1.2),I,A,Annual,GBR,United Kingdom,BS_SGI_87,Sustainable Governance Indicators: Old Age Dependency Ratio,_T,Total,_T,All age ranges or no breakdown by age,_T,Total,IX_0T10,Score 0-10,_Z,Not Applicable,_Z,Not Applicable,_Z,Not Applicable,2017,3.983082706766917,BS_SGI,Sustainable Governance Indicators (SGI),0,Units,IX,Index,602,CCYY,,A,Normal value,PU,Public
datastructure,WB.DATA360:DS_DATA360(1.2),I,A,Annual,USA,United States,BS_SGI_87,Sustainable Governance Indicators: Old Age Dependency Ratio,_T,Total,_T,All age ranges or no breakdown by age,_T,Total,IX_0T10,Score 0-10,_Z,Not Applicable,_Z,Not Applicable,_Z,Not Applicable,2017,5.522556390977444,BS_SGI,Sustainable Governance Indicators (SGI),0,Units,IX,Index,602,CCYY,,A,Normal value,PU,Public
datastructure,WB.DATA360:DS_DATA360(1.2),I,A,Annual,AUS,Australia,BS_SGI_87,Sustainable Governance Indicators: Old Age Dependency Ratio,_T,Total,_T,All age ranges or no breakdown by age,_T,Total,IX_0T10,Score 0-10,_Z,Not Applicable,_Z,Not Applicable,_Z,Not Applicable,2016,5.629699248120301,BS_SGI,Sustainable Governance Indicators (SGI),0,Units,IX,Index,602,CCYY,,A,Normal value,PU,Public
datastructure,WB.DATA360:DS_DATA360(1.2),I,A,Annual,AUT,Austria,BS_SGI_87,Sustainable Governance Indicators: Old Age Dependency Ratio,_T,Total,_T,All age ranges or no breakdown by age,_T,Total,IX_0T10,Score 0-10,_Z,Not Applicable,_Z,Not Applicable,_Z,Not Applicable,2016,4.028195488721805,BS_SGI,Sustainable Governance Indicators (SGI),0,Units,IX,Index,602,CCYY,,A,Normal value,PU,Public
datastructure,WB.DATA360:DS_DATA360(1.2),I,A,Annual,BEL,Belgium,BS_SGI_87,Sustainable Governance Indicators: Old Age Dependency Ratio,_T,Total,_T,All age ranges or no breakdown by age,_T,Total,IX_0T10,Score 0-10,_Z,Not Applicable,_Z,Not Applicable,_Z,Not Applicable,2016,4.064849624060152,BS_SGI,Sustainable Governance Indicators (SGI),0,Units,IX,Index,602,CCYY,,A,Normal value,PU,Public
datastructure,WB.DATA360:DS_DATA360(1.2),I,A,Annual,BGR,Bulgaria,BS_SGI_87,Sustainable Governance Indicators: Old Age Dependency Ratio,_T,Total,_T,All age ranges or no breakdown by age,_T,Total,IX_0T10,Score 0-10,_Z,Not Applicable,_Z,Not Applicable,_Z,Not Applicable,2016,3.359962406015039,BS_SGI,Sustainable Governance Indicators (SGI),0,Units,IX,Index,602,CCYY,,A,Normal value,PU,Public
datastructure,WB.DATA360:DS_DATA360(1.2),I,A,Annual,CAN,Canada,BS_SGI_87,Sustainable Governance Indicators: Old Age Dependency Ratio,_T,Total,_T,All age ranges or no breakdown by age,_T,Total,IX_0T10,Score 0-10,_Z,Not Applicable,_Z,Not Applicable,_Z,Not Applicable,2016,5.291353383458646,BS_SGI,Sustainable Governance Indicators (SGI),0,Units,IX,Index,602,CCYY,,A,Normal value,PU,Public
datastructure,WB.DATA360:DS_DATA360(1.2),I,A,Annual,CHL,Chile,BS_SGI_87,Sustainable Governance Indicators: Old Age Dependency Ratio,_T,Total,_T,All age ranges or no breakdown by age,_T,Total,IX_0T10,Score 0-10,_Z,Not Applicable,_Z,Not Applicable,_Z,Not Applicable,2016,7.611842105263157,BS_SGI,Sustainable Governance Indicators (SGI),0,Units,IX,Index,602,CCYY,,A,Normal value,PU,Public
datastructure,WB.DATA360:DS_DATA360(1.2),I,A,Annual,HRV,Croatia,BS_SGI_87,Sustainable Governance Indicators: Old Age Dependency Ratio,_T,Total,_T,All age ranges or no breakdown by age,_T,Total,IX_0T10,Score 0-10,_Z,Not Applicable,_Z,Not Applicable,_Z,Not Applicable,2016,3.7546992481203016,BS_SGI,Sustainable Governance Indicators (SGI),0,Units,IX,Index,602,CCYY,,A,Normal value,PU,Public
datastructure,WB.DATA360:DS_DATA360(1.2),I,A,Annual,CYP,Cyprus,BS_SGI_87,Sustainable Governance Indicators: Old Age Dependency Ratio,_T,Total,_T,All age ranges or no breakdown by age,_T,Total,IX_0T10,Score 0-10,_Z,Not Applicable,_Z,Not Applicable,_Z,Not Applicable,2016,6.802631578947368,BS_SGI,Sustainable Governance Indicators (SGI),0,Units,IX,Index,602,CCYY,,A,Normal value,PU,Public
datastructure,WB.DATA360:DS_DATA360(1.2),I,A,Annual,CZE,Czechia,BS_SGI_87,Sustainable Governance Indicators: Old Age Dependency Ratio,_T,Total,_T,All age ranges or no breakdown by age,_T,Total,IX_0T10,Score 0-10,_Z,Not Applicable,_Z,Not Applicable,_Z,Not Applicable,2016,4.36654135338346,BS_SGI,Sustainable Governance Indicators (SGI),0,Units,IX,Index,602,CCYY,,A,Normal value,PU,Public
datastructure,WB.DATA360:DS_DATA360(1.2),I,A,Annual,DNK,Denmark,BS_SGI_87,Sustainable Governance Indicators: Old Age Dependency Ratio,_T,Total,_T,All age ranges or no breakdown by age,_T,Total,IX_0T10,Score 0-10,_Z,Not Applicable,_Z,Not Applicable,_Z,Not Applicable,2016,3.5742481203007523,BS_SGI,Sustainable Governance Indicators (SGI),0,Units,IX,Index,602,CCYY,,A,Normal value,PU,Public
datastructure,WB.DATA360:DS_DATA360(1.2),I,A,Annual,EST,Estonia,BS_SGI_87,Sustainable Governance Indicators: Old Age Dependency Ratio,_T,Total,_T,All age ranges or no breakdown by age,_T,Total,IX_0T10,Score 0-10,_Z,Not Applicable,_Z,Not Applicable,_Z,Not Applicable,2016,3.791353383458645,BS_SGI,Sustainable Governance Indicators (SGI),0,Units,IX,Index,602,CCYY,,A,Normal value,PU,Public
datastructure,WB.DATA360:DS_DATA360(1.2),I,A,Annual,FIN,Finland,BS_SGI_87,Sustainable Governance Indicators: Old Age Dependency Ratio,_T,Total,_T,All age ranges or no breakdown by age,_T,Total,IX_0T10,Score 0-10,_Z,Not Applicable,_Z,Not Applicable,_Z,Not Applicable,2016,2.94266917293233,BS_SGI,Sustainable Governance Indicators (SGI),0,Units,IX,Index,602,CCYY,,A,Normal value,PU,Public
datastructure,WB.DATA360:DS_DATA360(1.2),I,A,Annual,FRA,France,BS_SGI_87,Sustainable Governance Indicators: Old Age Dependency Ratio,_T,Total,_T,All age ranges or no breakdown by age,_T,Total,IX_0T10,Score 0-10,_Z,Not Applicable,_Z,Not Applicable,_Z,Not Applicable,2016,3.469924812030076,BS_SGI,Sustainable Governance Indicators (SGI),0,Units,IX,Index,602,CCYY,,A,Normal value,PU,Public
datastructure,WB.DATA360:DS_DATA360(1.2),I,A,Annual,DEU,Germany,BS_SGI_87,Sustainable Governance Indicators: Old Age Dependency Ratio,_T,Total,_T,All age ranges or no breakdown by age,_T,Total,IX_0T10,Score 0-10,_Z,Not Applicable,_Z,Not Applicable,_Z,Not Applicable,2016,2.827067669172933,BS_SGI,Sustainable Governance Indicators (SGI),0,Units,IX,Index,602,CCYY,,A,Normal value,PU,Public
datastructure,WB.DATA360:DS_DATA360(1.2),I,A,Annual,GRC,Greece,BS_SGI_87,Sustainable Governance Indicators: Old Age Dependency Ratio,_T,Total,_T,All age ranges or no breakdown by age,_T,Total,IX_0T10,Score 0-10,_Z,Not Applicable,_Z,Not Applicable,_Z,Not Applicable,2016,2.86654135338346,BS_SGI,Sustainable Governance Indicators (SGI),0,Units,IX,Index,602,CCYY,,A,Normal value,PU,Public
datastructure,WB.DATA360:DS_DATA360(1.2),I,A,Annual,HUN,Hungary,BS_SGI_87,Sustainable Governance Indicators: Old Age Dependency Ratio,_T,Total,_T,All age ranges or no breakdown by age,_T,Total,IX_0T10,Score 0-10,_Z,Not Applicable,_Z,Not Applicable,_Z,Not Applicable,2016,4.716165413533834,BS_SGI,Sustainable Governance Indicators (SGI),0,Units,IX,Index,602,CCYY,,A,Normal value,PU,Public
datastructure,WB.DATA360:DS_DATA360(1.2),I,A,Annual,ISL,Iceland,BS_SGI_87,Sustainable Governance Indicators: Old Age Dependency Ratio,_T,Total,_T,All age ranges or no breakdown by age,_T,Total,IX_0T10,Score 0-10,_Z,Not Applicable,_Z,Not Applicable,_Z,Not Applicable,2016,6.089285714285715,BS_SGI,Sustainable Governance Indicators (SGI),0,Units,IX,Index,602,CCYY,,A,Normal value,PU,Public
datastructure,WB.DATA360:DS_DATA360(1.2),I,A,Annual,IRL,Ireland,BS_SGI_87,Sustainable Governance Indicators: Old Age Dependency Ratio,_T,Total,_T,All age ranges or no breakdown by age,_T,Total,IX_0T10,Score 0-10,_Z,Not Applicable,_Z,Not Applicable,_Z,Not Applicable,2016,6.43045112781955,BS_SGI,Sustainable Governance Indicators (SGI),0,Units,IX,Index,602,CCYY,,A,Normal value,PU,Public
datastructure,WB.DATA360:DS_DATA360(1.2),I,A,Annual,ISR,Israel,BS_SGI_87,Sustainable Governance Indicators: Old Age Dependency Ratio,_T,Total,_T,All age ranges or no breakdown by age,_T,Total,IX_0T10,Score 0-10,_Z,Not Applicable,_Z,Not Applicable,_Z,Not Applicable,2016,6.754699248120301,BS_SGI,Sustainable Governance Indicators (SGI),0,Units,IX,Index,602,CCYY,,A,Normal value,PU,Public
datastructure,WB.DATA360:DS_DATA360(1.2),I,A,Annual,ITA,Italy,BS_SGI_87,Sustainable Governance Indicators: Old Age Dependency Ratio,_T,Total,_T,All age ranges or no breakdown by age,_T,Total,IX_0T10,Score 0-10,_Z,Not Applicable,_Z,Not Applicable,_Z,Not Applicable,2016,2.3308270676691745,BS_SGI,Sustainable Governance Indicators (SGI),0,Units,IX,Index,602,CCYY,,A,Normal value,PU,Public
datastructure,WB.DATA360:DS_DATA360(1.2),I,A,Annual,JPN,Japan,BS_SGI_87,Sustainable Governance Indicators: Old Age Dependency Ratio,_T,Total,_T,All age ranges or no breakdown by age,_T,Total,IX_0T10,Score 0-10,_Z,Not Applicable,_Z,Not Applicable,_Z,Not Applicable,2016,1.0,BS_SGI,Sustainable Governance Indicators (SGI),0,Units,IX,Index,602,CCYY,,A,Normal value,PU,Public
datastructure,WB.DATA360:DS_DATA360(1.2),I,A,Annual,LVA,Latvia,BS_SGI_87,Sustainable Governance Indicators: Old Age Dependency Ratio,_T,Total,_T,All age ranges or no breakdown by age,_T,Total,IX_0T10,Score 0-10,_Z,Not Applicable,_Z,Not Applicable,_Z,Not Applicable,2016,3.534774436090226,BS_SGI,Sustainable Governance Indicators (SGI),0,Units,IX,Index,602,CCYY,,A,Normal value,PU,Public
datastructure,WB.DATA360:DS_DATA360(1.2),I,A,Annual,LTU,Lithuania,BS_SGI_87,Sustainable Governance Indicators: Old Age Dependency Ratio,_T,Total,_T,All age ranges or no breakdown by age,_T,Total,IX_0T10,Score 0-10,_Z,Not Applicable,_Z,Not Applicable,_Z,Not Applicable,2016,4.053571428571428,BS_SGI,Sustainable Governance Indicators (SGI),0,Units,IX,Index,602,CCYY,,A,Normal value,PU,Public
datastructure,WB.DATA360:DS_DATA360(1.2),I,A,Annual,LUX,Luxembourg,BS_SGI_87,Sustainable Governance Indicators: Old Age Dependency Ratio,_T,Total,_T,All age ranges or no breakdown by age,_T,Total,IX_0T10,Score 0-10,_Z,Not Applicable,_Z,Not Applicable,_Z,Not Applicable,2016,6.283834586466165,BS_SGI,Sustainable Governance Indicators (SGI),0,Units,IX,Index,602,CCYY,,A,Normal value,PU,Public
datastructure,WB.DATA360:DS_DATA360(1.2),I,A,Annual,MLT,Malta,BS_SGI_87,Sustainable Governance Indicators: Old Age Dependency Ratio,_T,Total,_T,All age ranges or no breakdown by age,_T,Total,IX_0T10,Score 0-10,_Z,Not Applicable,_Z,Not Applicable,_Z,Not Applicable,2016,4.042293233082706,BS_SGI,Sustainable Governance Indicators (SGI),0,Units,IX,Index,602,CCYY,,A,Normal value,PU,Public
datastructure,WB.DATA360:DS_DATA360(1.2),I,A,Annual,MEX,Mexico,BS_SGI_87,Sustainable Governance Indicators: Old Age Dependency Ratio,_T,Total,_T,All age ranges or no breakdown by age,_T,Total,IX_0T10,Score 0-10,_Z,Not Applicable,_Z,Not Applicable,_Z,Not Applicable,2016,9.063909774436093,BS_SGI,Sustainable Governance Indicators (SGI),0,Units,IX,Index,602,CCYY,,A,Normal value,PU,Public
datastructure,WB.DATA360:DS_DATA360(1.2),I,A,Annual,NLD,Netherlands,BS_SGI_87,Sustainable Governance Indicators: Old Age Dependency Ratio,_T,Total,_T,All age ranges or no breakdown by age,_T,Total,IX_0T10,Score 0-10,_Z,Not Applicable,_Z,Not Applicable,_Z,Not Applicable,2016,4.217105263157896,BS_SGI,Sustainable Governance Indicators (SGI),0,Units,IX,Index,602,CCYY,,A,Normal value,PU,Public
datastructure,WB.DATA360:DS_DATA360(1.2),I,A,Annual,NZL,New Zealand,BS_SGI_87,Sustainable Governance Indicators: Old Age Dependency Ratio,_T,Total,_T,All age ranges or no breakdown by age,_T,Total,IX_0T10,Score 0-10,_Z,Not Applicable,_Z,Not Applicable,_Z,Not Applicable,2016,5.635338345864662,BS_SGI,Sustainable Governance Indicators (SGI),0,Units,IX,Index,602,CCYY,,A,Normal value,PU,Public
datastructure,WB.DATA360:DS_DATA360(1.2),I,A,Annual,NOR,Norway,BS_SGI_87,Sustainable Governance Indicators: Old Age Dependency Ratio,_T,Total,_T,All age ranges or no breakdown by age,_T,Total,IX_0T10,Score 0-10,_Z,Not Applicable,_Z,Not Applicable,_Z,Not Applicable,2016,4.958646616541353,BS_SGI,Sustainable Governance Indicators (SGI),0,Units,IX,Index,602,CCYY,,A,Normal value,PU,Public
datastructure,WB.DATA360:DS_DATA360(1.2),I,A,Annual,POL,Poland,BS_SGI_87,Sustainable Governance Indicators: Old Age Dependency Ratio,_T,Total,_T,All age ranges or no breakdown by age,_T,Total,IX_0T10,Score 0-10,_Z,Not Applicable,_Z,Not Applicable,_Z,Not Applicable,2016,5.56203007518797,BS_SGI,Sustainable Governance Indicators (SGI),0,Units,IX,Index,602,CCYY,,A,Normal value,PU,Public
datastructure,WB.DATA360:DS_DATA360(1.2),I,A,Annual,PRT,Portugal,BS_SGI_87,Sustainable Governance Indicators: Old Age Dependency Ratio,_T,Total,_T,All age ranges or no breakdown by age,_T,Total,IX_0T10,Score 0-10,_Z,Not Applicable,_Z,Not Applicable,_Z,Not Applicable,2016,2.965225563909774,BS_SGI,Sustainable Governance Indicators (SGI),0,Units,IX,Index,602,CCYY,,A,Normal value,PU,Public
datastructure,WB.DATA360:DS_DATA360(1.2),I,A,Annual,ROU,Romania,BS_SGI_87,Sustainable Governance Indicators: Old Age Dependency Ratio,_T,Total,_T,All age ranges or no breakdown by age,_T,Total,IX_0T10,Score 0-10,_Z,Not Applicable,_Z,Not Applicable,_Z,Not Applicable,2016,4.865601503759399,BS_SGI,Sustainable Governance Indicators (SGI),0,Units,IX,Index,602,CCYY,,A,Normal value,PU,Public
datastructure,WB.DATA360:DS_DATA360(1.2),I,A,Annual,SVK,Slovak Republic,BS_SGI_87,Sustainable Governance Indicators: Old Age Dependency Ratio,_T,Total,_T,All age ranges or no breakdown by age,_T,Total,IX_0T10,Score 0-10,_Z,Not Applicable,_Z,Not Applicable,_Z,Not Applicable,2016,6.348684210526316,BS_SGI,Sustainable Governance Indicators (SGI),0,Units,IX,Index,602,CCYY,,A,Normal value,PU,Public
datastructure,WB.DATA360:DS_DATA360(1.2),I,A,Annual,SVN,Slovenia,BS_SGI_87,Sustainable Governance Indicators: Old Age Dependency Ratio,_T,Total,_T,All age ranges or no breakdown by age,_T,Total,IX_0T10,Score 0-10,_Z,Not Applicable,_Z,Not Applicable,_Z,Not Applicable,2016,4.406015037593984,BS_SGI,Sustainable Governance Indicators (SGI),0,Units,IX,Index,602,CCYY,,A,Normal value,PU,Public
datastructure,WB.DATA360:DS_DATA360(1.2),I,A,Annual,KOR,"Korea, Rep.",BS_SGI_87,Sustainable Governance Indicators: Old Age Dependency Ratio,_T,Total,_T,All age ranges or no breakdown by age,_T,Total,IX_0T10,Score 0-10,_Z,Not Applicable,_Z,Not Applicable,_Z,Not Applicable,2016,7.008458646616541,BS_SGI,Sustainable Governance Indicators (SGI),0,Units,IX,Index,602,CCYY,,A,Normal value,PU,Public
datastructure,WB.DATA360:DS_DATA360(1.2),I,A,Annual,ESP,Spain,BS_SGI_87,Sustainable Governance Indicators: Old Age Dependency Ratio,_T,Total,_T,All age ranges or no breakdown by age,_T,Total,IX_0T10,Score 0-10,_Z,Not Applicable,_Z,Not Applicable,_Z,Not Applicable,2016,4.039473684210527,BS_SGI,Sustainable Governance Indicators (SGI),0,Units,IX,Index,602,CCYY,,A,Normal value,PU,Public
datastructure,WB.DATA360:DS_DATA360(1.2),I,A,Annual,SWE,Sweden,BS_SGI_87,Sustainable Governance Indicators: Old Age Dependency Ratio,_T,Total,_T,All age ranges or no breakdown by age,_T,Total,IX_0T10,Score 0-10,_Z,Not Applicable,_Z,Not Applicable,_Z,Not Applicable,2016,3.1879699248120312,BS_SGI,Sustainable Governance Indicators (SGI),0,Units,IX,Index,602,CCYY,,A,Normal value,PU,Public
datastructure,WB.DATA360:DS_DATA360(1.2),I,A,Annual,CHE,Switzerland,BS_SGI_87,Sustainable Governance Indicators: Old Age Dependency Ratio,_T,Total,_T,All age ranges or no breakdown by age,_T,Total,IX_0T10,Score 0-10,_Z,Not Applicable,_Z,Not Applicable,_Z,Not Applicable,2016,4.400375939849624,BS_SGI,Sustainable Governance Indicators (SGI),0,Units,IX,Index,602,CCYY,,A,Normal value,PU,Public
datastructure,WB.DATA360:DS_DATA360(1.2),I,A,Annual,TUR,Turkiye,BS_SGI_87,Sustainable Governance Indicators: Old Age Dependency Ratio,_T,Total,_T,All age ranges or no breakdown by age,_T,Total,IX_0T10,Score 0-10,_Z,Not Applicable,_Z,Not Applicable,_Z,Not Applicable,2016,8.615601503759398,BS_SGI,Sustainable Governance Indicators (SGI),0,Units,IX,Index,602,CCYY,,A,Normal value,PU,Public
datastructure,WB.DATA360:DS_DATA360(1.2),I,A,Annual,GBR,United Kingdom,BS_SGI_87,Sustainable Governance Indicators: Old Age Dependency Ratio,_T,Total,_T,All age ranges or no breakdown by age,_T,Total,IX_0T10,Score 0-10,_Z,Not Applicable,_Z,Not Applicable,_Z,Not Applicable,2016,4.090225563909775,BS_SGI,Sustainable Governance Indicators (SGI),0,Units,IX,Index,602,CCYY,,A,Normal value,PU,Public
datastructure,WB.DATA360:DS_DATA360(1.2),I,A,Annual,USA,United States,BS_SGI_87,Sustainable Governance Indicators: Old Age Dependency Ratio,_T,Total,_T,All age ranges or no breakdown by age,_T,Total,IX_0T10,Score 0-10,_Z,Not Applicable,_Z,Not Applicable,_Z,Not Applicable,2016,5.708646616541353,BS_SGI,Sustainable Governance Indicators (SGI),0,Units,IX,Index,602,CCYY,,A,Normal value,PU,Public
datastructure,WB.DATA360:DS_DATA360(1.2),I,A,Annual,AUS,Australia,BS_SGI_87,Sustainable Governance Indicators: Old Age Dependency Ratio,_T,Total,_T,All age ranges or no breakdown by age,_T,Total,IX_0T10,Score 0-10,_Z,Not Applicable,_Z,Not Applicable,_Z,Not Applicable,2015,5.779135338345864,BS_SGI,Sustainable Governance Indicators (SGI),0,Units,IX,Index,602,CCYY,,A,Normal value,PU,Public
datastructure,WB.DATA360:DS_DATA360(1.2),I,A,Annual,AUT,Austria,BS_SGI_87,Sustainable Governance Indicators: Old Age Dependency Ratio,_T,Total,_T,All age ranges or no breakdown by age,_T,Total,IX_0T10,Score 0-10,_Z,Not Applicable,_Z,Not Applicable,_Z,Not Applicable,2015,4.11842105263158,BS_SGI,Sustainable Governance Indicators (SGI),0,Units,IX,Index,602,CCYY,,A,Normal value,PU,Public
datastructure,WB.DATA360:DS_DATA360(1.2),I,A,Annual,BEL,Belgium,BS_SGI_87,Sustainable Governance Indicators: Old Age Dependency Ratio,_T,Total,_T,All age ranges or no breakdown by age,_T,Total,IX_0T10,Score 0-10,_Z,Not Applicable,_Z,Not Applicable,_Z,Not Applicable,2015,4.157894736842106,BS_SGI,Sustainable Governance Indicators (SGI),0,Units,IX,Index,602,CCYY,,A,Normal value,PU,Public
datastructure,WB.DATA360:DS_DATA360(1.2),I,A,Annual,BGR,Bulgaria,BS_SGI_87,Sustainable Governance Indicators: Old Age Dependency Ratio,_T,Total,_T,All age ranges or no breakdown by age,_T,Total,IX_0T10,Score 0-10,_Z,Not Applicable,_Z,Not Applicable,_Z,Not Applicable,2015,3.582706766917294,BS_SGI,Sustainable Governance Indicators (SGI),0,Units,IX,Index,602,CCYY,,A,Normal value,PU,Public
datastructure,WB.DATA360:DS_DATA360(1.2),I,A,Annual,CAN,Canada,BS_SGI_87,Sustainable Governance Indicators: Old Age Dependency Ratio,_T,Total,_T,All age ranges or no breakdown by age,_T,Total,IX_0T10,Score 0-10,_Z,Not Applicable,_Z,Not Applicable,_Z,Not Applicable,2015,5.50281954887218,BS_SGI,Sustainable Governance Indicators (SGI),0,Units,IX,Index,602,CCYY,,A,Normal value,PU,Public
datastructure,WB.DATA360:DS_DATA360(1.2),I,A,Annual,CHL,Chile,BS_SGI_87,Sustainable Governance Indicators: Old Age Dependency Ratio,_T,Total,_T,All age ranges or no breakdown by age,_T,Total,IX_0T10,Score 0-10,_Z,Not Applicable,_Z,Not Applicable,_Z,Not Applicable,2015,7.738721804511279,BS_SGI,Sustainable Governance Indicators (SGI),0,Units,IX,Index,602,CCYY,,A,Normal value,PU,Public
datastructure,WB.DATA360:DS_DATA360(1.2),I,A,Annual,HRV,Croatia,BS_SGI_87,Sustainable Governance Indicators: Old Age Dependency Ratio,_T,Total,_T,All age ranges or no breakdown by age,_T,Total,IX_0T10,Score 0-10,_Z,Not Applicable,_Z,Not Applicable,_Z,Not Applicable,2015,3.923872180451129,BS_SGI,Sustainable Governance Indicators (SGI),0,Units,IX,Index,602,CCYY,,A,Normal value,PU,Public
datastructure,WB.DATA360:DS_DATA360(1.2),I,A,Annual,CYP,Cyprus,BS_SGI_87,Sustainable Governance Indicators: Old Age Dependency Ratio,_T,Total,_T,All age ranges or no breakdown by age,_T,Total,IX_0T10,Score 0-10,_Z,Not Applicable,_Z,Not Applicable,_Z,Not Applicable,2015,6.93233082706767,BS_SGI,Sustainable Governance Indicators (SGI),0,Units,IX,Index,602,CCYY,,A,Normal value,PU,Public
datastructure,WB.DATA360:DS_DATA360(1.2),I,A,Annual,CZE,Czechia,BS_SGI_87,Sustainable Governance Indicators: Old Age Dependency Ratio,_T,Total,_T,All age ranges or no breakdown by age,_T,Total,IX_0T10,Score 0-10,_Z,Not Applicable,_Z,Not Applicable,_Z,Not Applicable,2015,4.656954887218045,BS_SGI,Sustainable Governance Indicators (SGI),0,Units,IX,Index,602,CCYY,,A,Normal value,PU,Public
datastructure,WB.DATA360:DS_DATA360(1.2),I,A,Annual,DNK,Denmark,BS_SGI_87,Sustainable Governance Indicators: Old Age Dependency Ratio,_T,Total,_T,All age ranges or no breakdown by age,_T,Total,IX_0T10,Score 0-10,_Z,Not Applicable,_Z,Not Applicable,_Z,Not Applicable,2015,3.819548872180452,BS_SGI,Sustainable Governance Indicators (SGI),0,Units,IX,Index,602,CCYY,,A,Normal value,PU,Public
datastructure,WB.DATA360:DS_DATA360(1.2),I,A,Annual,EST,Estonia,BS_SGI_87,Sustainable Governance Indicators: Old Age Dependency Ratio,_T,Total,_T,All age ranges or no breakdown by age,_T,Total,IX_0T10,Score 0-10,_Z,Not Applicable,_Z,Not Applicable,_Z,Not Applicable,2015,3.9746240601503766,BS_SGI,Sustainable Governance Indicators (SGI),0,Units,IX,Index,602,CCYY,,A,Normal value,PU,Public
datastructure,WB.DATA360:DS_DATA360(1.2),I,A,Annual,FIN,Finland,BS_SGI_87,Sustainable Governance Indicators: Old Age Dependency Ratio,_T,Total,_T,All age ranges or no breakdown by age,_T,Total,IX_0T10,Score 0-10,_Z,Not Applicable,_Z,Not Applicable,_Z,Not Applicable,2015,3.278195488721804,BS_SGI,Sustainable Governance Indicators (SGI),0,Units,IX,Index,602,CCYY,,A,Normal value,PU,Public
datastructure,WB.DATA360:DS_DATA360(1.2),I,A,Annual,FRA,France,BS_SGI_87,Sustainable Governance Indicators: Old Age Dependency Ratio,_T,Total,_T,All age ranges or no breakdown by age,_T,Total,IX_0T10,Score 0-10,_Z,Not Applicable,_Z,Not Applicable,_Z,Not Applicable,2015,3.7180451127819545,BS_SGI,Sustainable Governance Indicators (SGI),0,Units,IX,Index,602,CCYY,,A,Normal value,PU,Public
datastructure,WB.DATA360:DS_DATA360(1.2),I,A,Annual,DEU,Germany,BS_SGI_87,Sustainable Governance Indicators: Old Age Dependency Ratio,_T,Total,_T,All age ranges or no breakdown by age,_T,Total,IX_0T10,Score 0-10,_Z,Not Applicable,_Z,Not Applicable,_Z,Not Applicable,2015,2.908834586466166,BS_SGI,Sustainable Governance Indicators (SGI),0,Units,IX,Index,602,CCYY,,A,Normal value,PU,Public
datastructure,WB.DATA360:DS_DATA360(1.2),I,A,Annual,GRC,Greece,BS_SGI_87,Sustainable Governance Indicators: Old Age Dependency Ratio,_T,Total,_T,All age ranges or no breakdown by age,_T,Total,IX_0T10,Score 0-10,_Z,Not Applicable,_Z,Not Applicable,_Z,Not Applicable,2015,3.0469924812030094,BS_SGI,Sustainable Governance Indicators (SGI),0,Units,IX,Index,602,CCYY,,A,Normal value,PU,Public
datastructure,WB.DATA360:DS_DATA360(1.2),I,A,Annual,HUN,Hungary,BS_SGI_87,Sustainable Governance Indicators: Old Age Dependency Ratio,_T,Total,_T,All age ranges or no breakdown by age,_T,Total,IX_0T10,Score 0-10,_Z,Not Applicable,_Z,Not Applicable,_Z,Not Applicable,2015,4.902255639097745,BS_SGI,Sustainable Governance Indicators (SGI),0,Units,IX,Index,602,CCYY,,A,Normal value,PU,Public
datastructure,WB.DATA360:DS_DATA360(1.2),I,A,Annual,ISL,Iceland,BS_SGI_87,Sustainable Governance Indicators: Old Age Dependency Ratio,_T,Total,_T,All age ranges or no breakdown by age,_T,Total,IX_0T10,Score 0-10,_Z,Not Applicable,_Z,Not Applicable,_Z,Not Applicable,2015,6.283834586466165,BS_SGI,Sustainable Governance Indicators (SGI),0,Units,IX,Index,602,CCYY,,A,Normal value,PU,Public
datastructure,WB.DATA360:DS_DATA360(1.2),I,A,Annual,IRL,Ireland,BS_SGI_87,Sustainable Governance Indicators: Old Age Dependency Ratio,_T,Total,_T,All age ranges or no breakdown by age,_T,Total,IX_0T10,Score 0-10,_Z,Not Applicable,_Z,Not Applicable,_Z,Not Applicable,2015,6.641917293233083,BS_SGI,Sustainable Governance Indicators (SGI),0,Units,IX,Index,602,CCYY,,A,Normal value,PU,Public
datastructure,WB.DATA360:DS_DATA360(1.2),I,A,Annual,ISR,Israel,BS_SGI_87,Sustainable Governance Indicators: Old Age Dependency Ratio,_T,Total,_T,All age ranges or no breakdown by age,_T,Total,IX_0T10,Score 0-10,_Z,Not Applicable,_Z,Not Applicable,_Z,Not Applicable,2015,6.870300751879699,BS_SGI,Sustainable Governance Indicators (SGI),0,Units,IX,Index,602,CCYY,,A,Normal value,PU,Public
datastructure,WB.DATA360:DS_DATA360(1.2),I,A,Annual,ITA,Italy,BS_SGI_87,Sustainable Governance Indicators: Old Age Dependency Ratio,_T,Total,_T,All age ranges or no breakdown by age,_T,Total,IX_0T10,Score 0-10,_Z,Not Applicable,_Z,Not Applicable,_Z,Not Applicable,2015,2.4971804511278206,BS_SGI,Sustainable Governance Indicators (SGI),0,Units,IX,Index,602,CCYY,,A,Normal value,PU,Public
datastructure,WB.DATA360:DS_DATA360(1.2),I,A,Annual,JPN,Japan,BS_SGI_87,Sustainable Governance Indicators: Old Age Dependency Ratio,_T,Total,_T,All age ranges or no breakdown by age,_T,Total,IX_0T10,Score 0-10,_Z,Not Applicable,_Z,Not Applicable,_Z,Not Applicable,2015,1.0,BS_SGI,Sustainable Governance Indicators (SGI),0,Units,IX,Index,602,CCYY,,A,Normal value,PU,Public
datastructure,WB.DATA360:DS_DATA360(1.2),I,A,Annual,LVA,Latvia,BS_SGI_87,Sustainable Governance Indicators: Old Age Dependency Ratio,_T,Total,_T,All age ranges or no breakdown by age,_T,Total,IX_0T10,Score 0-10,_Z,Not Applicable,_Z,Not Applicable,_Z,Not Applicable,2015,3.706766917293234,BS_SGI,Sustainable Governance Indicators (SGI),0,Units,IX,Index,602,CCYY,,A,Normal value,PU,Public
datastructure,WB.DATA360:DS_DATA360(1.2),I,A,Annual,LTU,Lithuania,BS_SGI_87,Sustainable Governance Indicators: Old Age Dependency Ratio,_T,Total,_T,All age ranges or no breakdown by age,_T,Total,IX_0T10,Score 0-10,_Z,Not Applicable,_Z,Not Applicable,_Z,Not Applicable,2015,4.2142857142857135,BS_SGI,Sustainable Governance Indicators (SGI),0,Units,IX,Index,602,CCYY,,A,Normal value,PU,Public
datastructure,WB.DATA360:DS_DATA360(1.2),I,A,Annual,LUX,Luxembourg,BS_SGI_87,Sustainable Governance Indicators: Old Age Dependency Ratio,_T,Total,_T,All age ranges or no breakdown by age,_T,Total,IX_0T10,Score 0-10,_Z,Not Applicable,_Z,Not Applicable,_Z,Not Applicable,2015,6.2781954887218046,BS_SGI,Sustainable Governance Indicators (SGI),0,Units,IX,Index,602,CCYY,,A,Normal value,PU,Public
datastructure,WB.DATA360:DS_DATA360(1.2),I,A,Annual,MLT,Malta,BS_SGI_87,Sustainable Governance Indicators: Old Age Dependency Ratio,_T,Total,_T,All age ranges or no breakdown by age,_T,Total,IX_0T10,Score 0-10,_Z,Not Applicable,_Z,Not Applicable,_Z,Not Applicable,2015,4.355263157894736,BS_SGI,Sustainable Governance Indicators (SGI),0,Units,IX,Index,602,CCYY,,A,Normal value,PU,Public
datastructure,WB.DATA360:DS_DATA360(1.2),I,A,Annual,MEX,Mexico,BS_SGI_87,Sustainable Governance Indicators: Old Age Dependency Ratio,_T,Total,_T,All age ranges or no breakdown by age,_T,Total,IX_0T10,Score 0-10,_Z,Not Applicable,_Z,Not Applicable,_Z,Not Applicable,2015,9.117481203007518,BS_SGI,Sustainable Governance Indicators (SGI),0,Units,IX,Index,602,CCYY,,A,Normal value,PU,Public
datastructure,WB.DATA360:DS_DATA360(1.2),I,A,Annual,NLD,Netherlands,BS_SGI_87,Sustainable Governance Indicators: Old Age Dependency Ratio,_T,Total,_T,All age ranges or no breakdown by age,_T,Total,IX_0T10,Score 0-10,_Z,Not Applicable,_Z,Not Applicable,_Z,Not Applicable,2015,4.456766917293234,BS_SGI,Sustainable Governance Indicators (SGI),0,Units,IX,Index,602,CCYY,,A,Normal value,PU,Public
datastructure,WB.DATA360:DS_DATA360(1.2),I,A,Annual,NZL,New Zealand,BS_SGI_87,Sustainable Governance Indicators: Old Age Dependency Ratio,_T,Total,_T,All age ranges or no breakdown by age,_T,Total,IX_0T10,Score 0-10,_Z,Not Applicable,_Z,Not Applicable,_Z,Not Applicable,2015,5.804511278195489,BS_SGI,Sustainable Governance Indicators (SGI),0,Units,IX,Index,602,CCYY,,A,Normal value,PU,Public
datastructure,WB.DATA360:DS_DATA360(1.2),I,A,Annual,NOR,Norway,BS_SGI_87,Sustainable Governance Indicators: Old Age Dependency Ratio,_T,Total,_T,All age ranges or no breakdown by age,_T,Total,IX_0T10,Score 0-10,_Z,Not Applicable,_Z,Not Applicable,_Z,Not Applicable,2015,5.082706766917294,BS_SGI,Sustainable Governance Indicators (SGI),0,Units,IX,Index,602,CCYY,,A,Normal value,PU,Public
datastructure,WB.DATA360:DS_DATA360(1.2),I,A,Annual,POL,Poland,BS_SGI_87,Sustainable Governance Indicators: Old Age Dependency Ratio,_T,Total,_T,All age ranges or no breakdown by age,_T,Total,IX_0T10,Score 0-10,_Z,Not Applicable,_Z,Not Applicable,_Z,Not Applicable,2015,5.8270676691729335,BS_SGI,Sustainable Governance Indicators (SGI),0,Units,IX,Index,602,CCYY,,A,Normal value,PU,Public
datastructure,WB.DATA360:DS_DATA360(1.2),I,A,Annual,PRT,Portugal,BS_SGI_87,Sustainable Governance Indicators: Old Age Dependency Ratio,_T,Total,_T,All age ranges or no breakdown by age,_T,Total,IX_0T10,Score 0-10,_Z,Not Applicable,_Z,Not Applicable,_Z,Not Applicable,2015,3.1907894736842106,BS_SGI,Sustainable Governance Indicators (SGI),0,Units,IX,Index,602,CCYY,,A,Normal value,PU,Public
datastructure,WB.DATA360:DS_DATA360(1.2),I,A,Annual,ROU,Romania,BS_SGI_87,Sustainable Governance Indicators: Old Age Dependency Ratio,_T,Total,_T,All age ranges or no breakdown by age,_T,Total,IX_0T10,Score 0-10,_Z,Not Applicable,_Z,Not Applicable,_Z,Not Applicable,2015,5.037593984962406,BS_SGI,Sustainable Governance Indicators (SGI),0,Units,IX,Index,602,CCYY,,A,Normal value,PU,Public
datastructure,WB.DATA360:DS_DATA360(1.2),I,A,Annual,SVK,Slovak Republic,BS_SGI_87,Sustainable Governance Indicators: Old Age Dependency Ratio,_T,Total,_T,All age ranges or no breakdown by age,_T,Total,IX_0T10,Score 0-10,_Z,Not Applicable,_Z,Not Applicable,_Z,Not Applicable,2015,6.543233082706767,BS_SGI,Sustainable Governance Indicators (SGI),0,Units,IX,Index,602,CCYY,,A,Normal value,PU,Public
datastructure,WB.DATA360:DS_DATA360(1.2),I,A,Annual,SVN,Slovenia,BS_SGI_87,Sustainable Governance Indicators: Old Age Dependency Ratio,_T,Total,_T,All age ranges or no breakdown by age,_T,Total,IX_0T10,Score 0-10,_Z,Not Applicable,_Z,Not Applicable,_Z,Not Applicable,2015,4.62312030075188,BS_SGI,Sustainable Governance Indicators (SGI),0,Units,IX,Index,602,CCYY,,A,Normal value,PU,Public
datastructure,WB.DATA360:DS_DATA360(1.2),I,A,Annual,KOR,"Korea, Rep.",BS_SGI_87,Sustainable Governance Indicators: Old Age Dependency Ratio,_T,Total,_T,All age ranges or no breakdown by age,_T,Total,IX_0T10,Score 0-10,_Z,Not Applicable,_Z,Not Applicable,_Z,Not Applicable,2015,7.18890977443609,BS_SGI,Sustainable Governance Indicators (SGI),0,Units,IX,Index,602,CCYY,,A,Normal value,PU,Public
datastructure,WB.DATA360:DS_DATA360(1.2),I,A,Annual,ESP,Spain,BS_SGI_87,Sustainable Governance Indicators: Old Age Dependency Ratio,_T,Total,_T,All age ranges or no breakdown by age,_T,Total,IX_0T10,Score 0-10,_Z,Not Applicable,_Z,Not Applicable,_Z,Not Applicable,2015,4.217105263157896,BS_SGI,Sustainable Governance Indicators (SGI),0,Units,IX,Index,602,CCYY,,A,Normal value,PU,Public
datastructure,WB.DATA360:DS_DATA360(1.2),I,A,Annual,SWE,Sweden,BS_SGI_87,Sustainable Governance Indicators: Old Age Dependency Ratio,_T,Total,_T,All age ranges or no breakdown by age,_T,Total,IX_0T10,Score 0-10,_Z,Not Applicable,_Z,Not Applicable,_Z,Not Applicable,2015,3.3430451127819563,BS_SGI,Sustainable Governance Indicators (SGI),0,Units,IX,Index,602,CCYY,,A,Normal value,PU,Public
datastructure,WB.DATA360:DS_DATA360(1.2),I,A,Annual,CHE,Switzerland,BS_SGI_87,Sustainable Governance Indicators: Old Age Dependency Ratio,_T,Total,_T,All age ranges or no breakdown by age,_T,Total,IX_0T10,Score 0-10,_Z,Not Applicable,_Z,Not Applicable,_Z,Not Applicable,2015,4.507518796992482,BS_SGI,Sustainable Governance Indicators (SGI),0,Units,IX,Index,602,CCYY,,A,Normal value,PU,Public
datastructure,WB.DATA360:DS_DATA360(1.2),I,A,Annual,TUR,Turkiye,BS_SGI_87,Sustainable Governance Indicators: Old Age Dependency Ratio,_T,Total,_T,All age ranges or no breakdown by age,_T,Total,IX_0T10,Score 0-10,_Z,Not Applicable,_Z,Not Applicable,_Z,Not Applicable,2015,8.683270676691729,BS_SGI,Sustainable Governance Indicators (SGI),0,Units,IX,Index,602,CCYY,,A,Normal value,PU,Public
datastructure,WB.DATA360:DS_DATA360(1.2),I,A,Annual,GBR,United Kingdom,BS_SGI_87,Sustainable Governance Indicators: Old Age Dependency Ratio,_T,Total,_T,All age ranges or no breakdown by age,_T,Total,IX_0T10,Score 0-10,_Z,Not Applicable,_Z,Not Applicable,_Z,Not Applicable,2015,4.231203007518797,BS_SGI,Sustainable Governance Indicators (SGI),0,Units,IX,Index,602,CCYY,,A,Normal value,PU,Public
datastructure,WB.DATA360:DS_DATA360(1.2),I,A,Annual,USA,United States,BS_SGI_87,Sustainable Governance Indicators: Old Age Dependency Ratio,_T,Total,_T,All age ranges or no breakdown by age,_T,Total,IX_0T10,Score 0-10,_Z,Not Applicable,_Z,Not Applicable,_Z,Not Applicable,2015,5.886278195488722,BS_SGI,Sustainable Governance Indicators (SGI),0,Units,IX,Index,602,CCYY,,A,Normal value,PU,Public
datastructure,WB.DATA360:DS_DATA360(1.2),I,A,Annual,AUS,Australia,BS_SGI_87,Sustainable Governance Indicators: Old Age Dependency Ratio,_T,Total,_T,All age ranges or no breakdown by age,_T,Total,IX_0T10,Score 0-10,_Z,Not Applicable,_Z,Not Applicable,_Z,Not Applicable,2014,5.9370300751879705,BS_SGI,Sustainable Governance Indicators (SGI),0,Units,IX,Index,602,CCYY,,A,Normal value,PU,Public
datastructure,WB.DATA360:DS_DATA360(1.2),I,A,Annual,AUT,Austria,BS_SGI_87,Sustainable Governance Indicators: Old Age Dependency Ratio,_T,Total,_T,All age ranges or no breakdown by age,_T,Total,IX_0T10,Score 0-10,_Z,Not Applicable,_Z,Not Applicable,_Z,Not Applicable,2014,4.208646616541354,BS_SGI,Sustainable Governance Indicators (SGI),0,Units,IX,Index,602,CCYY,,A,Normal value,PU,Public
datastructure,WB.DATA360:DS_DATA360(1.2),I,A,Annual,BEL,Belgium,BS_SGI_87,Sustainable Governance Indicators: Old Age Dependency Ratio,_T,Total,_T,All age ranges or no breakdown by age,_T,Total,IX_0T10,Score 0-10,_Z,Not Applicable,_Z,Not Applicable,_Z,Not Applicable,2014,4.265037593984962,BS_SGI,Sustainable Governance Indicators (SGI),0,Units,IX,Index,602,CCYY,,A,Normal value,PU,Public
datastructure,WB.DATA360:DS_DATA360(1.2),I,A,Annual,BGR,Bulgaria,BS_SGI_87,Sustainable Governance Indicators: Old Age Dependency Ratio,_T,Total,_T,All age ranges or no breakdown by age,_T,Total,IX_0T10,Score 0-10,_Z,Not Applicable,_Z,Not Applicable,_Z,Not Applicable,2014,3.828007518796992,BS_SGI,Sustainable Governance Indicators (SGI),0,Units,IX,Index,602,CCYY,,A,Normal value,PU,Public
datastructure,WB.DATA360:DS_DATA360(1.2),I,A,Annual,CAN,Canada,BS_SGI_87,Sustainable Governance Indicators: Old Age Dependency Ratio,_T,Total,_T,All age ranges or no breakdown by age,_T,Total,IX_0T10,Score 0-10,_Z,Not Applicable,_Z,Not Applicable,_Z,Not Applicable,2014,5.705827067669174,BS_SGI,Sustainable Governance Indicators (SGI),0,Units,IX,Index,602,CCYY,,A,Normal value,PU,Public
datastructure,WB.DATA360:DS_DATA360(1.2),I,A,Annual,CHL,Chile,BS_SGI_87,Sustainable Governance Indicators: Old Age Dependency Ratio,_T,Total,_T,All age ranges or no breakdown by age,_T,Total,IX_0T10,Score 0-10,_Z,Not Applicable,_Z,Not Applicable,_Z,Not Applicable,2014,7.848684210526315,BS_SGI,Sustainable Governance Indicators (SGI),0,Units,IX,Index,602,CCYY,,A,Normal value,PU,Public
datastructure,WB.DATA360:DS_DATA360(1.2),I,A,Annual,HRV,Croatia,BS_SGI_87,Sustainable Governance Indicators: Old Age Dependency Ratio,_T,Total,_T,All age ranges or no breakdown by age,_T,Total,IX_0T10,Score 0-10,_Z,Not Applicable,_Z,Not Applicable,_Z,Not Applicable,2014,4.0817669172932325,BS_SGI,Sustainable Governance Indicators (SGI),0,Units,IX,Index,602,CCYY,,A,Normal value,PU,Public
datastructure,WB.DATA360:DS_DATA360(1.2),I,A,Annual,CYP,Cyprus,BS_SGI_87,Sustainable Governance Indicators: Old Age Dependency Ratio,_T,Total,_T,All age ranges or no breakdown by age,_T,Total,IX_0T10,Score 0-10,_Z,Not Applicable,_Z,Not Applicable,_Z,Not Applicable,2014,7.064849624060152,BS_SGI,Sustainable Governance Indicators (SGI),0,Units,IX,Index,602,CCYY,,A,Normal value,PU,Public
datastructure,WB.DATA360:DS_DATA360(1.2),I,A,Annual,CZE,Czechia,BS_SGI_87,Sustainable Governance Indicators: Old Age Dependency Ratio,_T,Total,_T,All age ranges or no breakdown by age,_T,Total,IX_0T10,Score 0-10,_Z,Not Applicable,_Z,Not Applicable,_Z,Not Applicable,2014,4.955827067669173,BS_SGI,Sustainable Governance Indicators (SGI),0,Units,IX,Index,602,CCYY,,A,Normal value,PU,Public
datastructure,WB.DATA360:DS_DATA360(1.2),I,A,Annual,DNK,Denmark,BS_SGI_87,Sustainable Governance Indicators: Old Age Dependency Ratio,_T,Total,_T,All age ranges or no breakdown by age,_T,Total,IX_0T10,Score 0-10,_Z,Not Applicable,_Z,Not Applicable,_Z,Not Applicable,2014,4.0930451127819545,BS_SGI,Sustainable Governance Indicators (SGI),0,Units,IX,Index,602,CCYY,,A,Normal value,PU,Public
datastructure,WB.DATA360:DS_DATA360(1.2),I,A,Annual,EST,Estonia,BS_SGI_87,Sustainable Governance Indicators: Old Age Dependency Ratio,_T,Total,_T,All age ranges or no breakdown by age,_T,Total,IX_0T10,Score 0-10,_Z,Not Applicable,_Z,Not Applicable,_Z,Not Applicable,2014,4.155075187969926,BS_SGI,Sustainable Governance Indicators (SGI),0,Units,IX,Index,602,CCYY,,A,Normal value,PU,Public
datastructure,WB.DATA360:DS_DATA360(1.2),I,A,Annual,FIN,Finland,BS_SGI_87,Sustainable Governance Indicators: Old Age Dependency Ratio,_T,Total,_T,All age ranges or no breakdown by age,_T,Total,IX_0T10,Score 0-10,_Z,Not Applicable,_Z,Not Applicable,_Z,Not Applicable,2014,3.647556390977444,BS_SGI,Sustainable Governance Indicators (SGI),0,Units,IX,Index,602,CCYY,,A,Normal value,PU,Public
datastructure,WB.DATA360:DS_DATA360(1.2),I,A,Annual,FRA,France,BS_SGI_87,Sustainable Governance Indicators: Old Age Dependency Ratio,_T,Total,_T,All age ranges or no breakdown by age,_T,Total,IX_0T10,Score 0-10,_Z,Not Applicable,_Z,Not Applicable,_Z,Not Applicable,2014,3.980263157894736,BS_SGI,Sustainable Governance Indicators (SGI),0,Units,IX,Index,602,CCYY,,A,Normal value,PU,Public
datastructure,WB.DATA360:DS_DATA360(1.2),I,A,Annual,DEU,Germany,BS_SGI_87,Sustainable Governance Indicators: Old Age Dependency Ratio,_T,Total,_T,All age ranges or no breakdown by age,_T,Total,IX_0T10,Score 0-10,_Z,Not Applicable,_Z,Not Applicable,_Z,Not Applicable,2014,2.970864661654136,BS_SGI,Sustainable Governance Indicators (SGI),0,Units,IX,Index,602,CCYY,,A,Normal value,PU,Public
datastructure,WB.DATA360:DS_DATA360(1.2),I,A,Annual,GRC,Greece,BS_SGI_87,Sustainable Governance Indicators: Old Age Dependency Ratio,_T,Total,_T,All age ranges or no breakdown by age,_T,Total,IX_0T10,Score 0-10,_Z,Not Applicable,_Z,Not Applicable,_Z,Not Applicable,2014,3.241541353383459,BS_SGI,Sustainable Governance Indicators (SGI),0,Units,IX,Index,602,CCYY,,A,Normal value,PU,Public
datastructure,WB.DATA360:DS_DATA360(1.2),I,A,Annual,HUN,Hungary,BS_SGI_87,Sustainable Governance Indicators: Old Age Dependency Ratio,_T,Total,_T,All age ranges or no breakdown by age,_T,Total,IX_0T10,Score 0-10,_Z,Not Applicable,_Z,Not Applicable,_Z,Not Applicable,2014,5.043233082706768,BS_SGI,Sustainable Governance Indicators (SGI),0,Units,IX,Index,602,CCYY,,A,Normal value,PU,Public
datastructure,WB.DATA360:DS_DATA360(1.2),I,A,Annual,ISL,Iceland,BS_SGI_87,Sustainable Governance Indicators: Old Age Dependency Ratio,_T,Total,_T,All age ranges or no breakdown by age,_T,Total,IX_0T10,Score 0-10,_Z,Not Applicable,_Z,Not Applicable,_Z,Not Applicable,2014,6.469924812030075,BS_SGI,Sustainable Governance Indicators (SGI),0,Units,IX,Index,602,CCYY,,A,Normal value,PU,Public
datastructure,WB.DATA360:DS_DATA360(1.2),I,A,Annual,IRL,Ireland,BS_SGI_87,Sustainable Governance Indicators: Old Age Dependency Ratio,_T,Total,_T,All age ranges or no breakdown by age,_T,Total,IX_0T10,Score 0-10,_Z,Not Applicable,_Z,Not Applicable,_Z,Not Applicable,2014,6.847744360902255,BS_SGI,Sustainable Governance Indicators (SGI),0,Units,IX,Index,602,CCYY,,A,Normal value,PU,Public
datastructure,WB.DATA360:DS_DATA360(1.2),I,A,Annual,ISR,Israel,BS_SGI_87,Sustainable Governance Indicators: Old Age Dependency Ratio,_T,Total,_T,All age ranges or no breakdown by age,_T,Total,IX_0T10,Score 0-10,_Z,Not Applicable,_Z,Not Applicable,_Z,Not Applicable,2014,6.983082706766917,BS_SGI,Sustainable Governance Indicators (SGI),0,Units,IX,Index,602,CCYY,,A,Normal value,PU,Public
datastructure,WB.DATA360:DS_DATA360(1.2),I,A,Annual,ITA,Italy,BS_SGI_87,Sustainable Governance Indicators: Old Age Dependency Ratio,_T,Total,_T,All age ranges or no breakdown by age,_T,Total,IX_0T10,Score 0-10,_Z,Not Applicable,_Z,Not Applicable,_Z,Not Applicable,2014,2.677631578947369,BS_SGI,Sustainable Governance Indicators (SGI),0,Units,IX,Index,602,CCYY,,A,Normal value,PU,Public
datastructure,WB.DATA360:DS_DATA360(1.2),I,A,Annual,JPN,Japan,BS_SGI_87,Sustainable Governance Indicators: Old Age Dependency Ratio,_T,Total,_T,All age ranges or no breakdown by age,_T,Total,IX_0T10,Score 0-10,_Z,Not Applicable,_Z,Not Applicable,_Z,Not Applicable,2014,1.0,BS_SGI,Sustainable Governance Indicators (SGI),0,Units,IX,Index,602,CCYY,,A,Normal value,PU,Public
datastructure,WB.DATA360:DS_DATA360(1.2),I,A,Annual,LVA,Latvia,BS_SGI_87,Sustainable Governance Indicators: Old Age Dependency Ratio,_T,Total,_T,All age ranges or no breakdown by age,_T,Total,IX_0T10,Score 0-10,_Z,Not Applicable,_Z,Not Applicable,_Z,Not Applicable,2014,3.8759398496240616,BS_SGI,Sustainable Governance Indicators (SGI),0,Units,IX,Index,602,CCYY,,A,Normal value,PU,Public
datastructure,WB.DATA360:DS_DATA360(1.2),I,A,Annual,LTU,Lithuania,BS_SGI_87,Sustainable Governance Indicators: Old Age Dependency Ratio,_T,Total,_T,All age ranges or no breakdown by age,_T,Total,IX_0T10,Score 0-10,_Z,Not Applicable,_Z,Not Applicable,_Z,Not Applicable,2014,4.363721804511277,BS_SGI,Sustainable Governance Indicators (SGI),0,Units,IX,Index,602,CCYY,,A,Normal value,PU,Public
datastructure,WB.DATA360:DS_DATA360(1.2),I,A,Annual,LUX,Luxembourg,BS_SGI_87,Sustainable Governance Indicators: Old Age Dependency Ratio,_T,Total,_T,All age ranges or no breakdown by age,_T,Total,IX_0T10,Score 0-10,_Z,Not Applicable,_Z,Not Applicable,_Z,Not Applicable,2014,6.2669172932330826,BS_SGI,Sustainable Governance Indicators (SGI),0,Units,IX,Index,602,CCYY,,A,Normal value,PU,Public
datastructure,WB.DATA360:DS_DATA360(1.2),I,A,Annual,MLT,Malta,BS_SGI_87,Sustainable Governance Indicators: Old Age Dependency Ratio,_T,Total,_T,All age ranges or no breakdown by age,_T,Total,IX_0T10,Score 0-10,_Z,Not Applicable,_Z,Not Applicable,_Z,Not Applicable,2014,4.693609022556391,BS_SGI,Sustainable Governance Indicators (SGI),0,Units,IX,Index,602,CCYY,,A,Normal value,PU,Public
datastructure,WB.DATA360:DS_DATA360(1.2),I,A,Annual,MEX,Mexico,BS_SGI_87,Sustainable Governance Indicators: Old Age Dependency Ratio,_T,Total,_T,All age ranges or no breakdown by age,_T,Total,IX_0T10,Score 0-10,_Z,Not Applicable,_Z,Not Applicable,_Z,Not Applicable,2014,9.162593984962406,BS_SGI,Sustainable Governance Indicators (SGI),0,Units,IX,Index,602,CCYY,,A,Normal value,PU,Public
datastructure,WB.DATA360:DS_DATA360(1.2),I,A,Annual,NLD,Netherlands,BS_SGI_87,Sustainable Governance Indicators: Old Age Dependency Ratio,_T,Total,_T,All age ranges or no breakdown by age,_T,Total,IX_0T10,Score 0-10,_Z,Not Applicable,_Z,Not Applicable,_Z,Not Applicable,2014,4.718984962406016,BS_SGI,Sustainable Governance Indicators (SGI),0,Units,IX,Index,602,CCYY,,A,Normal value,PU,Public
datastructure,WB.DATA360:DS_DATA360(1.2),I,A,Annual,NZL,New Zealand,BS_SGI_87,Sustainable Governance Indicators: Old Age Dependency Ratio,_T,Total,_T,All age ranges or no breakdown by age,_T,Total,IX_0T10,Score 0-10,_Z,Not Applicable,_Z,Not Applicable,_Z,Not Applicable,2014,5.976503759398496,BS_SGI,Sustainable Governance Indicators (SGI),0,Units,IX,Index,602,CCYY,,A,Normal value,PU,Public
datastructure,WB.DATA360:DS_DATA360(1.2),I,A,Annual,NOR,Norway,BS_SGI_87,Sustainable Governance Indicators: Old Age Dependency Ratio,_T,Total,_T,All age ranges or no breakdown by age,_T,Total,IX_0T10,Score 0-10,_Z,Not Applicable,_Z,Not Applicable,_Z,Not Applicable,2014,5.2293233082706765,BS_SGI,Sustainable Governance Indicators (SGI),0,Units,IX,Index,602,CCYY,,A,Normal value,PU,Public
datastructure,WB.DATA360:DS_DATA360(1.2),I,A,Annual,POL,Poland,BS_SGI_87,Sustainable Governance Indicators: Old Age Dependency Ratio,_T,Total,_T,All age ranges or no breakdown by age,_T,Total,IX_0T10,Score 0-10,_Z,Not Applicable,_Z,Not Applicable,_Z,Not Applicable,2014,6.075187969924812,BS_SGI,Sustainable Governance Indicators (SGI),0,Units,IX,Index,602,CCYY,,A,Normal value,PU,Public
datastructure,WB.DATA360:DS_DATA360(1.2),I,A,Annual,PRT,Portugal,BS_SGI_87,Sustainable Governance Indicators: Old Age Dependency Ratio,_T,Total,_T,All age ranges or no breakdown by age,_T,Total,IX_0T10,Score 0-10,_Z,Not Applicable,_Z,Not Applicable,_Z,Not Applicable,2014,3.416353383458647,BS_SGI,Sustainable Governance Indicators (SGI),0,Units,IX,Index,602,CCYY,,A,Normal value,PU,Public
datastructure,WB.DATA360:DS_DATA360(1.2),I,A,Annual,ROU,Romania,BS_SGI_87,Sustainable Governance Indicators: Old Age Dependency Ratio,_T,Total,_T,All age ranges or no breakdown by age,_T,Total,IX_0T10,Score 0-10,_Z,Not Applicable,_Z,Not Applicable,_Z,Not Applicable,2014,5.18984962406015,BS_SGI,Sustainable Governance Indicators (SGI),0,Units,IX,Index,602,CCYY,,A,Normal value,PU,Public
datastructure,WB.DATA360:DS_DATA360(1.2),I,A,Annual,SVK,Slovak Republic,BS_SGI_87,Sustainable Governance Indicators: Old Age Dependency Ratio,_T,Total,_T,All age ranges or no breakdown by age,_T,Total,IX_0T10,Score 0-10,_Z,Not Applicable,_Z,Not Applicable,_Z,Not Applicable,2014,6.706766917293233,BS_SGI,Sustainable Governance Indicators (SGI),0,Units,IX,Index,602,CCYY,,A,Normal value,PU,Public
datastructure,WB.DATA360:DS_DATA360(1.2),I,A,Annual,SVN,Slovenia,BS_SGI_87,Sustainable Governance Indicators: Old Age Dependency Ratio,_T,Total,_T,All age ranges or no breakdown by age,_T,Total,IX_0T10,Score 0-10,_Z,Not Applicable,_Z,Not Applicable,_Z,Not Applicable,2014,4.786654135338345,BS_SGI,Sustainable Governance Indicators (SGI),0,Units,IX,Index,602,CCYY,,A,Normal value,PU,Public
datastructure,WB.DATA360:DS_DATA360(1.2),I,A,Annual,KOR,"Korea, Rep.",BS_SGI_87,Sustainable Governance Indicators: Old Age Dependency Ratio,_T,Total,_T,All age ranges or no breakdown by age,_T,Total,IX_0T10,Score 0-10,_Z,Not Applicable,_Z,Not Applicable,_Z,Not Applicable,2014,7.355263157894736,BS_SGI,Sustainable Governance Indicators (SGI),0,Units,IX,Index,602,CCYY,,A,Normal value,PU,Public
datastructure,WB.DATA360:DS_DATA360(1.2),I,A,Annual,ESP,Spain,BS_SGI_87,Sustainable Governance Indicators: Old Age Dependency Ratio,_T,Total,_T,All age ranges or no breakdown by age,_T,Total,IX_0T10,Score 0-10,_Z,Not Applicable,_Z,Not Applicable,_Z,Not Applicable,2014,4.394736842105263,BS_SGI,Sustainable Governance Indicators (SGI),0,Units,IX,Index,602,CCYY,,A,Normal value,PU,Public
datastructure,WB.DATA360:DS_DATA360(1.2),I,A,Annual,SWE,Sweden,BS_SGI_87,Sustainable Governance Indicators: Old Age Dependency Ratio,_T,Total,_T,All age ranges or no breakdown by age,_T,Total,IX_0T10,Score 0-10,_Z,Not Applicable,_Z,Not Applicable,_Z,Not Applicable,2014,3.531954887218045,BS_SGI,Sustainable Governance Indicators (SGI),0,Units,IX,Index,602,CCYY,,A,Normal value,PU,Public
datastructure,WB.DATA360:DS_DATA360(1.2),I,A,Annual,CHE,Switzerland,BS_SGI_87,Sustainable Governance Indicators: Old Age Dependency Ratio,_T,Total,_T,All age ranges or no breakdown by age,_T,Total,IX_0T10,Score 0-10,_Z,Not Applicable,_Z,Not Applicable,_Z,Not Applicable,2014,4.62312030075188,BS_SGI,Sustainable Governance Indicators (SGI),0,Units,IX,Index,602,CCYY,,A,Normal value,PU,Public
datastructure,WB.DATA360:DS_DATA360(1.2),I,A,Annual,TUR,Turkiye,BS_SGI_87,Sustainable Governance Indicators: Old Age Dependency Ratio,_T,Total,_T,All age ranges or no breakdown by age,_T,Total,IX_0T10,Score 0-10,_Z,Not Applicable,_Z,Not Applicable,_Z,Not Applicable,2014,8.736842105263158,BS_SGI,Sustainable Governance Indicators (SGI),0,Units,IX,Index,602,CCYY,,A,Normal value,PU,Public
datastructure,WB.DATA360:DS_DATA360(1.2),I,A,Annual,GBR,United Kingdom,BS_SGI_87,Sustainable Governance Indicators: Old Age Dependency Ratio,_T,Total,_T,All age ranges or no breakdown by age,_T,Total,IX_0T10,Score 0-10,_Z,Not Applicable,_Z,Not Applicable,_Z,Not Applicable,2014,4.394736842105263,BS_SGI,Sustainable Governance Indicators (SGI),0,Units,IX,Index,602,CCYY,,A,Normal value,PU,Public
datastructure,WB.DATA360:DS_DATA360(1.2),I,A,Annual,USA,United States,BS_SGI_87,Sustainable Governance Indicators: Old Age Dependency Ratio,_T,Total,_T,All age ranges or no breakdown by age,_T,Total,IX_0T10,Score 0-10,_Z,Not Applicable,_Z,Not Applicable,_Z,Not Applicable,2014,6.052631578947368,BS_SGI,Sustainable Governance Indicators (SGI),0,Units,IX,Index,602,CCYY,,A,Normal value,PU,Public
